# Blender 3.3.1
# www.blender.org
mtllib Temple.mtl
o Box001
v -88.666603 -0.000014 85.378998
v -88.666603 -0.000011 68.062302
v -72.577003 -0.000011 68.062302
v -72.577003 -0.000014 85.378998
v -56.487499 -0.000011 68.062302
v -56.487499 -0.000014 85.378998
v -40.397999 -0.000011 68.062302
v -40.397999 -0.000014 85.378998
v -24.308500 -0.000011 68.062302
v -24.308500 -0.000014 85.378998
v -8.218900 -0.000011 68.062302
v -8.218900 -0.000014 85.378998
v 7.870600 -0.000011 68.062302
v 7.870600 -0.000014 85.378998
v 23.960100 -0.000011 68.062302
v 23.960100 -0.000014 85.378998
v 40.049599 -0.000011 68.062302
v 40.049599 -0.000014 85.378998
v 56.139099 -0.000011 68.062302
v 56.139099 -0.000014 85.378998
v 72.228699 -0.000011 68.062302
v 72.228699 -0.000014 85.378998
v -88.666603 -0.000008 50.745701
v -72.577003 -0.000008 50.745701
v -56.487499 -0.000008 50.745701
v -40.397999 -0.000008 50.745701
v -24.308500 -0.000008 50.745701
v -8.218900 -0.000008 50.745701
v 7.870600 -0.000008 50.745701
v 23.960100 -0.000008 50.745701
v 40.049599 -0.000008 50.745701
v 56.139099 -0.000008 50.745701
v 72.228699 -0.000008 50.745701
v -88.666603 -0.000005 33.429100
v -72.577003 -0.000005 33.429100
v -56.487499 -0.000005 33.429100
v -40.397999 -0.000005 33.429100
v -24.308500 -0.000005 33.429100
v -8.218900 -0.000005 33.429100
v 7.870600 -0.000005 33.429100
v 23.960100 -0.000005 33.429100
v 40.049599 -0.000005 33.429100
v 56.139099 -0.000005 33.429100
v 72.228699 -0.000005 33.429100
v -88.666603 -0.000003 16.112499
v -72.577003 -0.000003 16.112499
v -56.487499 -0.000003 16.112499
v -40.397999 -0.000003 16.112499
v -24.308500 -0.000003 16.112499
v -8.218900 -0.000003 16.112499
v 7.870600 -0.000003 16.112499
v 23.960100 -0.000003 16.112499
v 40.049599 -0.000003 16.112499
v 56.139099 -0.000003 16.112499
v 72.228699 -0.000003 16.112499
v -88.666603 0.000000 -1.204100
v -72.577003 0.000000 -1.204100
v -56.487499 0.000000 -1.204100
v -40.397999 0.000000 -1.204100
v -24.308500 0.000000 -1.204100
v -8.218900 0.000000 -1.204100
v 7.870600 0.000000 -1.204100
v 23.960100 0.000000 -1.204100
v 40.049599 0.000000 -1.204100
v 56.139099 0.000000 -1.204100
v 72.228699 0.000000 -1.204100
v -88.666603 0.000003 -18.520700
v -72.577003 0.000003 -18.520700
v -56.487499 0.000003 -18.520700
v -40.397999 0.000003 -18.520700
v -24.308500 0.000003 -18.520700
v -8.218900 0.000003 -18.520700
v 7.870600 0.000003 -18.520700
v 23.960100 0.000003 -18.520700
v 40.049599 0.000003 -18.520700
v 56.139099 0.000003 -18.520700
v 72.228699 0.000003 -18.520700
v -88.666603 0.000006 -35.837299
v -72.577003 0.000006 -35.837299
v -56.487499 0.000006 -35.837299
v -40.397999 0.000006 -35.837299
v -24.308500 0.000006 -35.837299
v -8.218900 0.000006 -35.837299
v 7.870600 0.000006 -35.837299
v 23.960100 0.000006 -35.837299
v 40.049599 0.000006 -35.837299
v 56.139099 0.000006 -35.837299
v 72.228699 0.000006 -35.837299
v -88.666603 0.000009 -53.153900
v -72.577003 0.000009 -53.153900
v -56.487499 0.000009 -53.153900
v -40.397999 0.000009 -53.153900
v -24.308500 0.000009 -53.153900
v -8.218900 0.000009 -53.153900
v 7.870600 0.000009 -53.153900
v 23.960100 0.000009 -53.153900
v 40.049599 0.000009 -53.153900
v 56.139099 0.000009 -53.153900
v 72.228699 0.000009 -53.153900
v -88.666603 0.000011 -70.470497
v -72.577003 0.000011 -70.470497
v -56.487499 0.000011 -70.470497
v -40.397999 0.000011 -70.470497
v -24.308500 0.000011 -70.470497
v -8.218900 0.000011 -70.470497
v 7.870600 0.000011 -70.470497
v 23.960100 0.000011 -70.470497
v 40.049599 0.000011 -70.470497
v 56.139099 0.000011 -70.470497
v 72.228699 0.000011 -70.470497
v -88.666603 0.000014 -87.787102
v -72.577003 0.000014 -87.787102
v -56.487499 0.000014 -87.787102
v -40.397999 0.000014 -87.787102
v -24.308500 0.000014 -87.787102
v -8.218900 0.000014 -87.787102
v 7.870600 0.000014 -87.787102
v 23.960100 0.000014 -87.787102
v 40.049599 0.000014 -87.787102
v 56.139099 0.000014 -87.787102
v 72.228699 0.000014 -87.787102
v -88.666603 3.049986 85.378998
v -72.577003 3.049986 85.378998
v -72.577003 3.049989 68.062302
v -88.666603 3.049989 68.062302
v -56.487499 3.049986 85.378998
v -56.487499 3.049989 68.062302
v -40.397999 3.049986 85.378998
v -40.397999 3.049989 68.062302
v -24.308500 3.049986 85.378998
v -24.308500 3.049989 68.062302
v -8.218900 3.049986 85.378998
v -8.218900 3.049989 68.062302
v 7.870600 3.049986 85.378998
v 7.870600 3.049989 68.062302
v 23.960100 3.049986 85.378998
v 23.960100 3.049989 68.062302
v 40.049599 3.049986 85.378998
v 40.049599 3.049989 68.062302
v 56.139099 3.049986 85.378998
v 56.139099 3.049989 68.062302
v 72.228699 3.049986 85.378998
v 72.228699 3.049989 68.062302
v -72.577003 3.049992 50.745701
v -88.666603 3.049992 50.745701
v -56.487499 3.049992 50.745701
v -40.397999 3.049992 50.745701
v -24.308500 3.049992 50.745701
v -8.218900 3.049992 50.745701
v 23.960100 3.049992 50.745701
v 7.870600 3.049992 50.745701
v 40.049599 3.049992 50.745701
v 56.139099 3.049992 50.745701
v 72.228699 3.049992 50.745701
v -72.577003 3.049994 33.429100
v -88.666603 3.049994 33.429100
v -56.487499 3.049994 33.429100
v -40.397999 3.049994 33.429100
v -24.308500 3.049994 33.429100
v -8.218900 3.049994 33.429100
v 7.870600 3.049994 33.429100
v 23.960100 3.049994 33.429100
v 40.049599 3.049994 33.429100
v 56.139099 3.049994 33.429100
v 72.228699 3.049994 33.429100
v -72.577003 3.049997 16.112499
v -88.666603 3.049997 16.112499
v -56.487499 3.049997 16.112499
v -52.937199 23.748693 29.878904
v -40.397999 23.748693 29.878904
v -40.397999 23.748697 16.112503
v -52.937199 23.748697 16.112503
v -26.503901 101.702003 15.984817
v -22.625601 101.702003 15.984817
v -22.625601 101.702003 14.429716
v -26.503901 101.702003 14.429716
v -24.308500 23.748693 29.878904
v -8.218900 23.748693 29.878904
v -8.218900 23.748697 16.112503
v -24.308500 23.748697 16.112503
v 7.870600 23.748693 29.878904
v 7.870600 23.748697 16.112503
v 23.960100 23.748693 29.878904
v 23.960100 23.748697 16.112503
v 22.277300 101.702003 15.984817
v 26.155500 101.702003 15.984817
v 26.155500 101.702003 14.429716
v 22.277100 101.702003 14.429716
v 40.049599 23.748693 29.878904
v 52.588902 23.748693 29.878904
v 52.588902 23.748697 16.112503
v 40.049599 23.748697 16.112503
v 72.228699 3.049997 16.112499
v 56.139099 3.049997 16.112499
v -72.577003 3.050000 -1.204100
v -88.666603 3.050000 -1.204100
v -56.487499 3.050000 -1.204100
v -40.397999 23.748699 -1.204096
v -52.937199 23.748699 -1.204096
v -24.308500 23.748699 -1.204096
v -8.218900 23.748699 -1.204096
v 7.870600 23.748699 -1.204096
v 23.960100 23.748699 -1.204096
v 23.960100 22.316298 16.112503
v 38.617199 22.316298 16.112503
v 38.617199 22.316299 -1.204096
v 23.960100 22.316299 -1.204096
v 40.059502 16.469297 16.106302
v 45.301399 16.459297 16.105602
v 45.315399 16.497499 -1.207397
v 40.065498 16.469299 -1.207097
v 72.228699 3.050000 -1.204100
v 56.139099 3.050000 -1.204100
v -72.577003 3.050003 -18.520700
v -88.666603 3.050003 -18.520700
v -56.487499 3.050003 -18.520700
v -40.397999 23.748703 -18.520697
v -52.937199 23.748703 -18.520697
v -24.308500 23.748703 -18.520697
v -8.218900 23.748703 -18.520697
v 7.870600 23.748703 -18.520697
v 23.960100 23.748703 -18.520697
v 38.617199 22.316303 -18.520697
v 23.960100 22.316303 -18.520697
v 45.308800 16.489204 -18.520298
v 40.071400 16.469303 -18.520498
v 72.228699 3.050003 -18.520700
v 56.139099 3.050003 -18.520700
v -72.577003 3.050006 -35.837299
v -88.666603 3.050006 -35.837299
v -56.487499 3.050006 -35.837299
v -40.397999 23.748705 -32.286995
v -52.937199 23.748705 -32.286995
v -26.503901 101.702003 -16.837782
v -22.625601 101.702003 -16.837782
v -22.625601 101.702003 -18.392883
v -26.503901 101.702003 -18.392883
v -8.218900 23.748705 -32.286995
v -24.308500 23.748705 -32.286995
v 7.870600 23.748705 -32.286995
v 23.960100 23.748705 -32.286995
v 22.277100 101.702003 -16.837782
v 26.155500 101.702003 -16.837782
v 26.155500 101.702003 -18.392883
v 22.277300 101.702003 -18.392883
v 40.049599 23.748703 -18.520697
v 52.588902 23.748703 -18.520697
v 52.588902 23.748705 -32.286995
v 40.049599 23.748705 -32.286995
v 72.228699 3.050006 -35.837299
v 56.139099 3.050006 -35.837299
v -72.577003 3.050009 -53.153900
v -88.666603 3.050009 -53.153900
v -56.487499 3.050009 -53.153900
v -40.397999 3.050006 -35.837299
v -40.397999 3.050009 -53.153900
v -24.308500 3.050006 -35.837299
v -24.308500 3.050009 -53.153900
v -8.218900 3.050006 -35.837299
v -8.218900 3.050009 -53.153900
v 7.870600 3.050006 -35.837299
v 7.870600 3.050009 -53.153900
v 23.960100 3.050006 -35.837299
v 23.960100 3.050009 -53.153900
v 40.049599 3.050006 -35.837299
v 40.049599 3.050009 -53.153900
v 56.139099 3.050009 -53.153900
v 72.228699 3.050009 -53.153900
v -72.577003 3.050011 -70.470497
v -88.666603 3.050011 -70.470497
v -56.487499 3.050011 -70.470497
v -40.397999 3.050011 -70.470497
v -24.308500 3.050011 -70.470497
v -8.218900 3.050011 -70.470497
v 23.960100 3.050011 -70.470497
v 7.870600 3.050011 -70.470497
v 40.049599 3.050011 -70.470497
v 56.139099 3.050011 -70.470497
v 72.228699 3.050011 -70.470497
v -72.577003 3.050014 -87.787102
v -88.666603 3.050014 -87.787102
v -56.487499 3.050014 -87.787102
v -40.397999 3.050014 -87.787102
v -24.308500 3.050014 -87.787102
v -8.218900 3.050014 -87.787102
v 7.870600 3.050014 -87.787102
v 23.960100 3.050014 -87.787102
v 40.049599 3.050014 -87.787102
v 56.139099 3.050014 -87.787102
v 72.228699 3.050014 -87.787102
v -40.397999 5.298595 33.429100
v -56.487499 5.298595 33.429100
v -24.308500 5.298595 33.429100
v -8.218900 5.298595 33.429100
v 7.870600 5.298595 33.429100
v 23.960100 5.298595 33.429100
v 40.049599 5.298595 33.429100
v 56.139099 5.298595 33.429100
v 56.139099 5.298597 16.112499
v 56.139099 5.298600 -1.204099
v 56.139099 5.298603 -18.520700
v 56.139099 5.298606 -35.837299
v 40.049599 5.298606 -35.837299
v 23.960100 5.298606 -35.837299
v 7.870600 5.298606 -35.837299
v -8.218900 5.298606 -35.837299
v -24.308500 5.298606 -35.837299
v -40.397999 5.298606 -35.837299
v -56.487499 5.298606 -35.837299
v -56.487499 5.298603 -18.520700
v -56.487499 5.298600 -1.204099
v -56.487499 5.298597 16.112499
v -40.397999 5.298595 31.653999
v -54.712399 5.298595 31.653999
v -24.308500 5.298595 31.653999
v -8.218900 5.298595 31.653999
v 7.870600 5.298595 31.653999
v 23.960100 5.298595 31.653999
v 40.049599 5.298595 31.653999
v 54.363998 5.298595 31.653999
v 54.363998 5.298597 16.112499
v 54.363998 5.298600 -1.204099
v 54.363998 5.298603 -18.520700
v 54.363998 5.298606 -34.062099
v 40.049599 5.298606 -34.062099
v 23.960100 5.298606 -34.062099
v 7.870600 5.298606 -34.062099
v -8.218900 5.298606 -34.062099
v -24.308500 5.298606 -34.062099
v -40.397999 5.298606 -34.062099
v -54.712399 5.298606 -34.062099
v -54.712399 5.298603 -18.520700
v -54.712399 5.298600 -1.204099
v -54.712399 5.298597 16.112499
v -40.397999 7.547295 31.654001
v -54.712399 7.547295 31.654001
v -24.308500 7.547295 31.654001
v -8.218900 7.547295 31.654001
v 7.870600 7.547295 31.654001
v 23.960100 7.547295 31.654001
v 40.049599 7.547295 31.654001
v 54.363998 7.547295 31.654001
v 54.363998 7.547297 16.112501
v 54.363998 7.547300 -1.204099
v 54.363998 7.547303 -18.520699
v 54.363998 7.547306 -34.062099
v 40.049599 7.547306 -34.062099
v 23.960100 7.547306 -34.062099
v 7.870600 7.547306 -34.062099
v -8.218900 7.547306 -34.062099
v -24.308500 7.547306 -34.062099
v -40.397999 7.547306 -34.062099
v -54.712399 7.547306 -34.062099
v -54.712399 7.547303 -18.520699
v -54.712399 7.547300 -1.204099
v -54.712399 7.547297 16.112501
v -40.397999 7.547295 29.878902
v -52.937199 7.547295 29.878902
v -24.308500 7.547295 29.878902
v -8.218900 7.547295 29.878902
v 7.870600 7.547295 29.878902
v 23.960100 7.547295 29.878902
v 40.049599 7.547295 29.878902
v 52.588902 7.547295 29.878902
v 52.588902 7.588997 16.112501
v 52.588902 7.589000 -1.204099
v 52.588902 7.547303 -18.520699
v 52.588902 7.547305 -32.286999
v 40.049599 7.547305 -32.286999
v 23.960100 7.547305 -32.286999
v 7.870600 7.547305 -32.286999
v -8.218900 7.547305 -32.286999
v -24.308500 7.547305 -32.286999
v -40.397999 7.547305 -32.286999
v -52.937199 7.547305 -32.286999
v -52.937199 7.547303 -18.520699
v -52.937199 7.547300 -1.204099
v -52.937199 7.547297 16.112501
v -37.460300 10.484896 26.508202
v -27.246099 10.484896 26.508202
v -27.246099 20.810997 26.508204
v -37.460300 20.810997 26.508204
v 26.897800 10.484896 26.508202
v 37.112000 10.484896 26.508202
v 37.112000 20.810997 26.508204
v 26.897800 20.810997 26.508204
v 52.588902 9.581197 16.112501
v 52.588902 9.581200 -1.204098
v 52.588902 9.539503 -18.520699
v 37.112000 10.484905 -28.916298
v 26.897800 10.484905 -28.916298
v 26.897800 20.811005 -28.916296
v 37.112000 20.811005 -28.916296
v -27.246099 10.484905 -28.916298
v -37.460300 10.484905 -28.916298
v -37.460300 20.811005 -28.916296
v -27.246099 20.811005 -28.916296
v -45.731701 12.043602 -14.024298
v -45.731701 12.043600 -1.204098
v -45.731701 19.252399 -1.204097
v -45.731701 19.252401 -14.024297
v -45.731701 12.043598 11.616202
v -45.731701 19.252398 11.616203
v -52.937199 9.304500 -1.204098
v -52.937199 9.304502 -16.763397
v -52.937199 9.304498 14.355302
v -52.937199 21.991499 14.355304
v -52.937199 21.991501 -1.204096
v -52.937199 21.991503 -16.763395
v -50.535400 9.304500 -1.204098
v -50.535400 9.304502 -16.763397
v -50.535400 9.304498 14.355302
v -50.535400 21.991499 14.355304
v -50.535400 21.991501 -1.204096
v -50.535400 21.991503 -16.763395
v -50.535400 11.061800 -1.204098
v -50.535400 11.061803 -15.006198
v -50.535400 11.061798 12.598001
v -50.535400 20.234198 12.598002
v -50.535400 20.234200 -1.204097
v -50.535400 20.234201 -15.006197
v -48.133598 11.061800 -1.204098
v -48.133598 11.061803 -15.006198
v -48.133598 11.061798 12.598001
v -48.133598 20.234198 12.598002
v -48.133598 20.234200 -1.204097
v -48.133598 20.234201 -15.006197
v -48.133598 12.043600 -1.204098
v -48.133598 12.043602 -14.024298
v -48.133598 12.043598 11.616202
v -48.133598 19.252398 11.616203
v -48.133598 19.252399 -1.204097
v -48.133598 19.252401 -14.024297
v 7.870600 3.799492 47.267899
v 7.870600 6.499790 61.698399
v -8.218900 3.799492 47.267899
v -8.218900 6.499790 61.698399
v 7.870600 4.549093 43.790100
v 7.870600 9.949592 55.334499
v -8.218900 4.549093 43.790100
v -8.218900 9.949592 55.334499
v 7.870600 5.298594 40.312302
v 7.870600 13.399392 48.970604
v -8.218900 5.298594 40.312302
v -8.218900 13.399392 48.970604
v 7.870600 6.048194 36.834499
v 7.870600 16.849092 42.606705
v -8.218900 6.048194 36.834499
v -8.218900 16.849092 42.606705
v 7.870600 6.797695 33.356701
v 7.870600 20.298895 36.242805
v -8.218900 6.797695 33.356701
v -8.218900 20.298895 36.242805
v 7.870600 6.499811 -64.106598
v 7.870600 3.799508 -49.675999
v -8.218900 6.499811 -64.106598
v -8.218900 3.799508 -49.675999
v 7.870600 9.949610 -57.742599
v 7.870600 4.549108 -46.198200
v -8.218900 9.949610 -57.742599
v -8.218900 4.549108 -46.198200
v 7.870600 13.399408 -51.378696
v 7.870600 5.298607 -42.720402
v -8.218900 13.399408 -51.378696
v -8.218900 5.298607 -42.720402
v 7.870600 16.849108 -45.014797
v 7.870600 6.048206 -39.242599
v -8.218900 16.849108 -45.014797
v -8.218900 6.048206 -39.242599
v 7.870600 20.298906 -38.650898
v 7.870600 6.797706 -35.764801
v -8.218900 20.298906 -38.650898
v -8.218900 6.797706 -35.764801
v -39.010799 24.834196 28.491703
v -39.010799 24.834198 17.499804
v -25.695700 24.834196 28.491703
v -25.695700 24.834198 17.499804
v 25.347300 24.834196 28.491703
v 25.347300 24.834198 17.499804
v 38.662399 24.834196 28.491703
v 38.662399 24.834198 17.499804
v -25.695700 24.834204 -19.907896
v -39.010799 24.834204 -19.907896
v -25.695700 24.834206 -30.899796
v -39.010799 24.834206 -30.899796
v 38.662399 24.834204 -19.907896
v 25.347300 24.834204 -19.907896
v 38.662399 24.834206 -30.899796
v 25.347300 24.834206 -30.899796
v -39.010799 25.920397 28.491703
v -39.010799 25.920399 17.499804
v -25.695700 25.920397 28.491703
v -25.695700 25.920399 17.499804
v 25.347300 25.920397 28.491703
v 25.347300 25.920399 17.499804
v 38.662399 25.920397 28.491703
v 38.662399 25.920399 17.499804
v -25.695700 25.920404 -19.907896
v -39.010799 25.920404 -19.907896
v -25.695700 25.920406 -30.899796
v -39.010799 25.920406 -30.899796
v 38.662399 25.920404 -19.907896
v 25.347300 25.920404 -19.907896
v 38.662399 25.920406 -30.899796
v 25.347300 25.920406 -30.899796
v -40.290600 25.920399 16.220003
v -40.290600 25.920395 29.771404
v -40.290600 27.006495 29.771404
v -40.290600 27.006498 16.220003
v -24.415899 25.920395 29.771404
v -24.415899 27.006495 29.771404
v -24.415899 25.920399 16.220003
v -24.415899 27.006498 16.220003
v 24.067499 25.920399 16.220003
v 24.067499 25.920395 29.771404
v 24.067499 27.006495 29.771404
v 24.067499 27.006498 16.220003
v 39.942200 25.920395 29.771404
v 39.942200 27.006495 29.771404
v 39.942200 25.920399 16.220003
v 39.942200 27.006498 16.220003
v -40.290600 25.920404 -18.628096
v -24.415899 25.920404 -18.628096
v -24.415899 27.006504 -18.628096
v -40.290600 27.006504 -18.628096
v -24.415899 25.920406 -32.179596
v -24.415899 27.006506 -32.179596
v -40.290600 25.920406 -32.179596
v -40.290600 27.006506 -32.179596
v 24.067499 25.920404 -18.628096
v 39.942200 25.920404 -18.628096
v 39.942200 27.006504 -18.628096
v 24.067499 27.006504 -18.628096
v 39.942200 25.920406 -32.179596
v 39.942200 27.006506 -32.179596
v 24.067499 25.920406 -32.179596
v 24.067499 27.006506 -32.179596
v -39.010799 27.006496 28.491703
v -39.010799 27.006498 17.499804
v -25.695700 27.006498 17.499804
v -25.695700 27.006496 28.491703
v 25.347300 27.006496 28.491703
v 25.347300 27.006498 17.499804
v 38.662399 27.006498 17.499804
v 38.662399 27.006496 28.491703
v -25.695700 27.006504 -19.907896
v -39.010799 27.006504 -19.907896
v -39.010799 27.006506 -30.899796
v -25.695700 27.006506 -30.899796
v 38.662399 27.006504 -19.907896
v 25.347300 27.006504 -19.907896
v 25.347300 27.006506 -30.899796
v 38.662399 27.006506 -30.899796
v -39.010799 28.286297 28.491703
v -39.010799 28.286299 17.499804
v -25.695700 28.286297 28.491703
v -25.695700 28.286299 17.499804
v 25.347300 28.286297 28.491703
v 25.347300 28.286299 17.499804
v 38.662399 28.286297 28.491703
v 38.662399 28.286299 17.499804
v -25.695700 28.286304 -19.907896
v -39.010799 28.286304 -19.907896
v -25.695700 28.286306 -30.899796
v -39.010799 28.286306 -30.899796
v 38.662399 28.286304 -19.907896
v 25.347300 28.286304 -19.907896
v 38.662399 28.286306 -30.899796
v 25.347300 28.286306 -30.899796
v -40.290600 28.286299 16.220003
v -40.290600 28.286295 29.771404
v -40.290600 29.565994 29.771406
v -40.290600 29.565998 16.220005
v -24.415899 28.286295 29.771404
v -24.415899 29.565994 29.771406
v -24.415899 28.286299 16.220003
v -24.415899 29.565998 16.220005
v 24.067499 28.286299 16.220003
v 24.067499 28.286295 29.771404
v 24.067499 29.565994 29.771406
v 24.067499 29.565998 16.220005
v 39.942200 28.286295 29.771404
v 39.942200 29.565994 29.771406
v 39.942200 28.286299 16.220003
v 39.942200 29.565998 16.220005
v -40.290600 28.286304 -18.628096
v -24.415899 28.286304 -18.628096
v -24.415899 29.566004 -18.628094
v -40.290600 29.566004 -18.628094
v -24.415899 28.286306 -32.179596
v -24.415899 29.566006 -32.179596
v -40.290600 28.286306 -32.179596
v -40.290600 29.566006 -32.179596
v 24.067499 28.286304 -18.628096
v 39.942200 28.286304 -18.628096
v 39.942200 29.566004 -18.628094
v 24.067499 29.566004 -18.628094
v 39.942200 28.286306 -32.179596
v 39.942200 29.566006 -32.179596
v 24.067499 28.286306 -32.179596
v 24.067499 29.566006 -32.179596
v -39.010799 29.565996 28.491705
v -39.010799 29.565998 17.499805
v -25.695700 29.565998 17.499805
v -25.695700 29.565996 28.491705
v 25.347300 29.565996 28.491705
v 25.347300 29.565998 17.499805
v 38.662399 29.565998 17.499805
v 38.662399 29.565996 28.491705
v -25.695700 29.566004 -19.907894
v -39.010799 29.566004 -19.907894
v -39.010799 29.566006 -30.899794
v -25.695700 29.566006 -30.899794
v 38.662399 29.566004 -19.907894
v 25.347300 29.566004 -19.907894
v 25.347300 29.566006 -30.899794
v 38.662399 29.566006 -30.899794
v -39.010799 72.510094 28.491711
v -39.010799 72.510101 17.499811
v -25.695700 72.510094 28.491711
v -25.695700 72.510101 17.499811
v 25.347300 72.510094 28.491711
v 25.347300 72.510101 17.499811
v 38.662399 72.510094 28.491711
v 38.662399 72.510101 17.499811
v -25.695700 72.510101 -19.907888
v -39.010799 72.510101 -19.907888
v -25.695700 72.510109 -30.899788
v -39.010799 72.510109 -30.899788
v 38.662399 72.510101 -19.907888
v 25.347300 72.510101 -19.907888
v 38.662399 72.510109 -30.899788
v 25.347300 72.510109 -30.899788
v -42.080799 75.727592 31.561712
v -42.080799 75.727600 14.429712
v -22.625601 75.727592 31.561712
v -22.625601 75.727600 14.429712
v 22.277300 75.727592 31.561712
v 22.277300 75.727600 14.429712
v 41.732399 75.727592 31.561712
v 41.732399 75.727600 14.429712
v -22.625601 75.727600 -16.837788
v -42.080799 75.727600 -16.837788
v -22.625601 75.727608 -33.969788
v -42.080799 75.727608 -33.969788
v 41.732399 75.727600 -16.837788
v 22.277300 75.727600 -16.837788
v 41.732399 75.727608 -33.969788
v 22.277300 75.727608 -33.969788
v -39.853199 78.665298 14.837712
v -39.853199 78.665291 29.032013
v -39.853199 82.240791 29.032013
v -39.853199 82.240799 14.837713
v -23.335699 78.665291 29.032013
v -23.335699 82.240791 29.032013
v -22.625601 82.240799 14.429713
v -22.625601 82.240791 31.561714
v -42.080799 82.240799 14.429713
v 22.277300 82.240791 31.561714
v 22.277300 82.240799 14.429713
v 22.987400 78.665291 29.032013
v 39.504902 78.665291 29.032013
v 39.504902 82.240791 29.032013
v 22.987400 82.240791 29.032013
v 39.504902 78.665298 14.837712
v 39.504902 82.240799 14.837713
v 41.732399 82.240799 14.429713
v -22.625601 82.240799 -16.837786
v -42.080799 82.240799 -16.837786
v -22.625601 82.240807 -33.969784
v -23.335699 78.665306 -31.440187
v -39.853199 78.665306 -31.440187
v -39.853199 82.240807 -31.440187
v -23.335699 82.240807 -31.440187
v -39.853199 78.665298 -17.245787
v -39.853199 82.240799 -17.245787
v 41.732399 82.240799 -16.837786
v 22.277300 82.240799 -16.837786
v 39.504902 78.665298 -17.245787
v 39.504902 78.665306 -31.440187
v 39.504902 82.240807 -31.440187
v 39.504902 82.240799 -17.245787
v 22.987400 78.665306 -31.440187
v 22.987400 82.240807 -31.440187
v 22.277300 82.240807 -33.969784
v -39.853199 85.816193 29.032013
v -39.853199 85.816200 14.837714
v -23.335699 85.816193 29.032013
v 39.504902 85.816193 29.032013
v 22.987400 85.816193 29.032013
v 39.504902 85.816200 14.837714
v -39.853199 85.816208 -31.440187
v -23.335699 85.816208 -31.440187
v -39.853199 85.816200 -17.245787
v 39.504902 85.816208 -31.440187
v 39.504902 85.816200 -17.245787
v 22.987400 85.816208 -31.440187
v -42.080799 88.753899 14.429714
v -42.080799 88.753899 -16.837784
v -22.625601 88.753899 14.429714
v -22.625601 88.753899 -16.837784
v -22.625601 88.753906 -33.969784
v 22.277300 88.753906 -33.969784
v 22.277300 88.753899 14.429714
v 22.277300 88.753899 -16.837784
v 41.732399 88.753899 14.429714
v 41.732399 88.753899 -16.837784
v -22.625601 88.753891 31.561716
v 22.277300 88.753891 31.561716
v -42.080799 88.753891 31.561716
v -35.849201 91.971390 25.330114
v -35.849201 91.971397 14.429715
v -22.625601 91.971390 25.330114
v 22.277300 91.971390 25.330114
v 41.732399 88.753891 31.561716
v 35.500801 91.971390 25.330114
v 35.500801 91.971397 14.429715
v 35.500801 91.971397 -16.837784
v 41.732399 88.753906 -33.969784
v 35.500801 91.971405 -27.738184
v 22.277300 91.971405 -27.738184
v -22.625601 91.971405 -27.738184
v -42.080799 88.753906 -33.969784
v -35.849201 91.971405 -27.738184
v -35.849201 91.971397 -16.837784
v -22.625601 91.971397 -16.837784
v -22.625601 91.971397 14.429715
v 22.277300 91.971397 14.429715
v 22.277300 91.971397 -16.837784
v -35.849201 98.484489 25.330114
v -35.849201 98.484497 14.429716
v -22.625601 98.484489 25.330114
v 22.277300 98.484489 25.330114
v 35.500801 98.484489 25.330114
v 35.500801 98.484497 14.429716
v 35.500801 98.484497 -16.837784
v 35.500801 98.484505 -27.738184
v 22.277300 98.484505 -27.738184
v -22.625601 98.484505 -27.738184
v -35.849201 98.484505 -27.738184
v -35.849201 98.484497 -16.837784
v -22.625601 98.484497 -16.837784
v -22.625601 98.484497 14.429716
v 22.277300 98.484497 14.429716
v 22.277300 98.484497 -16.837784
v -32.735500 98.484497 22.216415
v -32.735500 98.484497 14.429716
v -22.625601 98.484497 22.216415
v 22.277300 98.484497 22.216415
v 32.387199 98.484497 22.216415
v 32.387199 98.484497 14.429716
v 32.387199 98.484497 -16.837784
v 32.387199 98.484505 -24.624485
v 22.277300 98.484505 -24.624485
v -22.625601 98.484505 -24.624485
v -32.735500 98.484505 -24.624485
v -32.735500 98.484497 -16.837784
v 22.277100 98.484497 14.429716
v 22.277100 98.484497 -16.837784
v 50.769001 9.539500 -1.204098
v 50.769001 11.811300 -1.204098
v 50.769001 11.769497 16.112501
v 50.769001 9.539497 16.112501
v 50.769001 9.539503 -18.520699
v 50.769001 11.811303 -18.520699
v 38.617199 21.928900 -1.204096
v 38.617199 21.928904 -18.520697
v 38.617199 21.928898 16.112503
v 48.949100 11.811300 -1.204098
v 48.949100 13.352800 -1.204298
v 48.948601 13.311697 16.112103
v 48.949100 11.769497 16.112501
v 48.949100 11.811303 -18.520699
v 48.949100 13.352803 -18.520699
v 39.201900 21.078203 -18.520697
v 39.201900 21.078600 -1.204097
v 39.204300 20.106501 -1.205197
v 39.206100 20.106104 -18.520697
v 39.201000 21.077599 16.112503
v 39.202499 20.106897 16.110304
v 47.129200 13.352600 -1.204398
v 47.129902 14.445500 -1.204798
v 47.127602 14.404897 16.111101
v 47.128700 13.311297 16.112001
v 47.129299 13.352703 -18.520699
v 47.129299 14.444803 -18.520699
v 39.594799 19.644104 -18.520697
v 39.593102 19.644501 -1.205197
v 39.596600 18.287800 -1.206197
v 39.600399 18.287603 -18.520697
v 39.590801 19.643898 16.110304
v 39.592899 18.288097 16.108303
v 45.310001 14.445600 -1.204998
v 45.307800 14.404597 16.110601
v 45.309399 14.445403 -18.520498
v 40.056301 18.289099 16.108303
v 40.053200 20.108997 16.110304
v 40.049599 21.928898 16.112503
v 40.049599 21.928904 -18.520697
v 40.056702 20.109003 -18.520697
v 40.063801 18.289204 -18.520697
v 39.795502 18.019104 -18.520697
v 39.791801 18.019300 -1.206197
v 39.796200 16.468500 -1.207097
v 39.802200 16.468304 -18.520498
v 39.787800 18.018997 16.108303
v 39.790298 16.468597 16.106302
v 38.617199 21.078199 -1.204097
v 38.617199 21.078197 16.112503
v 38.617199 21.078203 -18.520697
v 39.207500 19.642704 -18.520697
v 39.205601 19.643101 -1.205197
v 39.203800 19.643497 16.110304
v 39.601200 18.018404 -18.520697
v 39.597401 18.018600 -1.206197
v 39.593601 18.018898 16.108303
vn -0.0000 -1.0000 -0.0000
vn -0.0000 1.0000 -0.0000
vn 0.0005 1.0000 0.0004
vn -0.0045 1.0000 0.0007
vn 0.0019 1.0000 -0.0000
vn -0.0041 1.0000 -0.0001
vn -0.0038 1.0000 -0.0000
vn -0.0000 -0.0000 1.0000
vn 1.0000 -0.0000 -0.0000
vn -0.0000 -0.0000 -1.0000
vn -1.0000 -0.0000 -0.0000
vn 0.0235 0.9997 -0.0000
vn 0.0235 0.9997 -0.0024
vn -0.0000 -0.9776 -0.2107
vn -0.0000 0.8791 0.4766
vn -0.0000 0.8791 -0.4766
vn -0.0000 -0.9776 0.2107
vn -0.6163 0.7875 -0.0000
vn -0.0000 0.7875 0.6163
vn 0.6163 0.7875 -0.0000
vn -0.0000 0.7876 -0.6162
vn -0.0000 0.7875 -0.6163
vn -0.7235 -0.6903 -0.0000
vn -0.0000 -0.6903 0.7235
vn 0.7235 -0.6903 -0.0000
vn -0.0000 -0.6903 -0.7235
vn -0.4588 0.8886 -0.0000
vn -0.0000 0.8886 0.4588
vn 0.4588 0.8886 -0.0000
vn -0.0000 0.8886 -0.4588
vn -0.0229 0.9997 -0.0000
vn -0.0229 0.9997 -0.0024
vn 1.0000 0.0003 -0.0000
vn -0.0000 1.0000 0.0024
vn 1.0000 0.0043 0.0001
vn 1.0000 0.0025 0.0001
vn 1.0000 0.0010 -0.0000
vn 1.0000 -0.0006 -0.0000
vn -0.0002 1.0000 0.0024
vn -0.0001 1.0000 -0.0000
vn 1.0000 0.0041 0.0002
vn 1.0000 0.0026 0.0002
vn 1.0000 0.0031 0.0001
vn 1.0000 -0.0026 -0.0000
vn -0.0005 0.0006 -1.0000
vn 0.0005 -0.0001 -1.0000
vn -0.0002 1.0000 0.0023
vn 0.0001 1.0000 -0.0000
vn -0.0265 -0.0001 0.9996
vn 1.0000 0.0043 0.0003
vn 1.0000 0.0028 0.0003
vn 0.0010 1.0000 -0.0000
vn -0.0007 1.0000 -0.0000
vn -0.0036 1.0000 -0.0000
vn -0.0012 0.0012 -1.0000
vn -0.0010 1.0000 -0.0000
vn 1.0000 0.0030 0.0001
vn 1.0000 0.0028 0.0001
vn -0.0011 0.0011 -1.0000
vn -0.0005 1.0000 -0.0000
vn -0.0030 1.0000 -0.0000
vn -0.0000 0.0001 1.0000
vn 1.0000 0.0030 0.0002
vn -0.0026 1.0000 -0.0000
vn -0.0000 0.7539 0.6570
vn -0.7539 -0.0000 0.6570
vn -0.0000 -0.7539 0.6570
vn 0.7539 -0.0000 0.6570
vn -0.0000 0.7539 -0.6570
vn 0.7539 -0.0000 -0.6570
vn -0.0000 -0.7539 -0.6570
vn -0.7539 -0.0000 -0.6570
vn 0.7968 0.6042 -0.0000
vn -0.0000 0.6525 -0.7578
vn 0.9628 -0.0000 -0.2703
vn -0.0000 -0.6525 -0.7578
vn 0.7968 -0.6042 -0.0000
vn 0.1802 -0.0000 -0.9836
vn -0.0000 0.6525 0.7578
vn 0.1802 -0.0000 0.9836
vn -0.0000 -0.6525 0.7578
vn 0.9628 -0.0000 0.2703
vn -0.7968 0.6042 -0.0000
vn -0.9628 -0.0000 0.2703
vn -0.7968 -0.6042 -0.0000
vn -0.1802 -0.0000 0.9836
vn -0.1802 -0.0000 -0.9836
vn -0.9628 -0.0000 -0.2703
vn -0.0054 1.0000 0.0009
vn 0.0235 0.9997 0.0030
vn 1.0000 0.0025 -0.0000
vn 1.0000 0.0015 0.0001
vn 1.0000 -0.0006 0.0001
vn -0.0001 1.0000 0.0024
vn 1.0000 0.0026 0.0001
vn 1.0000 0.0016 0.0001
vn 1.0000 -0.0026 0.0008
vn 1.0000 0.0003 -0.0004
vn -0.0000 0.0012 -1.0000
vn -0.5208 -0.0000 -0.8537
vn -0.0000 0.0009 -1.0000
vn -0.0001 0.0011 -1.0000
vn -0.0000 -0.0003 -1.0000
vn 0.0034 -0.0024 -1.0000
vn 0.0001 -0.0008 -1.0000
vn 0.0003 -0.0000 -1.0000
vn 0.0002 -0.0000 -1.0000
vn 0.0001 1.0000 0.0024
vn 0.0003 1.0000 -0.0000
vn 0.0002 -0.0001 1.0000
vn 0.0001 -0.0001 1.0000
vn -0.0006 -0.0000 1.0000
vn -0.3738 -0.0015 0.9275
vn 1.0000 0.0028 0.0002
vn 1.0000 0.0016 0.0002
vn -0.0007 1.0000 0.0001
vn -0.0000 0.0023 -1.0000
vn -0.0000 0.0015 -1.0000
vn -0.0037 1.0000 -0.0000
vn -0.0001 0.0001 1.0000
vn -0.0000 0.0013 -1.0000
vt 0.001000 0.463300
vt 0.429400 0.019700
vt 0.453900 0.001000
vt 0.001000 0.418500
vt 0.409100 0.001000
vt 0.042700 0.418500
vt 0.042700 0.463300
vt 0.429400 0.061300
vt 0.084300 0.418500
vt 0.084300 0.463300
vt 0.429400 0.103000
vt 0.126000 0.418500
vt 0.126000 0.463300
vt 0.429400 0.144600
vt 0.167600 0.418500
vt 0.167600 0.463300
vt 0.429400 0.186300
vt 0.209300 0.418500
vt 0.209300 0.463300
vt 0.429400 0.227900
vt 0.250900 0.418500
vt 0.250900 0.463300
vt 0.429400 0.269600
vt 0.292600 0.418500
vt 0.292600 0.463300
vt 0.429400 0.311200
vt 0.334200 0.418500
vt 0.334200 0.463300
vt 0.429400 0.352900
vt 0.375900 0.418500
vt 0.375900 0.463300
vt 0.429400 0.394500
vt 0.417500 0.418500
vt 0.503700 0.001000
vt 0.458900 0.001000
vt 0.417500 0.463300
vt 0.429400 0.436200
vt 0.001000 0.373600
vt 0.364300 0.001000
vt 0.042700 0.373600
vt 0.084300 0.373600
vt 0.126000 0.373600
vt 0.167600 0.373600
vt 0.209300 0.373600
vt 0.250900 0.373600
vt 0.292600 0.373600
vt 0.334200 0.373600
vt 0.375900 0.373600
vt 0.417500 0.373600
vt 0.548500 0.001000
vt 0.001000 0.328800
vt 0.319500 0.001000
vt 0.042700 0.328800
vt 0.084300 0.328800
vt 0.126000 0.328800
vt 0.167600 0.328800
vt 0.209300 0.328800
vt 0.250900 0.328800
vt 0.292600 0.328800
vt 0.334200 0.328800
vt 0.375900 0.328800
vt 0.417500 0.328800
vt 0.593400 0.001000
vt 0.001000 0.284000
vt 0.274600 0.001000
vt 0.042700 0.284000
vt 0.084300 0.284000
vt 0.126000 0.284000
vt 0.167600 0.284000
vt 0.209300 0.284000
vt 0.250900 0.284000
vt 0.292600 0.284000
vt 0.334200 0.284000
vt 0.375900 0.284000
vt 0.417500 0.284000
vt 0.638200 0.001000
vt 0.001000 0.239200
vt 0.229800 0.001000
vt 0.042700 0.239200
vt 0.084300 0.239200
vt 0.126000 0.239200
vt 0.167600 0.239200
vt 0.209300 0.239200
vt 0.250900 0.239200
vt 0.292600 0.239200
vt 0.334200 0.239200
vt 0.375900 0.239200
vt 0.417500 0.239200
vt 0.683000 0.001000
vt 0.001000 0.194300
vt 0.185000 0.001000
vt 0.042700 0.194300
vt 0.084300 0.194300
vt 0.126000 0.194300
vt 0.167600 0.194300
vt 0.209300 0.194300
vt 0.250900 0.194300
vt 0.292600 0.194300
vt 0.334200 0.194300
vt 0.375900 0.194300
vt 0.417500 0.194300
vt 0.727800 0.001000
vt 0.001000 0.149500
vt 0.140200 0.001000
vt 0.042700 0.149500
vt 0.084300 0.149500
vt 0.126000 0.149500
vt 0.167600 0.149500
vt 0.209300 0.149500
vt 0.250900 0.149500
vt 0.292600 0.149500
vt 0.334200 0.149500
vt 0.375900 0.149500
vt 0.417500 0.149500
vt 0.772700 0.001000
vt 0.001000 0.104700
vt 0.095300 0.001000
vt 0.042700 0.104700
vt 0.084300 0.104700
vt 0.126000 0.104700
vt 0.167600 0.104700
vt 0.209300 0.104700
vt 0.250900 0.104700
vt 0.292600 0.104700
vt 0.334200 0.104700
vt 0.375900 0.104700
vt 0.417500 0.104700
vt 0.817500 0.001000
vt 0.001000 0.059800
vt 0.050500 0.001000
vt 0.042700 0.059800
vt 0.084300 0.059800
vt 0.126000 0.059800
vt 0.167600 0.059800
vt 0.209300 0.059800
vt 0.250900 0.059800
vt 0.292600 0.059800
vt 0.334200 0.059800
vt 0.375900 0.059800
vt 0.417500 0.059800
vt 0.862300 0.001000
vt 0.005700 0.001000
vt 0.001000 0.015000
vt 0.429400 0.866000
vt 0.042700 0.015000
vt 0.429400 0.824400
vt 0.084300 0.015000
vt 0.429400 0.782700
vt 0.126000 0.015000
vt 0.429400 0.741100
vt 0.167600 0.015000
vt 0.429400 0.699400
vt 0.209300 0.015000
vt 0.429400 0.657800
vt 0.250900 0.015000
vt 0.429400 0.616100
vt 0.292600 0.015000
vt 0.429400 0.574500
vt 0.334200 0.015000
vt 0.429400 0.532800
vt 0.375900 0.015000
vt 0.429400 0.491200
vt 0.429400 0.449500
vt 0.417500 0.015000
vt 0.907200 0.001000
vt 0.001000 0.468200
vt 0.421500 0.019700
vt 0.453900 0.008900
vt 0.042700 0.468200
vt 0.421500 0.061300
vt 0.042700 0.513100
vt 0.001000 0.513100
vt 0.409100 0.008900
vt 0.084300 0.468200
vt 0.421500 0.103000
vt 0.084300 0.513100
vt 0.126000 0.468200
vt 0.421500 0.144600
vt 0.126000 0.513100
vt 0.167600 0.468200
vt 0.421500 0.186300
vt 0.167600 0.513100
vt 0.209300 0.468200
vt 0.421500 0.227900
vt 0.209300 0.513100
vt 0.903600 0.487200
vt 0.250900 0.468200
vt 0.421500 0.269600
vt 0.942300 0.557000
vt 0.250900 0.513100
vt 0.292600 0.468200
vt 0.421500 0.311200
vt 0.292600 0.513100
vt 0.334200 0.468200
vt 0.421500 0.352900
vt 0.334200 0.513100
vt 0.375900 0.468200
vt 0.421500 0.394500
vt 0.375900 0.513100
vt 0.417500 0.468200
vt 0.421500 0.436200
vt 0.458900 0.008900
vt 0.417500 0.513100
vt 0.503700 0.008900
vt 0.042700 0.557900
vt 0.001000 0.557900
vt 0.364300 0.008900
vt 0.084300 0.557900
vt 0.126000 0.557900
vt 0.167600 0.557900
vt 0.209300 0.557900
vt 0.643700 0.921000
vt 0.924700 0.447600
vt 0.292600 0.557900
vt 0.643700 0.879400
vt 0.250900 0.557900
vt 0.942300 0.601800
vt 0.334200 0.557900
vt 0.375900 0.557900
vt 0.417500 0.557900
vt 0.548500 0.008900
vt 0.042700 0.602700
vt 0.001000 0.602700
vt 0.319500 0.008900
vt 0.440200 0.197200
vt 0.084300 0.602700
vt 0.740400 0.404600
vt 0.126000 0.602700
vt 0.481800 0.197200
vt 0.167600 0.602700
vt 0.523500 0.197200
vt 0.209300 0.602700
vt 0.565100 0.197200
vt 0.250900 0.602700
vt 0.606800 0.197200
vt 0.292600 0.602700
vt 0.648400 0.197200
vt 0.334200 0.602700
vt 0.690100 0.197200
vt 0.731000 0.225300
vt 0.375900 0.602700
vt 0.731700 0.197200
vt 0.417500 0.602700
vt 0.593400 0.008900
vt 0.042700 0.647500
vt 0.001000 0.647500
vt 0.274600 0.008900
vt 0.084300 0.647500
vt 0.740400 0.359800
vt 0.093500 0.611900
vt 0.786900 0.524300
vt 0.161900 0.963400
vt 0.126000 0.611900
vt 0.786900 0.556800
vt 0.126000 0.647500
vt 0.093500 0.647500
vt 0.126300 0.963400
vt 0.464400 0.431700
vt 0.474400 0.431700
vt 0.474400 0.435700
vt 0.231500 0.995200
vt 0.464400 0.435700
vt 0.167600 0.611900
vt 0.786900 0.598400
vt 0.786900 0.640100
vt 0.902700 0.374800
vt 0.209300 0.611900
vt 0.209300 0.647500
vt 0.167600 0.647500
vt 0.888700 0.655800
vt 0.838300 0.533600
vt 0.250900 0.611900
vt 0.250900 0.647500
vt 0.292600 0.611900
vt 0.838300 0.575300
vt 0.292600 0.647500
vt 0.327400 0.972200
vt 0.090700 0.991500
vt 0.590700 0.431700
vt 0.600700 0.431700
vt 0.600700 0.435700
vt 0.590700 0.435700
vt 0.965000 0.766200
vt 0.334200 0.611900
vt 0.838300 0.616900
vt 0.366700 0.611900
vt 0.838300 0.649400
vt 0.173900 0.963400
vt 0.366700 0.647500
vt 0.209500 0.963400
vt 0.253300 0.972200
vt 0.334200 0.647500
vt 0.285800 0.972200
vt 0.417500 0.647500
vt 0.638200 0.008900
vt 0.375900 0.647500
vt 0.731000 0.270100
vt 0.042700 0.692400
vt 0.001000 0.692400
vt 0.229800 0.008900
vt 0.084300 0.692400
vt 0.740400 0.314900
vt 0.126000 0.692400
vt 0.093500 0.692400
vt 0.081500 0.963400
vt 0.167600 0.692400
vt 0.209300 0.692400
vt 0.250900 0.692400
vt 0.292600 0.692400
vt 0.045800 0.991500
vt 0.346700 0.959400
vt 0.327400 0.968500
vt 0.090700 0.995200
vt 0.346700 0.921400
vt 0.954100 0.496300
vt 0.289500 0.968500
vt 0.391600 0.921400
vt 0.954100 0.541100
vt 0.391600 0.959400
vt 0.045800 0.995200
vt 0.285700 0.953400
vt 0.150500 0.981800
vt 0.150500 0.968200
vt 0.922300 0.669200
vt 0.272200 0.953400
vt 0.195300 0.968200
vt 0.877500 0.669100
vt 0.195300 0.981700
vt 0.417500 0.692400
vt 0.683000 0.008900
vt 0.375900 0.692400
vt 0.731000 0.314900
vt 0.042700 0.737200
vt 0.001000 0.737200
vt 0.185000 0.008900
vt 0.084300 0.737200
vt 0.740400 0.270100
vt 0.126000 0.737200
vt 0.093500 0.737200
vt 0.036600 0.963400
vt 0.167600 0.737200
vt 0.209300 0.737200
vt 0.250900 0.737200
vt 0.001000 0.991500
vt 0.292600 0.737200
vt 0.960900 0.603700
vt 0.954100 0.585900
vt 0.436400 0.921400
vt 0.948900 0.639900
vt 0.436400 0.959400
vt 0.964300 0.605200
vt 0.001000 0.995200
vt 0.240100 0.968200
vt 0.832700 0.669200
vt 0.955600 0.661900
vt 0.240200 0.981700
vt 0.961200 0.649500
vt 0.417500 0.737200
vt 0.727800 0.008900
vt 0.375900 0.737200
vt 0.731000 0.359800
vt 0.042700 0.782000
vt 0.001000 0.782000
vt 0.140200 0.008900
vt 0.740400 0.225300
vt 0.084300 0.782000
vt 0.731700 0.206600
vt 0.126000 0.772800
vt 0.841900 0.430600
vt 0.093500 0.772800
vt 0.841900 0.398100
vt 0.001000 0.963400
vt 0.464400 0.516600
vt 0.474400 0.516600
vt 0.150500 0.995200
vt 0.474400 0.520700
vt 0.464400 0.520700
vt 0.937600 0.557000
vt 0.841900 0.513900
vt 0.209300 0.772800
vt 0.167600 0.772800
vt 0.841900 0.472300
vt 0.857000 0.523200
vt 0.939800 0.543300
vt 0.250900 0.772800
vt 0.292600 0.772800
vt 0.857000 0.481600
vt 0.590700 0.516600
vt 0.884100 0.766200
vt 0.600700 0.516600
vt 0.600700 0.520700
vt 0.590700 0.520700
vt 0.334200 0.737200
vt 0.944000 0.641800
vt 0.366700 0.737200
vt 0.299200 0.963400
vt 0.930800 0.671400
vt 0.366700 0.772800
vt 0.334800 0.963400
vt 0.857000 0.407500
vt 0.334200 0.772800
vt 0.857000 0.439900
vt 0.417500 0.782000
vt 0.772700 0.008900
vt 0.440200 0.206600
vt 0.375900 0.782000
vt 0.731000 0.404600
vt 0.042700 0.826800
vt 0.001000 0.826800
vt 0.095300 0.008900
vt 0.084300 0.826800
vt 0.126000 0.782000
vt 0.690100 0.206600
vt 0.126000 0.826800
vt 0.167600 0.782000
vt 0.648400 0.206600
vt 0.167600 0.826800
vt 0.209300 0.782000
vt 0.606800 0.206600
vt 0.569000 0.879400
vt 0.209300 0.826800
vt 0.884100 0.611000
vt 0.250900 0.782000
vt 0.565100 0.206600
vt 0.250900 0.826800
vt 0.917800 0.470400
vt 0.569000 0.921000
vt 0.292600 0.782000
vt 0.523500 0.206600
vt 0.292600 0.826800
vt 0.334200 0.782000
vt 0.481800 0.206600
vt 0.334200 0.826800
vt 0.375900 0.826800
vt 0.417500 0.826800
vt 0.817500 0.008900
vt 0.042700 0.871700
vt 0.001000 0.871700
vt 0.050500 0.008900
vt 0.084300 0.871700
vt 0.126000 0.871700
vt 0.167600 0.871700
vt 0.884100 0.655800
vt 0.209300 0.871700
vt 0.292600 0.871700
vt 0.250900 0.871700
vt 0.938900 0.430800
vt 0.334200 0.871700
vt 0.375900 0.871700
vt 0.417500 0.871700
vt 0.862300 0.008900
vt 0.042700 0.916500
vt 0.421500 0.824400
vt 0.001000 0.916500
vt 0.421500 0.866000
vt 0.005700 0.008900
vt 0.084300 0.916500
vt 0.421500 0.782700
vt 0.126000 0.916500
vt 0.421500 0.741100
vt 0.167600 0.916500
vt 0.421500 0.699400
vt 0.209300 0.916500
vt 0.421500 0.657800
vt 0.250900 0.916500
vt 0.421500 0.616100
vt 0.292600 0.916500
vt 0.421500 0.574500
vt 0.334200 0.916500
vt 0.421500 0.532800
vt 0.375900 0.916500
vt 0.421500 0.491200
vt 0.417500 0.916500
vt 0.907200 0.008900
vt 0.421500 0.449500
vt 0.481800 0.203100
vt 0.481800 0.015000
vt 0.440200 0.203100
vt 0.734500 0.404600
vt 0.440200 0.015000
vt 0.523500 0.203100
vt 0.523500 0.015000
vt 0.565100 0.203100
vt 0.565100 0.015000
vt 0.606800 0.203100
vt 0.606800 0.015000
vt 0.648400 0.203100
vt 0.648400 0.015000
vt 0.690100 0.203100
vt 0.690100 0.015000
vt 0.731700 0.203100
vt 0.725200 0.225300
vt 0.731700 0.015000
vt 0.725200 0.270100
vt 0.731700 0.059800
vt 0.725200 0.314900
vt 0.731700 0.104700
vt 0.725200 0.359800
vt 0.731700 0.149500
vt 0.725200 0.404600
vt 0.440200 0.212400
vt 0.731700 0.194300
vt 0.481800 0.212400
vt 0.690100 0.194300
vt 0.523500 0.212400
vt 0.648400 0.194300
vt 0.565100 0.212400
vt 0.606800 0.194300
vt 0.606800 0.212400
vt 0.565100 0.194300
vt 0.648400 0.212400
vt 0.523500 0.194300
vt 0.690100 0.212400
vt 0.481800 0.194300
vt 0.731700 0.212400
vt 0.734500 0.225300
vt 0.440200 0.194300
vt 0.734500 0.270100
vt 0.440200 0.149500
vt 0.734500 0.314900
vt 0.440200 0.104700
vt 0.734500 0.359800
vt 0.440200 0.059800
vt 0.481800 0.019600
vt 0.477200 0.388800
vt 0.440200 0.388800
vt 0.444800 0.019600
vt 0.759100 0.395400
vt 0.523500 0.019600
vt 0.518900 0.388800
vt 0.565100 0.019600
vt 0.560500 0.388800
vt 0.606800 0.019600
vt 0.602200 0.388800
vt 0.648400 0.019600
vt 0.643900 0.388800
vt 0.690100 0.019600
vt 0.685500 0.388800
vt 0.749700 0.225300
vt 0.727200 0.019600
vt 0.722600 0.388800
vt 0.727200 0.059800
vt 0.749700 0.265500
vt 0.727200 0.104700
vt 0.749700 0.310300
vt 0.727200 0.149500
vt 0.749700 0.355200
vt 0.440200 0.398100
vt 0.727200 0.189700
vt 0.749700 0.395400
vt 0.690100 0.189700
vt 0.477200 0.398100
vt 0.648400 0.189700
vt 0.518900 0.398100
vt 0.606800 0.189700
vt 0.560500 0.398100
vt 0.565100 0.189700
vt 0.602200 0.398100
vt 0.523500 0.189700
vt 0.643900 0.398100
vt 0.481800 0.189700
vt 0.685500 0.398100
vt 0.759100 0.225300
vt 0.444800 0.189700
vt 0.722600 0.398100
vt 0.444800 0.149500
vt 0.759100 0.265500
vt 0.444800 0.104700
vt 0.759100 0.310300
vt 0.444800 0.059800
vt 0.759100 0.355200
vt 0.477200 0.394600
vt 0.477200 0.215900
vt 0.440200 0.394600
vt 0.753200 0.395400
vt 0.440200 0.215900
vt 0.518900 0.394600
vt 0.518900 0.215900
vt 0.560500 0.394600
vt 0.560500 0.215900
vt 0.602200 0.394600
vt 0.602200 0.215900
vt 0.643900 0.394600
vt 0.643900 0.215900
vt 0.685500 0.394600
vt 0.685500 0.215900
vt 0.722600 0.394600
vt 0.743900 0.225300
vt 0.722600 0.215900
vt 0.743900 0.265500
vt 0.722600 0.256200
vt 0.743900 0.310300
vt 0.722600 0.301000
vt 0.743900 0.355200
vt 0.722600 0.345800
vt 0.743900 0.395400
vt 0.440200 0.404000
vt 0.722600 0.386000
vt 0.477200 0.404000
vt 0.685500 0.386000
vt 0.518900 0.404000
vt 0.643900 0.386000
vt 0.560500 0.404000
vt 0.602200 0.386000
vt 0.602200 0.404000
vt 0.560500 0.386000
vt 0.643900 0.404000
vt 0.518900 0.386000
vt 0.685500 0.404000
vt 0.477200 0.386000
vt 0.722600 0.404000
vt 0.753200 0.225300
vt 0.440200 0.386000
vt 0.753200 0.265500
vt 0.440200 0.345800
vt 0.753200 0.310300
vt 0.440200 0.301000
vt 0.753200 0.355200
vt 0.440200 0.256200
vt 0.477200 0.220500
vt 0.828800 0.556800
vt 0.828800 0.524300
vt 0.444800 0.220500
vt 0.161900 0.921400
vt 0.518900 0.220500
vt 0.828800 0.598400
vt 0.560500 0.220500
vt 0.828800 0.640100
vt 0.589700 0.921000
vt 0.939800 0.394500
vt 0.880200 0.533600
vt 0.602200 0.220500
vt 0.930700 0.655800
vt 0.589700 0.879400
vt 0.643900 0.220500
vt 0.880200 0.575300
vt 0.685500 0.220500
vt 0.880200 0.616900
vt 0.718000 0.220500
vt 0.880200 0.649400
vt 0.173900 0.921400
vt 0.718000 0.256200
vt 0.209500 0.921500
vt 0.718000 0.301000
vt 0.254300 0.921500
vt 0.718000 0.345800
vt 0.299200 0.921400
vt 0.898900 0.407500
vt 0.718000 0.381400
vt 0.334800 0.921400
vt 0.685500 0.381400
vt 0.898900 0.439900
vt 0.643900 0.381400
vt 0.898900 0.481600
vt 0.602200 0.381400
vt 0.898900 0.523200
vt 0.902700 0.523600
vt 0.514900 0.921000
vt 0.800000 0.513900
vt 0.560500 0.381400
vt 0.895700 0.557000
vt 0.514900 0.879400
vt 0.518900 0.381400
vt 0.800000 0.472300
vt 0.477200 0.381400
vt 0.800000 0.430600
vt 0.001000 0.921400
vt 0.444800 0.381400
vt 0.800000 0.398100
vt 0.444800 0.345800
vt 0.036600 0.921400
vt 0.444800 0.301000
vt 0.081500 0.921400
vt 0.444800 0.256200
vt 0.126300 0.921400
vt 0.821200 0.564400
vt 0.821200 0.590800
vt 0.794500 0.590800
vt 0.794500 0.564400
vt 0.872600 0.582900
vt 0.872600 0.609300
vt 0.845900 0.609300
vt 0.845900 0.582900
vt 0.963500 0.239300
vt 0.209500 0.926700
vt 0.253300 0.935600
vt 0.254300 0.926700
vt 0.963500 0.284100
vt 0.299200 0.926600
vt 0.963500 0.328900
vt 0.964400 0.686400
vt 0.891300 0.447600
vt 0.891300 0.474000
vt 0.864600 0.474000
vt 0.864600 0.447600
vt 0.807600 0.464600
vt 0.807600 0.438200
vt 0.834300 0.438200
vt 0.834300 0.464600
vt 0.505600 0.879400
vt 0.474400 0.959800
vt 0.838900 0.832700
vt 0.505600 0.912600
vt 0.474400 0.926600
vt 0.486900 0.912600
vt 0.370600 0.988400
vt 0.486900 0.879400
vt 0.403800 0.988400
vt 0.838900 0.851300
vt 0.505600 0.945800
vt 0.474400 0.893400
vt 0.842000 0.832700
vt 0.486900 0.945800
vt 0.842000 0.851300
vt 0.337400 0.988400
vt 0.081500 0.926000
vt 0.387000 0.963500
vt 0.346700 0.963500
vt 0.041200 0.926000
vt 0.486900 0.949500
vt 0.449700 0.988400
vt 0.121700 0.926000
vt 0.427300 0.963500
vt 0.884100 0.986800
vt 0.121700 0.958800
vt 0.416800 0.988400
vt 0.081500 0.958800
vt 0.924300 0.986800
vt 0.486900 0.982300
vt 0.041200 0.958800
vt 0.964600 0.986800
vt 0.387000 0.969700
vt 0.870200 0.901000
vt 0.346700 0.969700
vt 0.493100 0.949500
vt 0.870200 0.860700
vt 0.427300 0.969700
vt 0.449700 0.982200
vt 0.870200 0.941300
vt 0.416800 0.982200
vt 0.884100 0.993100
vt 0.837300 0.941300
vt 0.924300 0.993100
vt 0.837300 0.901000
vt 0.964600 0.993100
vt 0.493100 0.982300
vt 0.837300 0.860700
vt 0.865600 0.901000
vt 0.289000 0.982200
vt 0.253300 0.982200
vt 0.865600 0.865200
vt 0.716200 0.687800
vt 0.716200 0.703400
vt 0.865600 0.936700
vt 0.324800 0.982200
vt 0.337400 0.972800
vt 0.841900 0.936700
vt 0.692500 0.703400
vt 0.841900 0.901000
vt 0.373100 0.972800
vt 0.692500 0.687800
vt 0.841900 0.865200
vt 0.408900 0.972800
vt 0.289000 0.988400
vt 0.463900 0.924500
vt 0.253300 0.988400
vt 0.716200 0.694000
vt 0.463900 0.888700
vt 0.324800 0.988400
vt 0.716200 0.697200
vt 0.463900 0.960200
vt 0.692500 0.697200
vt 0.337400 0.979000
vt 0.440200 0.960200
vt 0.373100 0.979000
vt 0.440200 0.924500
vt 0.408900 0.979000
vt 0.692500 0.694000
vt 0.440200 0.888700
vt 0.461400 0.924500
vt 0.468200 0.926600
vt 0.468200 0.959800
vt 0.461400 0.891300
vt 0.832700 0.832700
vt 0.848200 0.832700
vt 0.461400 0.957600
vt 0.468200 0.893400
vt 0.337400 0.982200
vt 0.442700 0.957600
vt 0.848200 0.851300
vt 0.442700 0.924500
vt 0.370600 0.982200
vt 0.832700 0.851300
vt 0.442700 0.891300
vt 0.403800 0.982200
vt 0.634700 0.879400
vt 0.940400 0.610800
vt 0.933400 0.573500
vt 0.250900 0.529500
vt 0.634700 0.921000
vt 0.927200 0.438800
vt 0.209300 0.529500
vt 0.903500 0.468500
vt 0.625700 0.879400
vt 0.938400 0.619800
vt 0.924400 0.589900
vt 0.250900 0.546000
vt 0.625700 0.921000
vt 0.929700 0.429900
vt 0.209300 0.546000
vt 0.903300 0.449700
vt 0.616700 0.879400
vt 0.936500 0.628800
vt 0.915500 0.606400
vt 0.250900 0.562500
vt 0.616700 0.921000
vt 0.932200 0.421100
vt 0.209300 0.562500
vt 0.903200 0.431000
vt 0.607700 0.879400
vt 0.934500 0.637800
vt 0.906600 0.622900
vt 0.250900 0.578900
vt 0.934700 0.412200
vt 0.607700 0.921000
vt 0.209300 0.578900
vt 0.903000 0.412300
vt 0.598700 0.879400
vt 0.932600 0.646800
vt 0.897700 0.639400
vt 0.250900 0.595400
vt 0.937300 0.403300
vt 0.598700 0.921000
vt 0.209300 0.595400
vt 0.902900 0.393500
vt 0.250900 0.855200
vt 0.939000 0.449600
vt 0.915300 0.479300
vt 0.560000 0.921000
vt 0.893000 0.639400
vt 0.209300 0.855200
vt 0.560000 0.879400
vt 0.886000 0.602000
vt 0.250900 0.838700
vt 0.939200 0.468300
vt 0.912800 0.488100
vt 0.551000 0.921000
vt 0.901900 0.622900
vt 0.209300 0.838700
vt 0.551000 0.879400
vt 0.887900 0.593000
vt 0.250900 0.822200
vt 0.939300 0.487100
vt 0.910300 0.497000
vt 0.542000 0.921000
vt 0.910800 0.606400
vt 0.209300 0.822200
vt 0.542000 0.879400
vt 0.889900 0.584000
vt 0.250900 0.805800
vt 0.939500 0.505800
vt 0.907800 0.505900
vt 0.533000 0.921000
vt 0.209300 0.805800
vt 0.919800 0.589900
vt 0.533000 0.879400
vt 0.891800 0.575000
vt 0.250900 0.789300
vt 0.939600 0.524500
vt 0.905300 0.514700
vt 0.524000 0.921000
vt 0.209300 0.789300
vt 0.928700 0.573500
vt 0.524000 0.879400
vt 0.893800 0.566000
vt 0.784100 0.560300
vt 0.129500 0.615500
vt 0.421900 0.991500
vt 0.393500 0.991500
vt 0.129500 0.643900
vt 0.830800 0.867100
vt 0.999000 0.001000
vt 0.164000 0.615500
vt 0.784100 0.594800
vt 0.830800 0.832700
vt 0.164000 0.643900
vt 0.999000 0.029500
vt 0.835500 0.578900
vt 0.296100 0.615500
vt 0.982600 0.342100
vt 0.954100 0.342100
vt 0.296100 0.643900
vt 0.323800 0.975000
vt 0.954100 0.356100
vt 0.330600 0.615500
vt 0.835500 0.613300
vt 0.289400 0.975000
vt 0.330600 0.643900
vt 0.982600 0.356100
vt 0.975600 0.379500
vt 0.164000 0.740800
vt 0.826100 0.867100
vt 0.826100 0.832700
vt 0.129500 0.740800
vt 0.980300 0.407900
vt 0.844700 0.468700
vt 0.164000 0.769200
vt 0.975600 0.407900
vt 0.980300 0.379500
vt 0.129500 0.769200
vt 0.844700 0.434200
vt 0.975600 0.463600
vt 0.330600 0.740800
vt 0.942900 0.637300
vt 0.956900 0.605900
vt 0.296100 0.740800
vt 0.985000 0.407900
vt 0.854200 0.443500
vt 0.330600 0.769200
vt 0.975600 0.492000
vt 0.985000 0.379500
vt 0.296100 0.769200
vt 0.854200 0.478000
vt 0.421900 0.994300
vt 0.781300 0.560300
vt 0.705100 0.873400
vt 0.393500 0.994300
vt 0.828000 0.867100
vt 0.733600 0.873400
vt 0.781300 0.594800
vt 0.996200 0.001000
vt 0.705100 0.907800
vt 0.996200 0.029500
vt 0.828000 0.832700
vt 0.733600 0.907800
vt 0.982600 0.344900
vt 0.832700 0.578900
vt 0.723800 0.822000
vt 0.954100 0.344900
vt 0.323800 0.977900
vt 0.752300 0.822000
vt 0.832700 0.613300
vt 0.954100 0.358900
vt 0.723800 0.856400
vt 0.982600 0.358900
vt 0.289400 0.977900
vt 0.752300 0.856400
vt 0.823300 0.867100
vt 0.972800 0.379500
vt 0.672400 0.805000
vt 0.823300 0.832700
vt 0.977500 0.407900
vt 0.672400 0.770600
vt 0.972800 0.407900
vt 0.847500 0.468700
vt 0.700900 0.805000
vt 0.847500 0.434200
vt 0.977500 0.379500
vt 0.700900 0.770600
vt 0.940300 0.636200
vt 0.972800 0.463600
vt 0.809700 0.808400
vt 0.954300 0.604700
vt 0.982200 0.407900
vt 0.775200 0.808400
vt 0.972800 0.492000
vt 0.851300 0.443500
vt 0.809700 0.779900
vt 0.851300 0.478000
vt 0.982200 0.379500
vt 0.775200 0.779900
vt 0.835500 0.785900
vt 0.709300 0.859700
vt 0.736900 0.870000
vt 0.700000 0.870000
vt 0.835500 0.821000
vt 0.701800 0.870000
vt 0.832700 0.821000
vt 0.697200 0.870000
vt 0.813000 0.765000
vt 0.832700 0.785900
vt 0.706500 0.859700
vt 0.813000 0.729900
vt 0.103800 0.991500
vt 0.700000 0.911100
vt 0.701800 0.911100
vt 0.697200 0.911100
vt 0.103800 0.994300
vt 0.771900 0.765000
vt 0.709300 0.818600
vt 0.138900 0.991500
vt 0.736900 0.911100
vt 0.138900 0.994300
vt 0.706500 0.818600
vt 0.771900 0.729900
vt 0.830800 0.785900
vt 0.709300 0.808300
vt 0.755600 0.818600
vt 0.714000 0.767200
vt 0.830800 0.821000
vt 0.720500 0.818600
vt 0.828000 0.821000
vt 0.711200 0.767200
vt 0.774300 0.930800
vt 0.828000 0.785900
vt 0.706500 0.808300
vt 0.739200 0.930800
vt 0.989700 0.201900
vt 0.714000 0.808300
vt 0.720500 0.859700
vt 0.711200 0.808300
vt 0.986800 0.201900
vt 0.774300 0.971900
vt 0.709300 0.767200
vt 0.989700 0.237000
vt 0.755600 0.859700
vt 0.986800 0.237000
vt 0.706500 0.767200
vt 0.739200 0.971900
vt 0.695300 0.870000
vt 0.821500 0.867700
vt 0.669100 0.767200
vt 0.994300 0.201900
vt 0.695300 0.911100
vt 0.669100 0.808300
vt 0.692500 0.911100
vt 0.991500 0.201900
vt 0.872400 0.985900
vt 0.692500 0.870000
vt 0.818600 0.867700
vt 0.872400 0.944800
vt 0.907400 0.365400
vt 0.994300 0.237000
vt 0.704200 0.808300
vt 0.991500 0.237000
vt 0.907400 0.368200
vt 0.837300 0.985900
vt 0.821500 0.832700
vt 0.948500 0.365400
vt 0.704200 0.767200
vt 0.948500 0.368200
vt 0.818600 0.832700
vt 0.837300 0.944800
vt 0.718700 0.767200
vt 0.816800 0.905100
vt 0.771900 0.811700
vt 0.837300 0.991500
vt 0.718700 0.808300
vt 0.813000 0.811700
vt 0.715900 0.808300
vt 0.837300 0.994300
vt 0.813000 0.823300
vt 0.715900 0.767200
vt 0.814000 0.905100
vt 0.771900 0.823300
vt 0.714000 0.715900
vt 0.872400 0.991500
vt 0.813000 0.776600
vt 0.872400 0.994300
vt 0.711200 0.715900
vt 0.813000 0.858400
vt 0.816800 0.870000
vt 0.714000 0.756900
vt 0.771900 0.776600
vt 0.711200 0.756900
vt 0.814000 0.870000
vt 0.771900 0.858400
vt 0.820400 0.920100
vt 0.809700 0.761600
vt 0.795300 0.994800
vt 0.823700 0.994800
vt 0.809700 0.733200
vt 0.822000 0.913900
vt 0.822000 0.879400
vt 0.775200 0.733200
vt 0.985500 0.328500
vt 0.985500 0.300000
vt 0.775200 0.761600
vt 0.785900 0.920100
vt 0.831300 0.879400
vt 0.771000 0.934100
vt 0.514900 0.976100
vt 0.543400 0.976100
vt 0.742500 0.934100
vt 0.737900 0.755000
vt 0.737900 0.720500
vt 0.742500 0.968600
vt 0.976100 0.450000
vt 0.976100 0.421500
vt 0.771000 0.968600
vt 0.831300 0.913900
vt 0.618200 0.976100
vt 0.869100 0.982600
vt 0.850000 0.820400
vt 0.850000 0.785900
vt 0.869100 0.948100
vt 0.831300 0.959200
vt 0.831300 0.930800
vt 0.840600 0.948100
vt 0.840600 0.820400
vt 0.840600 0.785900
vt 0.840600 0.982600
vt 0.589700 0.976100
vt 0.990200 0.001000
vt 0.809700 0.826600
vt 0.747200 0.755000
vt 0.747200 0.720500
vt 0.775200 0.826600
vt 0.756500 0.753700
vt 0.756500 0.725200
vt 0.775200 0.855100
vt 0.728500 0.755000
vt 0.728500 0.720500
vt 0.809700 0.855100
vt 0.990200 0.029500
vt 0.795300 0.991500
vt 0.820400 0.916800
vt 0.658400 0.873400
vt 0.823700 0.991500
vt 0.818600 0.913900
vt 0.686900 0.873400
vt 0.785900 0.916800
vt 0.982200 0.300000
vt 0.658400 0.907800
vt 0.982200 0.328500
vt 0.818600 0.879400
vt 0.686900 0.907800
vt 0.514900 0.972800
vt 0.828000 0.879400
vt 0.742500 0.882700
vt 0.543400 0.972800
vt 0.734500 0.755000
vt 0.771000 0.882700
vt 0.828000 0.913900
vt 0.972800 0.421500
vt 0.742500 0.917200
vt 0.972800 0.450000
vt 0.734500 0.720500
vt 0.771000 0.917200
vt 0.846700 0.820400
vt 0.618200 0.972800
vt 0.779900 0.683600
vt 0.846700 0.785900
vt 0.828000 0.959200
vt 0.779900 0.649100
vt 0.589700 0.972800
vt 0.837300 0.785900
vt 0.808400 0.683600
vt 0.837300 0.820400
vt 0.828000 0.930800
vt 0.808400 0.649100
vt 0.743900 0.755000
vt 0.986800 0.001000
vt 0.779900 0.907800
vt 0.743900 0.720500
vt 0.753200 0.753700
vt 0.779900 0.873400
vt 0.986800 0.029500
vt 0.725200 0.720500
vt 0.808400 0.907800
vt 0.725200 0.755000
vt 0.753200 0.725200
vt 0.808400 0.873400
vt 0.935400 0.379500
vt 0.813000 0.767200
vt 0.690200 0.870000
vt 0.930800 0.187900
vt 0.970500 0.379500
vt 0.655100 0.870000
vt 0.970500 0.382800
vt 0.930800 0.191200
vt 0.704200 0.818600
vt 0.935400 0.382800
vt 0.813000 0.770600
vt 0.669100 0.818600
vt 0.986800 0.283700
vt 0.971900 0.187900
vt 0.655100 0.911100
vt 0.971900 0.191200
vt 0.990200 0.283700
vt 0.704200 0.859700
vt 0.771900 0.767200
vt 0.986800 0.248600
vt 0.690200 0.911100
vt 0.990200 0.248600
vt 0.771900 0.770600
vt 0.669100 0.859700
vt 0.346700 0.991500
vt 0.711200 0.818600
vt 0.774300 0.879400
vt 0.719200 0.715900
vt 0.381800 0.991500
vt 0.739200 0.879400
vt 0.381800 0.994800
vt 0.715900 0.715900
vt 0.708900 0.715900
vt 0.346700 0.994800
vt 0.714500 0.818600
vt 0.673800 0.715900
vt 0.977500 0.297700
vt 0.719200 0.756900
vt 0.739200 0.920500
vt 0.715900 0.756900
vt 0.980800 0.297700
vt 0.708900 0.756900
vt 0.711200 0.859700
vt 0.977500 0.262600
vt 0.774300 0.920500
vt 0.980800 0.262600
vt 0.714500 0.859700
vt 0.673800 0.756900
vt 0.627100 0.706500
vt 0.335100 0.991500
vt 0.776600 0.645800
vt 0.822000 0.785900
vt 0.668200 0.706500
vt 0.776600 0.686900
vt 0.668200 0.709800
vt 0.818600 0.785900
vt 0.771900 0.727600
vt 0.627100 0.709800
vt 0.335100 0.994800
vt 0.813000 0.727600
vt 0.627100 0.720500
vt 0.822000 0.821000
vt 0.811700 0.686900
vt 0.818600 0.821000
vt 0.627100 0.723800
vt 0.771900 0.692500
vt 0.300000 0.991500
vt 0.668200 0.720500
vt 0.811700 0.645800
vt 0.668200 0.723800
vt 0.300000 0.994800
vt 0.813000 0.692500
vt 0.776600 0.971900
vt 0.288400 0.991500
vt 0.776600 0.870000
vt 0.963500 0.662200
vt 0.776600 0.930800
vt 0.776600 0.911100
vt 0.779900 0.930800
vt 0.966800 0.662200
vt 0.755600 0.808300
vt 0.779900 0.971900
vt 0.288400 0.994800
vt 0.755600 0.767200
vt 0.771900 0.814000
vt 0.963500 0.627100
vt 0.811700 0.911100
vt 0.966800 0.627100
vt 0.771900 0.817300
vt 0.720500 0.808300
vt 0.253300 0.991500
vt 0.813000 0.814000
vt 0.811700 0.870000
vt 0.813000 0.817300
vt 0.253300 0.994800
vt 0.720500 0.767200
vt 0.524700 0.728900
vt 0.700900 0.822000
vt 0.789600 0.490600
vt 0.789600 0.462200
vt 0.672400 0.822000
vt 0.915400 0.352300
vt 0.949800 0.352300
vt 0.672400 0.856400
vt 0.546300 0.870900
vt 0.574700 0.870900
vt 0.700900 0.856400
vt 0.490200 0.728900
vt 0.973200 0.154200
vt 0.705600 0.719200
vt 0.695800 0.684000
vt 0.724200 0.684000
vt 0.677100 0.719200
vt 0.490200 0.875600
vt 0.524700 0.875600
vt 0.677100 0.753600
vt 0.443500 0.728900
vt 0.471900 0.728900
vt 0.705600 0.753600
vt 0.938700 0.154200
vt 0.471900 0.875600
vt 0.775200 0.724300
vt 0.639700 0.693400
vt 0.674200 0.693400
vt 0.809700 0.724300
vt 0.541600 0.721300
vt 0.570000 0.721300
vt 0.809700 0.695800
vt 0.588300 0.721300
vt 0.622800 0.721300
vt 0.775200 0.695800
vt 0.443500 0.875600
vt 0.789600 0.415400
vt 0.752300 0.805000
vt 0.593000 0.870900
vt 0.627400 0.870900
vt 0.752300 0.770600
vt 0.742500 0.684000
vt 0.770900 0.684000
vt 0.723800 0.770600
vt 0.782000 0.538700
vt 0.782000 0.504200
vt 0.723800 0.805000
vt 0.789600 0.443900
vt 0.678500 0.490600
vt 0.524700 0.617700
vt 0.522900 0.962500
vt 0.678500 0.462200
vt 0.915400 0.241100
vt 0.522900 0.934100
vt 0.490200 0.617700
vt 0.574700 0.759700
vt 0.557400 0.962500
vt 0.546300 0.759700
vt 0.949800 0.241100
vt 0.557400 0.934100
vt 0.695800 0.572800
vt 0.973200 0.043100
vt 0.653700 0.929400
vt 0.724200 0.572800
vt 0.490200 0.764400
vt 0.682200 0.929400
vt 0.938700 0.043100
vt 0.471900 0.617700
vt 0.653700 0.963800
vt 0.443500 0.617700
vt 0.524700 0.764400
vt 0.682200 0.963800
vt 0.639700 0.582200
vt 0.471900 0.764400
vt 0.632100 0.962500
vt 0.674200 0.582200
vt 0.541600 0.610100
vt 0.597700 0.962500
vt 0.443500 0.764400
vt 0.622800 0.610100
vt 0.632100 0.934100
vt 0.588300 0.610100
vt 0.570000 0.610100
vt 0.597700 0.934100
vt 0.593000 0.759700
vt 0.678500 0.415400
vt 0.700400 0.963800
vt 0.627400 0.759700
vt 0.742500 0.572800
vt 0.700400 0.929400
vt 0.678500 0.443900
vt 0.670900 0.504200
vt 0.728900 0.963800
vt 0.670900 0.538700
vt 0.770900 0.572800
vt 0.728900 0.929400
vt 0.532600 0.609400
vt 0.514900 0.970500
vt 0.670100 0.498600
vt 0.514900 0.926100
vt 0.907400 0.232800
vt 0.670100 0.454200
vt 0.824300 0.972800
vt 0.582700 0.751400
vt 0.790600 0.982200
vt 0.565300 0.970500
vt 0.482200 0.609400
vt 0.957800 0.232800
vt 0.565300 0.926100
vt 0.538300 0.751400
vt 0.645800 0.921400
vt 0.687800 0.564500
vt 0.981100 0.034700
vt 0.819700 0.926100
vt 0.732200 0.564500
vt 0.690100 0.921400
vt 0.482200 0.756100
vt 0.479900 0.609400
vt 0.645800 0.971800
vt 0.930800 0.034700
vt 0.532600 0.756100
vt 0.421500 0.972800
vt 0.690100 0.971800
vt 0.435500 0.609400
vt 0.479900 0.756100
vt 0.640100 0.970500
vt 0.631800 0.573900
vt 0.682100 0.573900
vt 0.790600 0.935400
vt 0.589700 0.970500
vt 0.533600 0.601800
vt 0.640100 0.926100
vt 0.435500 0.756100
vt 0.630700 0.601800
vt 0.824300 0.954100
vt 0.578000 0.601800
vt 0.589700 0.926100
vt 0.580400 0.601800
vt 0.692500 0.971800
vt 0.585000 0.751400
vt 0.670100 0.407500
vt 0.824300 0.963500
vt 0.635400 0.751400
vt 0.692500 0.921400
vt 0.734500 0.564500
vt 0.662500 0.496300
vt 0.736800 0.971800
vt 0.670100 0.451800
vt 0.778900 0.564500
vt 0.790600 0.944800
vt 0.736800 0.921400
vt 0.662500 0.546600
vt 0.662500 0.455300
vt 0.816700 0.978700
vt 0.662500 0.492000
vt 0.526800 0.601800
vt 0.526800 0.592500
vt 0.653300 0.492000
vt 0.653300 0.455300
vt 0.807500 0.978700
vt 0.484100 0.601800
vt 0.798200 0.989000
vt 0.484100 0.592500
vt 0.807500 0.989000
vt 0.884100 0.925100
vt 0.538300 0.734500
vt 0.957800 0.215900
vt 0.884100 0.930800
vt 0.762600 0.350600
vt 0.762600 0.394900
vt 0.582700 0.734500
vt 0.648600 0.757900
vt 0.807500 0.982200
vt 0.872900 0.857500
vt 0.907400 0.215900
vt 0.884100 0.874700
vt 0.807500 0.972800
vt 0.687800 0.547700
vt 0.648600 0.874100
vt 0.878800 0.394900
vt 0.802800 0.926100
vt 0.965000 0.715900
vt 0.732200 0.547700
vt 0.482200 0.739200
vt 0.823300 0.773400
vt 0.878800 0.350600
vt 0.979300 0.027100
vt 0.812100 0.932900
vt 0.936500 0.027100
vt 0.473300 0.601800
vt 0.473300 0.592500
vt 0.936500 0.017900
vt 0.979300 0.017900
vt 0.802800 0.932900
vt 0.436600 0.601800
vt 0.429100 0.978700
vt 0.436600 0.592500
vt 0.438400 0.978700
vt 0.873700 0.773400
vt 0.532600 0.739200
vt 0.884100 0.692500
vt 0.438400 0.972800
vt 0.762600 0.269600
vt 0.631800 0.557000
vt 0.479900 0.739200
vt 0.965000 0.930800
vt 0.965000 0.925100
vt 0.682100 0.557000
vt 0.872900 0.776600
vt 0.965000 0.874700
vt 0.807500 0.935400
vt 0.994400 0.159300
vt 0.435500 0.739200
vt 0.762600 0.225300
vt 0.807500 0.954100
vt 0.628900 0.594200
vt 0.816700 0.960900
vt 0.586100 0.594200
vt 0.571400 0.594200
vt 0.571400 0.584900
vt 0.586100 0.584900
vt 0.628900 0.584900
vt 0.807500 0.960900
vt 0.534700 0.594200
vt 0.798200 0.941300
vt 0.534700 0.584900
vt 0.807500 0.941300
vt 0.585000 0.734500
vt 0.965000 0.692500
vt 0.873700 0.692500
vt 0.807500 0.963500
vt 0.635400 0.734500
vt 0.734500 0.547700
vt 0.884100 0.715900
vt 0.823300 0.692500
vt 0.878800 0.269600
vt 0.662500 0.408500
vt 0.816700 0.969300
vt 0.662500 0.445300
vt 0.654900 0.502000
vt 0.645700 0.502000
vt 0.653300 0.445300
vt 0.653300 0.408500
vt 0.807500 0.969300
vt 0.654900 0.544800
vt 0.798200 0.951600
vt 0.645700 0.544800
vt 0.807500 0.951600
vt 0.778900 0.547700
vt 0.994400 0.043100
vt 0.878800 0.225300
vt 0.807500 0.944800
vt 0.526800 0.583300
vt 0.644000 0.492000
vt 0.644000 0.455300
vt 0.798200 0.978700
vt 0.484100 0.583300
vt 0.816700 0.989000
vt 0.473300 0.583300
vt 0.936500 0.008600
vt 0.979300 0.008600
vt 0.793500 0.932900
vt 0.436600 0.583300
vt 0.447600 0.978700
vt 0.586100 0.575700
vt 0.571400 0.575700
vt 0.977900 0.207700
vt 0.628900 0.575700
vt 0.977900 0.250400
vt 0.798200 0.960900
vt 0.941200 0.207700
vt 0.534700 0.575700
vt 0.816700 0.941300
vt 0.636400 0.502000
vt 0.975400 0.175700
vt 0.644000 0.445300
vt 0.644000 0.408500
vt 0.798200 0.969300
vt 0.932600 0.175700
vt 0.636400 0.544800
vt 0.816700 0.951600
vt 0.790600 0.972800
vt 0.856000 0.857500
vt 0.859800 0.019700
vt 0.636400 0.454200
vt 0.856000 0.776600
vt 0.778900 0.019700
vt 0.824300 0.935400
vt 0.940100 0.201900
vt 0.884100 0.947600
vt 0.965000 0.947600
vt 0.790600 0.954100
vt 0.977500 0.159300
vt 0.734500 0.064400
vt 0.984500 0.252300
vt 0.977500 0.043100
vt 0.734500 0.167700
vt 0.824300 0.944800
vt 0.930800 0.169200
vt 0.884100 0.788800
vt 0.965000 0.732700
vt 0.884100 0.732700
vt 0.965000 0.788800
vt 0.884100 0.709400
vt 0.859800 0.212500
vt 0.455200 0.972800
vt 0.435500 0.575700
vt 0.790600 0.963500
vt 0.965000 0.709400
vt 0.778900 0.212500
vt 0.636400 0.407500
vt 0.631800 0.757900
vt 0.904200 0.064400
vt 0.824300 0.982200
vt 0.482200 0.575700
vt 0.785900 0.926100
vt 0.631800 0.874100
vt 0.904200 0.167700
vt 0.981100 0.001000
vt 0.636400 0.498600
vt 0.904200 0.019700
vt 0.532600 0.575700
vt 0.440200 0.547700
vt 0.888100 0.037800
vt 0.900900 0.362600
vt 0.859800 0.037800
vt 0.900900 0.334400
vt 0.888100 0.068300
vt 0.474400 0.547700
vt 0.888100 0.171500
vt 0.590700 0.547700
vt 0.930800 0.001000
vt 0.904200 0.212500
vt 0.479900 0.575700
vt 0.001000 0.968200
vt 0.888100 0.202000
vt 0.624900 0.547700
vt 0.859800 0.202000
vt 0.029200 0.968200
vt 0.778900 0.202000
vt 0.110200 0.968200
vt 0.636400 0.451800
vt 0.734500 0.212500
vt 0.981100 0.169200
vt 0.924300 0.019700
vt 0.750700 0.202000
vt 0.138400 0.968200
vt 0.750700 0.171500
vt 0.924300 0.053900
vt 0.750700 0.068300
vt 0.924300 0.170200
vt 0.734500 0.019700
vt 0.984500 0.201900
vt 0.900900 0.225300
vt 0.750700 0.037800
vt 0.924300 0.204400
vt 0.778900 0.037800
vt 0.900900 0.253500
vt 0.965000 0.956000
vt 0.884100 0.853200
vt 0.884100 0.956000
vt 0.965000 0.853200
vt 0.884100 0.797100
vt 0.965000 0.741000
vt 0.884100 0.741000
vt 0.965000 0.797100
vt 0.884100 0.362600
vt 0.440200 0.564500
vt 0.440200 0.407500
vt 0.884100 0.334400
vt 0.440200 0.435700
vt 0.474400 0.564500
vt 0.474400 0.407500
vt 0.590700 0.564500
vt 0.590700 0.407500
vt 0.624900 0.564500
vt 0.001000 0.985000
vt 0.624900 0.407500
vt 0.029200 0.985000
vt 0.624900 0.435700
vt 0.110200 0.985000
vt 0.624900 0.516600
vt 0.138400 0.985000
vt 0.907400 0.019700
vt 0.624900 0.544900
vt 0.907400 0.053900
vt 0.590700 0.544900
vt 0.907400 0.170200
vt 0.474400 0.544900
vt 0.907400 0.204400
vt 0.884100 0.225300
vt 0.440200 0.544900
vt 0.884100 0.253500
vt 0.440200 0.516600
vt 0.884100 0.870000
vt 0.231500 0.986800
vt 0.965000 0.757900
vt 0.884100 0.757900
vt 0.448300 0.415500
vt 0.448300 0.435700
vt 0.474400 0.415500
vt 0.590700 0.415500
vt 0.616800 0.415500
vt 0.616800 0.435700
vt 0.616800 0.516600
vt 0.616800 0.536800
vt 0.590700 0.536800
vt 0.474400 0.536800
vt 0.448300 0.536800
vt 0.448300 0.516600
vt 0.965000 0.757900
vt 0.884100 0.757900
vt 0.944800 0.541100
vt 0.958800 0.284100
vt 0.950700 0.541100
vt 0.958800 0.438300
vt 0.958800 0.393500
vt 0.950600 0.585900
vt 0.258000 0.941200
vt 0.944800 0.585900
vt 0.958800 0.239300
vt 0.258000 0.935400
vt 0.944800 0.496300
vt 0.958800 0.328900
vt 0.966300 0.682100
vt 0.950700 0.496300
vt 0.958800 0.483100
vt 0.960900 0.679700
vt 0.955100 0.541100
vt 0.955100 0.585900
vt 0.949800 0.640300
vt 0.955100 0.496300
vt 0.289500 0.967500
vt 0.948800 0.438300
vt 0.954100 0.438300
vt 0.944800 0.438300
vt 0.963500 0.438300
vt 0.963500 0.483100
vt 0.944900 0.393500
vt 0.262700 0.945200
vt 0.948900 0.393500
vt 0.954100 0.393500
vt 0.262700 0.941200
vt 0.948800 0.483100
vt 0.954100 0.483100
vt 0.962800 0.675400
vt 0.944800 0.483100
vt 0.963500 0.393500
vt 0.959200 0.673800
vt 0.968200 0.328900
vt 0.955700 0.328900
vt 0.951200 0.642600
vt 0.968200 0.284100
vt 0.955700 0.284100
vt 0.970700 0.284100
vt 0.953500 0.643600
vt 0.970700 0.328900
vt 0.968200 0.239300
vt 0.955600 0.239300
vt 0.288000 0.965300
vt 0.970700 0.239300
vt 0.288000 0.962800
vt 0.966300 0.541100
vt 0.968200 0.438300
vt 0.963500 0.541100
vt 0.877500 0.659800
vt 0.832700 0.659800
vt 0.963600 0.496300
vt 0.267400 0.948000
vt 0.966400 0.496300
vt 0.968200 0.483100
vt 0.267400 0.945200
vt 0.966300 0.585900
vt 0.968200 0.393500
vt 0.961100 0.669500
vt 0.963500 0.585900
vt 0.922300 0.659800
vt 0.958500 0.668300
vt 0.922300 0.687400
vt 0.832700 0.679500
vt 0.954200 0.645000
vt 0.877500 0.687400
vt 0.877500 0.679500
vt 0.877500 0.683800
vt 0.957400 0.646500
vt 0.922300 0.683800
vt 0.832700 0.687400
vt 0.922300 0.679500
vt 0.286900 0.961600
vt 0.832700 0.683800
vt 0.286900 0.958100
vt 0.877500 0.674400
vt 0.877500 0.664500
vt 0.922300 0.674500
vt 0.272100 0.948000
vt 0.832700 0.664500
vt 0.832700 0.674400
vt 0.922300 0.664500
vt 0.960400 0.664000
vt 0.285700 0.958100
vt 0.285800 0.962800
vt 0.285800 0.967500
vt 0.948300 0.643700
vt 0.952600 0.645600
vt 0.956900 0.647600
vt 0.655100 0.847500
vt 0.665000 0.847500
vt 0.957800 0.647200
vt 0.655100 0.802700
vt 0.665000 0.802700
vt 0.659100 0.802700
vt 0.195300 0.982400
vt 0.659100 0.847500
vt 0.961500 0.648900
vt 0.240200 0.982400
vt 0.655100 0.757900
vt 0.665000 0.757900
vt 0.286400 0.957400
vt 0.150500 0.982500
vt 0.659100 0.757900
vt 0.286400 0.953400
vt 0.954100 0.284100
vt 0.957300 0.541100
vt 0.954100 0.239300
vt 0.289500 0.965300
vt 0.957300 0.496300
vt 0.954100 0.328900
vt 0.951800 0.641200
vt 0.957300 0.585900
vt 0.971900 0.328900
vt 0.832700 0.678500
vt 0.954600 0.644100
vt 0.877500 0.678500
vt 0.971900 0.284100
vt 0.922300 0.678500
vt 0.288000 0.961600
vt 0.971900 0.239300
vt 0.922300 0.683100
vt 0.664500 0.847500
vt 0.958000 0.646700
vt 0.664500 0.802700
vt 0.877500 0.683100
vt 0.664500 0.757900
vt 0.286900 0.957400
vt 0.832700 0.683100
s 1
usemtl wire_138008110
f 2/4/1 4/7/1 1/1/1
f 3/6/1 6/10/1 4/7/1
f 5/9/1 8/13/1 6/10/1
f 7/12/1 10/16/1 8/13/1
f 9/15/1 12/19/1 10/16/1
f 11/18/1 14/22/1 12/19/1
f 13/21/1 16/25/1 14/22/1
f 15/24/1 18/28/1 16/25/1
f 17/27/1 20/31/1 18/28/1
f 19/30/1 22/36/1 20/31/1
f 23/38/1 3/6/1 2/4/1
f 24/40/1 5/9/1 3/6/1
f 25/41/1 7/12/1 5/9/1
f 26/42/1 9/15/1 7/12/1
f 27/43/1 11/18/1 9/15/1
f 28/44/1 13/21/1 11/18/1
f 29/45/1 15/24/1 13/21/1
f 30/46/1 17/27/1 15/24/1
f 31/47/1 19/30/1 17/27/1
f 32/48/1 21/33/1 19/30/1
f 34/51/1 24/40/1 23/38/1
f 35/53/1 25/41/1 24/40/1
f 36/54/1 26/42/1 25/41/1
f 37/55/1 27/43/1 26/42/1
f 38/56/1 28/44/1 27/43/1
f 39/57/1 29/45/1 28/44/1
f 40/58/1 30/46/1 29/45/1
f 41/59/1 31/47/1 30/46/1
f 42/60/1 32/48/1 31/47/1
f 43/61/1 33/49/1 32/48/1
f 45/64/1 35/53/1 34/51/1
f 46/66/1 36/54/1 35/53/1
f 47/67/1 37/55/1 36/54/1
f 48/68/1 38/56/1 37/55/1
f 49/69/1 39/57/1 38/56/1
f 50/70/1 40/58/1 39/57/1
f 51/71/1 41/59/1 40/58/1
f 52/72/1 42/60/1 41/59/1
f 53/73/1 43/61/1 42/60/1
f 54/74/1 44/62/1 43/61/1
f 56/77/1 46/66/1 45/64/1
f 57/79/1 47/67/1 46/66/1
f 58/80/1 48/68/1 47/67/1
f 59/81/1 49/69/1 48/68/1
f 60/82/1 50/70/1 49/69/1
f 61/83/1 51/71/1 50/70/1
f 62/84/1 52/72/1 51/71/1
f 63/85/1 53/73/1 52/72/1
f 64/86/1 54/74/1 53/73/1
f 65/87/1 55/75/1 54/74/1
f 67/90/1 57/79/1 56/77/1
f 68/92/1 58/80/1 57/79/1
f 69/93/1 59/81/1 58/80/1
f 70/94/1 60/82/1 59/81/1
f 71/95/1 61/83/1 60/82/1
f 72/96/1 62/84/1 61/83/1
f 73/97/1 63/85/1 62/84/1
f 74/98/1 64/86/1 63/85/1
f 75/99/1 65/87/1 64/86/1
f 76/100/1 66/88/1 65/87/1
f 78/103/1 68/92/1 67/90/1
f 79/105/1 69/93/1 68/92/1
f 80/106/1 70/94/1 69/93/1
f 81/107/1 71/95/1 70/94/1
f 82/108/1 72/96/1 71/95/1
f 83/109/1 73/97/1 72/96/1
f 84/110/1 74/98/1 73/97/1
f 85/111/1 75/99/1 74/98/1
f 86/112/1 76/100/1 75/99/1
f 87/113/1 77/101/1 76/100/1
f 89/116/1 79/105/1 78/103/1
f 90/118/1 80/106/1 79/105/1
f 91/119/1 81/107/1 80/106/1
f 92/120/1 82/108/1 81/107/1
f 93/121/1 83/109/1 82/108/1
f 94/122/1 84/110/1 83/109/1
f 95/123/1 85/111/1 84/110/1
f 96/124/1 86/112/1 85/111/1
f 97/125/1 87/113/1 86/112/1
f 98/126/1 88/114/1 87/113/1
f 100/129/1 90/118/1 89/116/1
f 101/131/1 91/119/1 90/118/1
f 102/132/1 92/120/1 91/119/1
f 103/133/1 93/121/1 92/120/1
f 104/134/1 94/122/1 93/121/1
f 105/135/1 95/123/1 94/122/1
f 106/136/1 96/124/1 95/123/1
f 107/137/1 97/125/1 96/124/1
f 108/138/1 98/126/1 97/125/1
f 109/139/1 99/127/1 98/126/1
f 111/143/1 101/131/1 100/129/1
f 112/145/1 102/132/1 101/131/1
f 113/147/1 103/133/1 102/132/1
f 114/149/1 104/134/1 103/133/1
f 115/151/1 105/135/1 104/134/1
f 116/153/1 106/136/1 105/135/1
f 117/155/1 107/137/1 106/136/1
f 118/157/1 108/138/1 107/137/1
f 119/159/1 109/139/1 108/138/1
f 120/161/1 110/140/1 109/139/1
f 123/169/2 125/172/2 122/166/2
f 126/174/2 124/171/2 123/169/2
f 128/177/2 127/176/2 126/174/2
f 130/180/2 129/179/2 128/177/2
f 132/183/2 131/182/2 130/180/2
f 134/187/2 133/185/2 132/183/2
f 136/191/2 135/190/2 134/187/2
f 138/194/2 137/193/2 136/191/2
f 140/197/2 139/196/2 138/194/2
f 142/200/2 141/199/2 140/197/2
f 124/171/2 145/206/2 125/172/2
f 127/176/2 144/205/2 124/171/2
f 129/179/2 146/208/2 127/176/2
f 131/182/2 147/209/2 129/179/2
f 133/185/2 148/210/2 131/182/2
f 137/193/2 151/216/2 135/190/2
f 139/196/2 150/214/2 137/193/2
f 141/199/2 152/218/2 139/196/2
f 143/203/2 153/219/2 141/199/2
f 144/205/2 156/223/2 145/206/2
f 146/208/2 155/222/2 144/205/2
f 147/209/2 157/226/2 146/208/2
f 148/210/2 158/228/2 147/209/2
f 149/211/2 159/230/2 148/210/2
f 151/216/2 160/232/2 149/211/2
f 150/214/2 161/234/2 151/216/2
f 152/218/2 162/236/2 150/214/2
f 153/219/2 163/238/2 152/218/2
f 154/220/2 164/241/2 153/219/2
f 155/222/2 167/246/2 156/223/2
f 157/226/2 166/245/2 155/222/2
f 170/253/2 172/256/2 169/250/2
f 174/259/2 176/262/2 173/258/2
f 178/267/2 180/269/2 177/263/2
f 181/272/2 179/268/2 178/267/2
f 183/274/2 182/273/2 181/272/2
f 185/279/2 187/281/2 188/282/2
f 190/286/2 192/292/2 189/284/2
f 165/243/2 194/296/2 164/241/2
f 166/245/2 196/299/2 167/246/2
f 168/248/2 195/298/2 166/245/2
f 171/255/2 199/304/2 172/256/2
f 180/269/2 198/303/2 171/255/2
f 179/268/2 200/306/2 180/269/2
f 182/273/2 201/307/2 179/268/2
f 184/276/2 202/308/2 182/273/2
f 205/314/2 207/319/2 204/311/2
f 209/323/3 211/328/4 208/322/5
f 193/294/2 213/331/2 194/296/2
f 195/298/2 215/334/2 196/299/2
f 197/301/2 214/333/2 195/298/2
f 198/303/2 218/339/2 199/304/2
f 200/306/2 217/338/2 198/303/2
f 201/307/2 219/341/2 200/306/2
f 202/308/2 220/342/2 201/307/2
f 203/309/2 221/343/2 202/308/2
f 206/317/2 224/350/2 207/319/2
f 211/328/4 225/353/6 226/356/7
f 212/329/2 228/360/2 213/331/2
f 214/333/2 230/363/2 215/334/2
f 216/336/2 229/362/2 214/333/2
f 217/338/2 233/370/2 218/339/2
f 235/374/2 237/377/2 234/373/2
f 220/342/2 239/381/2 219/341/2
f 221/343/2 238/380/2 220/342/2
f 222/345/2 240/385/2 221/343/2
f 243/390/2 245/392/2 242/388/2
f 247/395/2 249/401/2 246/393/2
f 227/358/2 251/406/2 228/360/2
f 229/362/2 253/409/2 230/363/2
f 231/366/2 252/408/2 229/362/2
f 255/412/2 254/411/2 231/366/2
f 257/415/2 256/414/2 255/412/2
f 259/418/2 258/417/2 257/415/2
f 261/423/2 260/421/2 259/418/2
f 263/428/2 262/425/2 261/423/2
f 265/431/2 264/430/2 263/428/2
f 251/406/2 266/433/2 265/431/2
f 250/403/2 267/434/2 251/406/2
f 252/408/2 270/438/2 253/409/2
f 254/411/2 269/437/2 252/408/2
f 256/414/2 271/440/2 254/411/2
f 258/417/2 272/441/2 256/414/2
f 260/421/2 273/442/2 258/417/2
f 264/430/2 276/446/2 262/425/2
f 266/433/2 275/445/2 264/430/2
f 267/434/2 277/448/2 266/433/2
f 268/435/2 278/449/2 267/434/2
f 269/437/2 281/454/2 270/438/2
f 271/440/2 280/452/2 269/437/2
f 272/441/2 282/457/2 271/440/2
f 273/442/2 283/459/2 272/441/2
f 274/444/2 284/461/2 273/442/2
f 276/446/2 285/463/2 274/444/2
f 275/445/2 286/465/2 276/446/2
f 277/448/2 287/467/2 275/445/2
f 278/449/2 288/469/2 277/448/2
f 279/450/2 289/471/2 278/449/2
f 4/8/8 122/167/8 1/2/8
f 6/11/8 123/170/8 4/8/8
f 8/14/8 126/175/8 6/11/8
f 10/17/8 128/178/8 8/14/8
f 12/20/8 130/181/8 10/17/8
f 14/23/8 132/184/8 12/20/8
f 16/26/8 134/188/8 14/23/8
f 18/29/8 136/192/8 16/26/8
f 20/32/8 138/195/8 18/29/8
f 22/37/8 140/198/8 20/32/8
f 21/34/9 142/202/9 22/35/9
f 33/50/9 143/204/9 21/34/9
f 44/63/9 154/221/9 33/50/9
f 55/76/9 165/244/9 44/63/9
f 66/89/9 193/295/9 55/76/9
f 77/102/9 212/330/9 66/89/9
f 88/115/9 227/359/9 77/102/9
f 99/128/9 250/404/9 88/115/9
f 110/141/9 268/436/9 99/128/9
f 121/165/9 279/451/9 110/141/9
f 120/162/10 290/475/10 121/163/10
f 119/160/10 289/472/10 120/162/10
f 118/158/10 288/470/10 119/160/10
f 117/156/10 287/468/10 118/158/10
f 116/154/10 286/466/10 117/156/10
f 115/152/10 285/464/10 116/154/10
f 114/150/10 284/462/10 115/152/10
f 113/148/10 283/460/10 114/150/10
f 112/146/10 282/458/10 113/148/10
f 111/144/10 280/453/10 112/146/10
f 100/130/11 281/456/11 111/142/11
f 89/117/11 270/439/11 100/130/11
f 78/104/11 253/410/11 89/117/11
f 67/91/11 230/364/11 78/104/11
f 56/78/11 215/335/11 67/91/11
f 45/65/11 196/300/11 56/78/11
f 34/52/11 167/247/11 45/65/11
f 23/39/11 156/224/11 34/52/11
f 2/5/11 145/207/11 23/39/11
f 1/3/11 125/173/11 2/5/11
s 0
f 158/229/8 292/478/8 157/225/8
f 159/231/8 291/476/8 158/229/8
f 160/233/8 293/481/8 159/231/8
f 161/235/8 294/483/8 160/233/8
f 162/237/8 295/485/8 161/235/8
f 163/239/8 296/487/8 162/237/8
f 164/242/8 297/489/8 163/239/8
f 194/297/9 298/492/9 164/240/9
f 213/332/9 299/494/9 194/297/9
f 228/361/9 300/496/9 213/332/9
f 251/407/9 301/498/9 228/361/9
f 265/432/10 302/501/10 251/405/10
f 263/429/10 303/503/10 265/432/10
f 261/424/10 304/505/10 263/429/10
f 259/419/10 305/507/10 261/424/10
f 257/416/10 306/509/10 259/419/10
f 255/413/10 307/511/10 257/416/10
f 231/367/10 308/513/10 255/413/10
f 216/337/11 309/516/11 231/365/11
f 197/302/11 310/518/11 216/337/11
f 168/249/11 311/520/11 197/302/11
f 157/227/11 312/522/11 168/249/11
f 291/477/2 314/527/2 292/480/2
f 293/482/2 313/524/2 291/477/2
f 294/484/2 315/529/2 293/482/2
f 295/486/2 316/531/2 294/484/2
f 296/488/2 317/533/2 295/486/2
f 297/490/2 318/535/2 296/488/2
f 297/490/2 320/540/2 319/537/2
f 299/495/2 320/540/2 298/493/2
f 300/497/2 321/542/2 299/495/2
f 301/499/2 322/544/2 300/497/2
f 301/499/2 324/549/2 323/546/2
f 303/504/2 324/549/2 302/502/2
f 304/506/2 325/551/2 303/504/2
f 305/508/2 326/553/2 304/506/2
f 306/510/2 327/555/2 305/508/2
f 307/512/2 328/557/2 306/510/2
f 308/514/2 329/559/2 307/512/2
f 308/514/2 331/564/2 330/561/2
f 310/519/2 331/564/2 309/517/2
f 311/521/2 332/566/2 310/519/2
f 312/523/2 333/568/2 311/521/2
f 312/523/2 314/527/2 334/570/2
f 313/525/8 336/574/8 314/526/8
f 315/530/8 335/572/8 313/525/8
f 316/532/8 337/577/8 315/530/8
f 317/534/8 338/579/8 316/532/8
f 318/536/8 339/581/8 317/534/8
f 319/538/8 340/583/8 318/536/8
f 320/541/8 341/585/8 319/538/8
f 321/543/9 342/588/9 320/539/9
f 322/545/9 343/590/9 321/543/9
f 323/547/9 344/592/9 322/545/9
f 324/550/9 345/594/9 323/547/9
f 325/552/10 346/597/10 324/548/10
f 326/554/10 347/599/10 325/552/10
f 327/556/10 348/601/10 326/554/10
f 328/558/10 349/603/10 327/556/10
f 329/560/10 350/605/10 328/558/10
f 330/562/10 351/607/10 329/560/10
f 331/565/10 352/609/10 330/562/10
f 332/567/11 353/612/11 331/563/11
f 333/569/11 354/614/11 332/567/11
f 334/571/11 355/616/11 333/569/11
f 314/528/11 356/618/11 334/571/11
f 335/573/2 358/623/2 336/576/2
f 337/578/2 357/620/2 335/573/2
f 338/580/2 359/625/2 337/578/2
f 339/582/2 360/627/2 338/580/2
f 340/584/2 361/632/2 339/582/2
f 341/586/2 362/635/2 340/584/2
f 341/586/2 364/639/2 363/637/2
f 343/591/2 364/639/2 342/589/2
f 344/593/12 365/642/12 343/591/12
f 344/593/13 367/646/13 366/644/13
f 345/595/2 368/649/2 367/646/2
f 347/600/2 368/649/2 346/598/2
f 348/602/2 369/651/2 347/600/2
f 349/604/2 370/653/2 348/602/2
f 350/606/2 371/655/2 349/604/2
f 351/608/2 372/660/2 350/606/2
f 352/610/2 373/663/2 351/608/2
f 352/610/2 375/668/2 374/665/2
f 354/615/2 375/668/2 353/613/2
f 355/617/2 376/670/2 354/615/2
f 356/619/2 377/672/2 355/617/2
f 356/619/2 358/623/2 378/674/2
f 357/621/8 169/251/8 358/622/8
f 380/677/8 382/679/8 379/676/8
f 360/628/8 177/264/8 359/626/8
f 362/636/8 181/271/8 361/631/8
f 384/681/8 386/683/8 383/680/8
f 364/640/8 189/285/8 363/638/8
f 365/643/9 387/685/9 190/288/9
f 366/645/9 387/685/9 365/643/9
f 366/645/9 389/689/9 388/687/9
f 368/650/9 247/396/9 389/689/9
f 369/652/10 248/400/10 368/648/10
f 391/693/10 393/695/10 390/692/10
f 371/656/10 241/387/10 370/654/10
f 373/664/10 238/379/10 372/659/10
f 395/697/10 397/699/10 394/696/10
f 375/669/10 232/369/10 374/666/10
f 376/671/11 233/372/11 375/667/11
f 399/703/11 401/707/11 398/700/11
f 402/710/11 400/705/11 399/703/11
f 358/624/11 172/257/11 378/675/11
f 377/673/11 405/719/11 376/671/11
f 377/673/11 406/722/11 404/716/11
f 172/257/11 406/722/11 378/675/11
f 199/305/11 407/725/11 172/257/11
f 199/305/11 409/730/11 408/727/11
f 218/340/11 405/719/11 409/730/11
f 404/717/2 411/734/2 405/718/2
f 406/723/2 410/732/2 404/717/2
f 407/726/10 412/738/10 406/721/10
f 408/728/1 413/741/1 407/724/1
f 409/731/1 414/743/1 408/728/1
f 405/720/8 415/746/8 409/729/8
f 410/733/11 417/751/11 411/736/11
f 410/733/11 418/754/11 416/748/11
f 413/742/11 418/754/11 412/739/11
f 414/744/11 419/757/11 413/742/11
f 414/744/11 421/762/11 420/759/11
f 411/736/11 421/762/11 415/747/11
f 416/749/2 423/766/2 417/750/2
f 418/755/2 422/764/2 416/749/2
f 419/758/10 424/770/10 418/753/10
f 420/760/1 425/773/1 419/756/1
f 421/763/1 426/775/1 420/760/1
f 417/752/8 427/778/8 421/761/8
f 422/765/11 429/783/11 423/768/11
f 422/765/11 430/786/11 428/780/11
f 424/771/11 431/789/11 430/786/11
f 426/776/11 431/789/11 425/774/11
f 426/776/11 433/794/11 432/791/11
f 423/768/11 433/794/11 427/779/11
f 428/781/2 398/701/2 429/782/2
f 430/787/2 399/704/2 428/781/2
f 431/790/10 402/712/10 430/785/10
f 432/792/1 403/715/1 431/788/1
f 433/795/1 400/706/1 432/792/1
f 429/784/8 401/709/8 433/793/8
s 1
f 151/217/9 435/798/9 135/189/9
f 149/212/14 434/796/14 151/215/14
f 149/213/11 437/803/11 436/801/11
f 135/190/15 437/802/15 133/185/15
f 434/797/9 439/806/9 435/798/9
f 436/800/14 438/804/14 434/796/14
f 436/801/11 441/811/11 440/809/11
f 435/799/15 441/810/15 437/802/15
f 438/805/9 443/814/9 439/806/9
f 440/808/14 442/812/14 438/804/14
f 440/809/11 445/819/11 444/817/11
f 439/807/15 445/818/15 441/810/15
f 442/813/9 447/822/9 443/814/9
f 444/816/14 446/820/14 442/812/14
f 444/817/11 449/827/11 448/824/11
f 443/815/15 449/826/15 445/818/15
f 447/822/9 450/829/9 451/830/9
f 448/825/14 450/828/14 446/820/14
f 449/827/11 452/832/11 448/824/11
f 447/823/15 453/834/15 449/826/15
f 451/830/9 361/633/9 181/270/9
f 452/833/14 361/634/14 450/828/14
f 453/835/11 360/630/11 452/832/11
f 451/831/15 178/267/15 453/834/15
f 262/426/9 454/837/9 455/838/9
f 274/444/16 454/836/16 276/446/16
f 260/422/11 456/840/11 274/443/11
f 262/427/17 457/842/17 260/420/17
f 455/838/9 458/845/9 459/846/9
f 456/841/16 458/844/16 454/836/16
f 457/843/11 460/848/11 456/840/11
f 455/839/17 461/850/17 457/842/17
f 459/846/9 462/853/9 463/854/9
f 460/849/16 462/852/16 458/844/16
f 461/851/11 464/856/11 460/848/11
f 459/847/17 465/858/17 461/850/17
f 463/854/9 466/861/9 467/862/9
f 464/857/16 466/860/16 462/852/16
f 465/859/11 468/865/11 464/856/11
f 463/855/17 469/866/17 465/858/17
f 466/861/9 471/870/9 467/862/9
f 468/864/16 470/868/16 466/860/16
f 468/865/11 473/875/11 472/873/11
f 467/863/17 473/874/17 469/866/17
f 470/869/9 371/657/9 471/870/9
f 472/872/16 240/385/16 470/868/16
f 472/873/11 372/661/11 238/378/11
f 471/871/17 372/662/17 473/874/17
s 0
f 170/253/18 475/880/18 171/255/18
f 177/263/19 474/877/19 170/253/19
f 177/263/20 477/886/20 476/883/20
f 171/255/21 477/886/21 180/269/21
f 183/274/18 479/892/18 184/276/18
f 189/284/19 478/889/19 183/274/19
f 189/284/20 481/898/20 480/895/20
f 184/276/21 481/898/21 192/292/21
f 219/341/19 483/904/19 217/338/19
f 239/381/20 482/901/20 219/341/20
f 232/368/22 484/907/22 239/381/22
f 217/338/18 485/910/18 232/368/18
f 246/393/19 487/916/19 222/345/19
f 249/401/20 486/913/20 246/393/20
f 241/386/22 488/919/22 249/401/22
f 222/345/18 489/922/18 241/386/18
f 474/878/11 491/927/11 475/879/11
f 476/884/8 490/925/8 474/876/8
f 477/887/9 492/931/9 476/882/9
f 475/881/10 493/934/10 477/885/10
f 478/890/11 495/939/11 479/891/11
f 480/896/8 494/937/8 478/888/8
f 481/899/9 496/943/9 480/894/9
f 479/893/10 497/946/10 481/897/10
f 482/902/8 499/951/8 483/903/8
f 484/908/9 498/949/9 482/900/9
f 485/911/10 500/955/10 484/906/10
f 483/905/11 501/958/11 485/909/11
f 486/914/8 503/963/8 487/915/8
f 488/920/9 502/961/9 486/912/9
f 489/923/10 504/967/10 488/918/10
f 487/917/11 505/970/11 489/921/11
f 507/976/11 509/981/11 506/972/11
f 510/985/8 508/979/8 507/975/8
f 512/991/9 511/988/9 510/984/9
f 506/973/10 513/994/10 512/990/10
f 515/1000/11 517/1005/11 514/996/11
f 518/1009/8 516/1003/8 515/999/8
f 520/1015/9 519/1012/9 518/1008/9
f 514/997/10 521/1018/10 520/1014/10
f 523/1024/8 525/1029/8 522/1020/8
f 526/1033/9 524/1027/9 523/1023/9
f 528/1039/10 527/1036/10 526/1032/10
f 522/1021/11 529/1042/11 528/1038/11
f 531/1048/8 533/1053/8 530/1044/8
f 534/1057/9 532/1051/9 531/1047/9
f 536/1063/10 535/1060/10 534/1056/10
f 530/1045/11 537/1066/11 536/1062/11
f 491/929/1 507/977/1 506/974/1
f 492/932/1 507/977/1 490/926/1
f 493/935/1 510/986/1 492/932/1
f 493/935/1 506/974/1 512/992/1
f 539/1072/2 508/980/2 538/1069/2
f 539/1072/2 513/995/2 509/983/2
f 540/1075/2 511/989/2 513/995/2
f 538/1069/2 511/989/2 541/1078/2
f 495/941/1 515/1001/1 514/998/1
f 496/944/1 515/1001/1 494/938/1
f 497/947/1 518/1010/1 496/944/1
f 497/947/1 514/998/1 520/1016/1
f 543/1084/2 516/1004/2 542/1081/2
f 543/1084/2 521/1019/2 517/1007/2
f 544/1087/2 519/1013/2 521/1019/2
f 542/1081/2 519/1013/2 545/1090/2
f 499/953/1 523/1025/1 522/1022/1
f 500/956/1 523/1025/1 498/950/1
f 500/956/1 528/1040/1 526/1034/1
f 499/953/1 528/1040/1 501/959/1
f 546/1093/2 525/1031/2 524/1028/2
f 548/1099/2 525/1031/2 547/1096/2
f 548/1099/2 527/1037/2 529/1043/2
f 546/1093/2 527/1037/2 549/1102/2
f 503/965/1 531/1049/1 530/1046/1
f 504/968/1 531/1049/1 502/962/1
f 504/968/1 536/1064/1 534/1058/1
f 503/965/1 536/1064/1 505/971/1
f 550/1105/2 533/1055/2 532/1052/2
f 552/1111/2 533/1055/2 551/1108/2
f 552/1111/2 535/1061/2 537/1067/2
f 550/1105/2 535/1061/2 553/1114/2
f 538/1070/11 555/1119/11 539/1071/11
f 541/1079/8 554/1117/8 538/1068/8
f 540/1076/9 556/1123/9 541/1077/9
f 539/1073/10 557/1126/10 540/1074/10
f 542/1082/11 559/1131/11 543/1083/11
f 545/1091/8 558/1129/8 542/1080/8
f 544/1088/9 560/1135/9 545/1089/9
f 543/1085/10 561/1138/10 544/1086/10
f 546/1094/8 563/1143/8 547/1095/8
f 549/1103/9 562/1141/9 546/1092/9
f 548/1100/10 564/1147/10 549/1101/10
f 547/1097/11 565/1150/11 548/1098/11
f 550/1106/8 567/1155/8 551/1107/8
f 553/1115/9 566/1153/9 550/1104/9
f 552/1112/10 568/1159/10 553/1113/10
f 551/1109/11 569/1162/11 552/1110/11
f 571/1168/11 573/1173/11 570/1164/11
f 574/1177/8 572/1171/8 571/1167/8
f 576/1183/9 575/1180/9 574/1176/9
f 570/1165/10 577/1186/10 576/1182/10
f 579/1192/11 581/1197/11 578/1188/11
f 582/1201/8 580/1195/8 579/1191/8
f 584/1207/9 583/1204/9 582/1200/9
f 578/1189/10 585/1210/10 584/1206/10
f 587/1216/8 589/1221/8 586/1212/8
f 590/1225/9 588/1219/9 587/1215/9
f 592/1231/10 591/1228/10 590/1224/10
f 586/1213/11 593/1234/11 592/1230/11
f 595/1240/8 597/1245/8 594/1236/8
f 598/1249/9 596/1243/9 595/1239/9
f 600/1255/10 599/1252/10 598/1248/10
f 594/1237/11 601/1258/11 600/1254/11
f 555/1121/1 571/1169/1 570/1166/1
f 556/1124/1 571/1169/1 554/1118/1
f 557/1127/1 574/1178/1 556/1124/1
f 557/1127/1 570/1166/1 576/1184/1
f 603/1264/2 572/1172/2 602/1261/2
f 603/1264/2 577/1187/2 573/1175/2
f 604/1267/2 575/1181/2 577/1187/2
f 602/1261/2 575/1181/2 605/1270/2
f 559/1133/1 579/1193/1 578/1190/1
f 560/1136/1 579/1193/1 558/1130/1
f 561/1139/1 582/1202/1 560/1136/1
f 561/1139/1 578/1190/1 584/1208/1
f 607/1276/2 580/1196/2 606/1273/2
f 607/1276/2 585/1211/2 581/1199/2
f 608/1279/2 583/1205/2 585/1211/2
f 606/1273/2 583/1205/2 609/1282/2
f 563/1145/1 587/1217/1 586/1214/1
f 564/1148/1 587/1217/1 562/1142/1
f 564/1148/1 592/1232/1 590/1226/1
f 563/1145/1 592/1232/1 565/1151/1
f 610/1285/2 589/1223/2 588/1220/2
f 612/1291/2 589/1223/2 611/1288/2
f 612/1291/2 591/1229/2 593/1235/2
f 610/1285/2 591/1229/2 613/1294/2
f 567/1157/1 595/1241/1 594/1238/1
f 568/1160/1 595/1241/1 566/1154/1
f 568/1160/1 600/1256/1 598/1250/1
f 567/1157/1 600/1256/1 569/1163/1
f 614/1297/2 597/1247/2 596/1244/2
f 616/1303/2 597/1247/2 615/1300/2
f 616/1303/2 599/1253/2 601/1259/2
f 614/1297/2 599/1253/2 617/1306/2
f 602/1262/11 619/1311/11 603/1263/11
f 605/1271/8 618/1309/8 602/1260/8
f 604/1268/9 620/1315/9 605/1269/9
f 603/1265/10 621/1318/10 604/1266/10
f 606/1274/11 623/1323/11 607/1275/11
f 609/1283/8 622/1321/8 606/1272/8
f 608/1280/9 624/1327/9 609/1281/9
f 607/1277/10 625/1330/10 608/1278/10
f 610/1286/8 627/1335/8 611/1287/8
f 613/1295/9 626/1333/9 610/1284/9
f 612/1292/10 628/1339/10 613/1293/10
f 611/1289/11 629/1342/11 612/1290/11
f 614/1298/8 631/1347/8 615/1299/8
f 617/1307/9 630/1345/9 614/1296/9
f 616/1304/10 632/1351/10 617/1305/10
f 615/1301/11 633/1354/11 616/1302/11
f 619/1313/23 634/1357/23 635/1359/23
f 620/1316/24 634/1357/24 618/1310/24
f 621/1319/25 636/1365/25 620/1316/25
f 621/1319/26 635/1359/26 637/1368/26
f 623/1325/23 638/1370/23 639/1375/23
f 624/1328/24 638/1370/24 622/1322/24
f 625/1331/25 640/1378/25 624/1328/25
f 623/1325/26 641/1382/26 625/1331/26
f 626/1334/24 643/1389/24 627/1337/24
f 626/1334/25 644/1391/25 642/1385/25
f 628/1340/26 645/1396/26 644/1391/26
f 627/1337/23 645/1396/23 629/1343/23
f 630/1346/24 647/1403/24 631/1349/24
f 630/1346/25 648/1406/25 646/1398/25
f 633/1355/26 648/1406/26 632/1352/26
f 631/1349/23 649/1410/23 633/1355/23
f 651/1414/11 653/1418/11 650/1412/11
f 654/1420/8 652/1416/8 651/1415/8
f 637/1369/9 657/1430/9 636/1363/9
f 635/1360/10 656/1426/10 637/1367/10
f 638/1371/11 660/1442/11 639/1374/11
f 662/1448/8 664/1452/8 661/1446/8
f 665/1454/9 663/1450/9 662/1449/9
f 639/1376/10 667/1459/10 641/1380/10
f 642/1386/8 669/1467/8 643/1387/8
f 644/1392/9 668/1464/9 642/1384/9
f 672/1477/10 674/1481/10 671/1475/10
f 675/1483/11 673/1479/11 672/1478/11
f 646/1399/8 678/1491/8 647/1402/8
f 680/1498/9 682/1502/9 679/1496/9
f 683/1504/10 681/1500/10 680/1499/10
f 647/1404/11 685/1508/11 649/1408/11
f 652/1417/11 687/1514/11 653/1418/11
f 655/1422/8 686/1512/8 652/1416/8
f 663/1451/8 690/1520/8 664/1452/8
f 666/1456/9 689/1518/9 663/1450/9
f 673/1480/10 693/1527/10 674/1481/10
f 676/1485/11 692/1525/11 673/1479/11
f 681/1501/9 696/1536/9 682/1502/9
f 684/1506/10 695/1533/10 681/1500/10
s 1
f 698/1542/11 669/1468/11 658/1433/11
f 175/260/2 234/373/2 176/262/2
f 656/1427/9 701/1550/9 700/1549/9
f 658/1435/1 668/1466/1 656/1424/1
f 702/1552/10 685/1509/10 670/1471/10
f 236/376/2 242/388/2 245/392/2
f 670/1473/1 678/1495/1 668/1462/1
f 704/1560/11 678/1493/11 660/1441/11
f 187/281/2 242/388/2 188/282/2
f 667/1460/9 707/1568/9 706/1563/9
f 660/1444/1 677/1489/1 667/1458/1
f 657/1431/8 709/1576/8 708/1571/8
f 656/1428/1 659/1439/1 657/1429/1
f 174/259/2 188/282/2 175/260/2
f 678/1495/1 656/1428/1 668/1462/1
f 235/374/2 188/282/2 242/388/2
s 0
f 698/1543/27 711/1583/27 712/1585/27
f 708/1572/28 711/1583/28 710/1580/28
f 709/1577/28 713/1587/28 708/1572/28
f 709/1577/28 716/1595/28 714/1589/28
f 706/1564/29 716/1595/29 715/1592/29
f 707/1569/29 717/1597/29 706/1564/29
f 707/1569/29 720/1605/29 718/1599/29
f 703/1556/30 720/1605/30 719/1602/30
f 702/1553/30 721/1607/30 703/1556/30
f 702/1553/30 724/1614/30 722/1609/30
f 699/1546/27 724/1614/27 723/1611/27
f 698/1543/27 725/1616/27 699/1546/27
f 701/1550/9 727/1620/9 700/1549/9
f 705/1562/9 728/1622/9 704/1559/9
f 711/1584/11 731/1629/11 712/1586/11
f 713/1588/8 730/1627/8 711/1582/8
f 714/1590/8 732/1631/8 713/1588/8
f 716/1596/8 733/1633/8 714/1590/8
f 717/1598/9 734/1636/9 716/1594/9
f 718/1600/9 735/1638/9 717/1598/9
f 720/1606/9 736/1640/9 718/1600/9
f 721/1608/10 737/1643/10 720/1604/10
f 722/1610/10 738/1645/10 721/1608/10
f 724/1615/10 739/1647/10 722/1610/10
f 725/1617/11 740/1650/11 724/1613/11
f 712/1586/11 741/1652/11 725/1617/11
f 728/1623/11 745/1657/11 729/1624/11
f 731/1630/2 746/1658/2 747/1659/2
f 732/1632/2 746/1658/2 730/1628/2
f 733/1634/2 748/1660/2 732/1632/2
f 733/1634/2 750/1662/2 749/1661/2
f 735/1639/2 750/1662/2 734/1637/2
f 736/1641/2 751/1663/2 735/1639/2
f 736/1641/2 753/1665/2 752/1664/2
f 738/1646/2 753/1665/2 737/1644/2
f 739/1648/2 754/1666/2 738/1646/2
f 739/1648/2 756/1668/2 755/1667/2
f 741/1653/2 756/1668/2 740/1651/2
f 731/1630/2 757/1669/2 741/1653/2
f 744/1656/1 759/1671/1 745/1657/1
f 747/1659/27 173/258/27 176/262/27
f 748/1660/28 173/258/28 746/1658/28
f 749/1661/28 174/259/28 748/1660/28
f 749/1661/28 186/280/28 185/279/28
f 751/1663/29 186/280/29 750/1662/29
f 752/1664/29 187/281/29 751/1663/29
f 752/1664/29 244/391/29 243/390/29
f 754/1666/30 244/391/30 753/1665/30
f 755/1667/30 245/392/30 754/1666/30
f 755/1667/30 237/377/30 236/376/30
f 757/1669/27 237/377/27 756/1668/27
f 747/1659/27 234/373/27 757/1669/27
f 758/1670/11 242/389/11 759/1671/11
f 760/1672/9 762/1677/9 763/1679/9
f 765/1685/9 760/1672/9 764/1682/9
f 388/688/31 763/1680/31 387/684/31
f 389/690/32 760/1673/32 388/688/32
f 206/318/9 767/1689/9 223/347/9
f 205/315/9 766/1688/9 206/318/9
f 769/1693/33 771/1698/33 772/1700/33
f 773/1703/9 770/1695/9 769/1693/9
f 761/1675/34 772/1701/34 762/1676/34
f 765/1686/2 769/1694/2 761/1675/2
f 775/1709/35 777/1714/35 778/1716/35
f 776/1712/36 780/1720/36 777/1714/36
f 781/1722/37 783/1727/37 784/1729/37
f 785/1732/38 782/1724/38 781/1722/38
f 770/1696/39 784/1730/39 771/1697/39
f 774/1707/40 781/1723/40 770/1696/40
f 787/1738/41 789/1743/41 790/1745/41
f 788/1741/42 792/1749/42 789/1743/42
f 793/1751/43 209/324/43 794/1753/43
f 795/1756/44 210/327/44 793/1751/44
f 797/1760/45 192/293/45 209/325/45
f 191/291/46 771/1699/46 783/1728/46
f 782/1725/47 794/1755/47 783/1726/47
f 786/1736/48 793/1752/48 782/1725/48
f 774/1708/8 765/1687/8 247/397/8
f 246/394/49 800/1763/49 226/357/49
f 802/1765/50 804/1770/50 805/1772/50
f 803/1768/51 807/1779/51 804/1770/51
f 184/277/10 205/316/10 204/312/10
f 798/1761/10 205/316/10 192/293/10
f 779/1718/52 808/1781/52 809/1783/52
f 775/1710/53 808/1781/53 776/1713/53
f 799/1762/8 223/349/8 767/1690/8
f 222/346/8 223/349/8 246/394/8
f 203/310/9 224/352/9 222/344/9
f 184/278/9 207/320/9 203/310/9
f 788/1742/54 811/1790/54 812/1792/54
f 800/1763/8 775/1711/8 778/1715/8
f 767/1690/8 775/1711/8 799/1762/8
f 766/1688/9 810/1788/9 767/1689/9
f 768/1691/9 808/1782/9 766/1688/9
f 768/1692/10 779/1719/10 809/1784/10
f 797/1760/55 779/1719/55 798/1761/55
f 791/1747/56 812/1792/56 813/1794/56
f 803/1769/54 814/1798/54 815/1800/54
f 801/1764/8 787/1740/8 790/1744/8
f 778/1715/8 787/1740/8 800/1763/8
f 778/1716/57 812/1793/57 811/1789/57
f 777/1714/58 813/1796/58 812/1793/58
f 780/1721/10 791/1748/10 813/1795/10
f 796/1759/59 791/1748/59 797/1760/59
f 806/1776/60 815/1800/60 816/1802/60
f 211/328/61 805/1774/61 804/1771/61
f 226/357/62 802/1767/62 805/1773/62
f 790/1744/8 802/1767/8 801/1764/8
f 790/1745/63 815/1801/63 814/1797/63
f 789/1743/63 816/1804/63 815/1801/63
f 792/1750/10 806/1777/10 816/1803/10
f 208/321/59 806/1777/59 796/1759/59
f 208/322/64 804/1771/64 807/1778/64
f 359/626/65 379/676/65 357/621/65
f 359/626/66 381/678/66 380/677/66
f 177/264/67 382/679/67 381/678/67
f 357/621/68 382/679/68 170/254/68
f 363/638/65 383/680/65 362/636/65
f 363/638/66 385/682/66 384/681/66
f 189/285/67 386/683/67 385/682/67
f 362/636/68 386/683/68 183/275/68
f 369/652/69 391/693/69 390/692/69
f 370/654/70 392/694/70 391/693/70
f 249/402/71 392/694/71 241/387/71
f 369/652/72 393/695/72 249/402/72
f 373/664/69 395/697/69 394/696/69
f 374/666/70 396/698/70 395/697/70
f 239/382/71 396/698/71 232/369/71
f 373/664/72 397/699/72 239/382/72
f 646/1400/73 680/1498/73 679/1496/73
f 649/1411/74 680/1499/74 648/1405/74
f 685/1511/75 683/1505/75 649/1409/75
f 685/1511/75 697/1540/75 684/1507/75
f 703/1558/76 695/1534/76 697/1538/76
f 707/1570/77 695/1535/77 719/1601/77
f 677/1490/78 696/1537/78 707/1567/78
f 677/1490/78 679/1497/78 682/1503/78
f 638/1372/79 662/1448/79 661/1446/79
f 641/1383/73 662/1449/73 640/1377/73
f 667/1461/80 665/1455/80 641/1381/80
f 667/1461/80 691/1523/80 666/1457/80
f 706/1566/77 689/1518/77 691/1522/77
f 709/1578/81 689/1519/81 715/1591/81
f 659/1440/82 690/1521/82 709/1575/82
f 659/1440/82 661/1447/82 664/1453/82
f 635/1361/83 651/1414/83 650/1412/83
f 636/1366/79 651/1415/79 634/1356/79
f 657/1432/84 654/1421/84 636/1364/84
f 657/1432/84 688/1517/84 655/1423/84
f 708/1574/81 686/1512/81 688/1516/81
f 698/1544/85 686/1513/85 710/1579/85
f 658/1436/86 687/1515/86 698/1541/86
f 658/1436/86 650/1413/86 653/1419/86
f 644/1393/74 672/1477/74 671/1475/74
f 643/1390/83 672/1478/83 645/1395/83
f 669/1470/87 675/1484/87 643/1388/87
f 669/1470/87 694/1532/87 676/1486/87
f 699/1548/85 692/1526/85 694/1530/85
f 702/1554/76 692/1526/76 723/1612/76
f 670/1474/88 693/1529/88 702/1551/88
f 670/1474/88 671/1476/88 674/1482/88
f 175/261/11 742/1654/11 727/1621/11
s 1
f 2/4/1 3/6/1 4/7/1
f 3/6/1 5/9/1 6/10/1
f 5/9/1 7/12/1 8/13/1
f 7/12/1 9/15/1 10/16/1
f 9/15/1 11/18/1 12/19/1
f 11/18/1 13/21/1 14/22/1
f 13/21/1 15/24/1 16/25/1
f 15/24/1 17/27/1 18/28/1
f 17/27/1 19/30/1 20/31/1
f 19/30/1 21/33/1 22/36/1
f 23/38/1 24/40/1 3/6/1
f 24/40/1 25/41/1 5/9/1
f 25/41/1 26/42/1 7/12/1
f 26/42/1 27/43/1 9/15/1
f 27/43/1 28/44/1 11/18/1
f 28/44/1 29/45/1 13/21/1
f 29/45/1 30/46/1 15/24/1
f 30/46/1 31/47/1 17/27/1
f 31/47/1 32/48/1 19/30/1
f 32/48/1 33/49/1 21/33/1
f 34/51/1 35/53/1 24/40/1
f 35/53/1 36/54/1 25/41/1
f 36/54/1 37/55/1 26/42/1
f 37/55/1 38/56/1 27/43/1
f 38/56/1 39/57/1 28/44/1
f 39/57/1 40/58/1 29/45/1
f 40/58/1 41/59/1 30/46/1
f 41/59/1 42/60/1 31/47/1
f 42/60/1 43/61/1 32/48/1
f 43/61/1 44/62/1 33/49/1
f 45/64/1 46/66/1 35/53/1
f 46/66/1 47/67/1 36/54/1
f 47/67/1 48/68/1 37/55/1
f 48/68/1 49/69/1 38/56/1
f 49/69/1 50/70/1 39/57/1
f 50/70/1 51/71/1 40/58/1
f 51/71/1 52/72/1 41/59/1
f 52/72/1 53/73/1 42/60/1
f 53/73/1 54/74/1 43/61/1
f 54/74/1 55/75/1 44/62/1
f 56/77/1 57/79/1 46/66/1
f 57/79/1 58/80/1 47/67/1
f 58/80/1 59/81/1 48/68/1
f 59/81/1 60/82/1 49/69/1
f 60/82/1 61/83/1 50/70/1
f 61/83/1 62/84/1 51/71/1
f 62/84/1 63/85/1 52/72/1
f 63/85/1 64/86/1 53/73/1
f 64/86/1 65/87/1 54/74/1
f 65/87/1 66/88/1 55/75/1
f 67/90/1 68/92/1 57/79/1
f 68/92/1 69/93/1 58/80/1
f 69/93/1 70/94/1 59/81/1
f 70/94/1 71/95/1 60/82/1
f 71/95/1 72/96/1 61/83/1
f 72/96/1 73/97/1 62/84/1
f 73/97/1 74/98/1 63/85/1
f 74/98/1 75/99/1 64/86/1
f 75/99/1 76/100/1 65/87/1
f 76/100/1 77/101/1 66/88/1
f 78/103/1 79/105/1 68/92/1
f 79/105/1 80/106/1 69/93/1
f 80/106/1 81/107/1 70/94/1
f 81/107/1 82/108/1 71/95/1
f 82/108/1 83/109/1 72/96/1
f 83/109/1 84/110/1 73/97/1
f 84/110/1 85/111/1 74/98/1
f 85/111/1 86/112/1 75/99/1
f 86/112/1 87/113/1 76/100/1
f 87/113/1 88/114/1 77/101/1
f 89/116/1 90/118/1 79/105/1
f 90/118/1 91/119/1 80/106/1
f 91/119/1 92/120/1 81/107/1
f 92/120/1 93/121/1 82/108/1
f 93/121/1 94/122/1 83/109/1
f 94/122/1 95/123/1 84/110/1
f 95/123/1 96/124/1 85/111/1
f 96/124/1 97/125/1 86/112/1
f 97/125/1 98/126/1 87/113/1
f 98/126/1 99/127/1 88/114/1
f 100/129/1 101/131/1 90/118/1
f 101/131/1 102/132/1 91/119/1
f 102/132/1 103/133/1 92/120/1
f 103/133/1 104/134/1 93/121/1
f 104/134/1 105/135/1 94/122/1
f 105/135/1 106/136/1 95/123/1
f 106/136/1 107/137/1 96/124/1
f 107/137/1 108/138/1 97/125/1
f 108/138/1 109/139/1 98/126/1
f 109/139/1 110/140/1 99/127/1
f 111/143/1 112/145/1 101/131/1
f 112/145/1 113/147/1 102/132/1
f 113/147/1 114/149/1 103/133/1
f 114/149/1 115/151/1 104/134/1
f 115/151/1 116/153/1 105/135/1
f 116/153/1 117/155/1 106/136/1
f 117/155/1 118/157/1 107/137/1
f 118/157/1 119/159/1 108/138/1
f 119/159/1 120/161/1 109/139/1
f 120/161/1 121/164/1 110/140/1
f 123/169/2 124/171/2 125/172/2
f 126/174/2 127/176/2 124/171/2
f 128/177/2 129/179/2 127/176/2
f 130/180/2 131/182/2 129/179/2
f 132/183/2 133/185/2 131/182/2
f 134/187/2 135/190/2 133/185/2
f 136/191/2 137/193/2 135/190/2
f 138/194/2 139/196/2 137/193/2
f 140/197/2 141/199/2 139/196/2
f 142/200/2 143/203/2 141/199/2
f 124/171/2 144/205/2 145/206/2
f 127/176/2 146/208/2 144/205/2
f 129/179/2 147/209/2 146/208/2
f 131/182/2 148/210/2 147/209/2
f 133/185/2 149/211/2 148/210/2
f 137/193/2 150/214/2 151/216/2
f 139/196/2 152/218/2 150/214/2
f 141/199/2 153/219/2 152/218/2
f 143/203/2 154/220/2 153/219/2
f 144/205/2 155/222/2 156/223/2
f 146/208/2 157/226/2 155/222/2
f 147/209/2 158/228/2 157/226/2
f 148/210/2 159/230/2 158/228/2
f 149/211/2 160/232/2 159/230/2
f 151/216/2 161/234/2 160/232/2
f 150/214/2 162/236/2 161/234/2
f 152/218/2 163/238/2 162/236/2
f 153/219/2 164/241/2 163/238/2
f 154/220/2 165/243/2 164/241/2
f 155/222/2 166/245/2 167/246/2
f 157/226/2 168/248/2 166/245/2
f 170/253/2 171/255/2 172/256/2
f 174/259/2 175/260/2 176/262/2
f 178/267/2 179/268/2 180/269/2
f 181/272/2 182/273/2 179/268/2
f 183/274/2 184/276/2 182/273/2
f 185/279/2 186/280/2 187/281/2
f 190/286/2 191/289/2 192/292/2
f 165/243/2 193/294/2 194/296/2
f 166/245/2 195/298/2 196/299/2
f 168/248/2 197/301/2 195/298/2
f 171/255/2 198/303/2 199/304/2
f 180/269/2 200/306/2 198/303/2
f 179/268/2 201/307/2 200/306/2
f 182/273/2 202/308/2 201/307/2
f 184/276/2 203/309/2 202/308/2
f 205/314/2 206/317/2 207/319/2
f 209/323/3 210/326/89 211/328/4
f 193/294/2 212/329/2 213/331/2
f 195/298/2 214/333/2 215/334/2
f 197/301/2 216/336/2 214/333/2
f 198/303/2 217/338/2 218/339/2
f 200/306/2 219/341/2 217/338/2
f 201/307/2 220/342/2 219/341/2
f 202/308/2 221/343/2 220/342/2
f 203/309/2 222/345/2 221/343/2
f 206/317/2 223/348/2 224/350/2
f 211/328/4 210/326/89 225/353/6
f 212/329/2 227/358/2 228/360/2
f 214/333/2 229/362/2 230/363/2
f 216/336/2 231/366/2 229/362/2
f 217/338/2 232/368/2 233/370/2
f 235/374/2 236/376/2 237/377/2
f 220/342/2 238/380/2 239/381/2
f 221/343/2 240/385/2 238/380/2
f 222/345/2 241/386/2 240/385/2
f 243/390/2 244/391/2 245/392/2
f 247/395/2 248/398/2 249/401/2
f 227/358/2 250/403/2 251/406/2
f 229/362/2 252/408/2 253/409/2
f 231/366/2 254/411/2 252/408/2
f 255/412/2 256/414/2 254/411/2
f 257/415/2 258/417/2 256/414/2
f 259/418/2 260/421/2 258/417/2
f 261/423/2 262/425/2 260/421/2
f 263/428/2 264/430/2 262/425/2
f 265/431/2 266/433/2 264/430/2
f 251/406/2 267/434/2 266/433/2
f 250/403/2 268/435/2 267/434/2
f 252/408/2 269/437/2 270/438/2
f 254/411/2 271/440/2 269/437/2
f 256/414/2 272/441/2 271/440/2
f 258/417/2 273/442/2 272/441/2
f 260/421/2 274/444/2 273/442/2
f 264/430/2 275/445/2 276/446/2
f 266/433/2 277/448/2 275/445/2
f 267/434/2 278/449/2 277/448/2
f 268/435/2 279/450/2 278/449/2
f 269/437/2 280/452/2 281/454/2
f 271/440/2 282/457/2 280/452/2
f 272/441/2 283/459/2 282/457/2
f 273/442/2 284/461/2 283/459/2
f 274/444/2 285/463/2 284/461/2
f 276/446/2 286/465/2 285/463/2
f 275/445/2 287/467/2 286/465/2
f 277/448/2 288/469/2 287/467/2
f 278/449/2 289/471/2 288/469/2
f 279/450/2 290/473/2 289/471/2
f 4/8/8 123/170/8 122/167/8
f 6/11/8 126/175/8 123/170/8
f 8/14/8 128/178/8 126/175/8
f 10/17/8 130/181/8 128/178/8
f 12/20/8 132/184/8 130/181/8
f 14/23/8 134/188/8 132/184/8
f 16/26/8 136/192/8 134/188/8
f 18/29/8 138/195/8 136/192/8
f 20/32/8 140/198/8 138/195/8
f 22/37/8 142/201/8 140/198/8
f 21/34/9 143/204/9 142/202/9
f 33/50/9 154/221/9 143/204/9
f 44/63/9 165/244/9 154/221/9
f 55/76/9 193/295/9 165/244/9
f 66/89/9 212/330/9 193/295/9
f 77/102/9 227/359/9 212/330/9
f 88/115/9 250/404/9 227/359/9
f 99/128/9 268/436/9 250/404/9
f 110/141/9 279/451/9 268/436/9
f 121/165/9 290/474/9 279/451/9
f 120/162/10 289/472/10 290/475/10
f 119/160/10 288/470/10 289/472/10
f 118/158/10 287/468/10 288/470/10
f 117/156/10 286/466/10 287/468/10
f 116/154/10 285/464/10 286/466/10
f 115/152/10 284/462/10 285/464/10
f 114/150/10 283/460/10 284/462/10
f 113/148/10 282/458/10 283/460/10
f 112/146/10 280/453/10 282/458/10
f 111/144/10 281/455/10 280/453/10
f 100/130/11 270/439/11 281/456/11
f 89/117/11 253/410/11 270/439/11
f 78/104/11 230/364/11 253/410/11
f 67/91/11 215/335/11 230/364/11
f 56/78/11 196/300/11 215/335/11
f 45/65/11 167/247/11 196/300/11
f 34/52/11 156/224/11 167/247/11
f 23/39/11 145/207/11 156/224/11
f 2/5/11 125/173/11 145/207/11
f 1/3/11 122/168/11 125/173/11
s 0
f 158/229/8 291/476/8 292/478/8
f 159/231/8 293/481/8 291/476/8
f 160/233/8 294/483/8 293/481/8
f 161/235/8 295/485/8 294/483/8
f 162/237/8 296/487/8 295/485/8
f 163/239/8 297/489/8 296/487/8
f 164/242/8 298/491/8 297/489/8
f 194/297/9 299/494/9 298/492/9
f 213/332/9 300/496/9 299/494/9
f 228/361/9 301/498/9 300/496/9
f 251/407/9 302/500/9 301/498/9
f 265/432/10 303/503/10 302/501/10
f 263/429/10 304/505/10 303/503/10
f 261/424/10 305/507/10 304/505/10
f 259/419/10 306/509/10 305/507/10
f 257/416/10 307/511/10 306/509/10
f 255/413/10 308/513/10 307/511/10
f 231/367/10 309/515/10 308/513/10
f 216/337/11 310/518/11 309/516/11
f 197/302/11 311/520/11 310/518/11
f 168/249/11 312/522/11 311/520/11
f 157/227/11 292/479/11 312/522/11
f 291/477/2 313/524/2 314/527/2
f 293/482/2 315/529/2 313/524/2
f 294/484/2 316/531/2 315/529/2
f 295/486/2 317/533/2 316/531/2
f 296/488/2 318/535/2 317/533/2
f 297/490/2 319/537/2 318/535/2
f 297/490/2 298/493/2 320/540/2
f 299/495/2 321/542/2 320/540/2
f 300/497/2 322/544/2 321/542/2
f 301/499/2 323/546/2 322/544/2
f 301/499/2 302/502/2 324/549/2
f 303/504/2 325/551/2 324/549/2
f 304/506/2 326/553/2 325/551/2
f 305/508/2 327/555/2 326/553/2
f 306/510/2 328/557/2 327/555/2
f 307/512/2 329/559/2 328/557/2
f 308/514/2 330/561/2 329/559/2
f 308/514/2 309/517/2 331/564/2
f 310/519/2 332/566/2 331/564/2
f 311/521/2 333/568/2 332/566/2
f 312/523/2 334/570/2 333/568/2
f 312/523/2 292/480/2 314/527/2
f 313/525/8 335/572/8 336/574/8
f 315/530/8 337/577/8 335/572/8
f 316/532/8 338/579/8 337/577/8
f 317/534/8 339/581/8 338/579/8
f 318/536/8 340/583/8 339/581/8
f 319/538/8 341/585/8 340/583/8
f 320/541/8 342/587/8 341/585/8
f 321/543/9 343/590/9 342/588/9
f 322/545/9 344/592/9 343/590/9
f 323/547/9 345/594/9 344/592/9
f 324/550/9 346/596/9 345/594/9
f 325/552/10 347/599/10 346/597/10
f 326/554/10 348/601/10 347/599/10
f 327/556/10 349/603/10 348/601/10
f 328/558/10 350/605/10 349/603/10
f 329/560/10 351/607/10 350/605/10
f 330/562/10 352/609/10 351/607/10
f 331/565/10 353/611/10 352/609/10
f 332/567/11 354/614/11 353/612/11
f 333/569/11 355/616/11 354/614/11
f 334/571/11 356/618/11 355/616/11
f 314/528/11 336/575/11 356/618/11
f 335/573/2 357/620/2 358/623/2
f 337/578/2 359/625/2 357/620/2
f 338/580/2 360/627/2 359/625/2
f 339/582/2 361/632/2 360/627/2
f 340/584/2 362/635/2 361/632/2
f 341/586/2 363/637/2 362/635/2
f 341/586/2 342/589/2 364/639/2
f 343/591/90 365/642/90 364/639/90
f 344/593/12 366/644/12 365/642/12
f 344/593/2 345/595/2 367/646/2
f 345/595/2 346/598/2 368/649/2
f 347/600/2 369/651/2 368/649/2
f 348/602/2 370/653/2 369/651/2
f 349/604/2 371/655/2 370/653/2
f 350/606/2 372/660/2 371/655/2
f 351/608/2 373/663/2 372/660/2
f 352/610/2 374/665/2 373/663/2
f 352/610/2 353/613/2 375/668/2
f 354/615/2 376/670/2 375/668/2
f 355/617/2 377/672/2 376/670/2
f 356/619/2 378/674/2 377/672/2
f 356/619/2 336/576/2 358/623/2
f 357/621/8 170/254/8 169/251/8
f 380/677/8 381/678/8 382/679/8
f 360/628/8 178/265/8 177/264/8
f 362/636/8 183/275/8 181/271/8
f 384/681/8 385/682/8 386/683/8
f 364/640/8 190/287/8 189/285/8
f 190/288/9 364/641/9 365/643/9
f 387/685/9 191/290/9 190/288/9
f 366/645/9 388/687/9 387/685/9
f 366/645/9 367/647/9 389/689/9
f 389/689/9 367/647/9 368/650/9
f 368/650/9 248/399/9 247/396/9
f 369/652/10 249/402/10 248/400/10
f 391/693/10 392/694/10 393/695/10
f 371/656/10 240/383/10 241/387/10
f 373/664/10 239/382/10 238/379/10
f 395/697/10 396/698/10 397/699/10
f 375/669/10 233/371/10 232/369/10
f 376/671/11 218/340/11 233/372/11
f 399/703/11 400/705/11 401/707/11
f 402/710/11 403/713/11 400/705/11
f 358/624/11 169/252/11 172/257/11
f 377/673/11 404/716/11 405/719/11
f 377/673/11 378/675/11 406/722/11
f 172/257/11 407/725/11 406/722/11
f 199/305/11 408/727/11 407/725/11
f 199/305/11 218/340/11 409/730/11
f 218/340/11 376/671/11 405/719/11
f 404/717/2 410/732/2 411/734/2
f 406/723/2 412/737/2 410/732/2
f 407/726/10 413/740/10 412/738/10
f 408/728/1 414/743/1 413/741/1
f 409/731/1 415/745/1 414/743/1
f 405/720/8 411/735/8 415/746/8
f 410/733/11 416/748/11 417/751/11
f 410/733/11 412/739/11 418/754/11
f 413/742/11 419/757/11 418/754/11
f 414/744/11 420/759/11 419/757/11
f 414/744/11 415/747/11 421/762/11
f 411/736/11 417/751/11 421/762/11
f 416/749/2 422/764/2 423/766/2
f 418/755/2 424/769/2 422/764/2
f 419/758/10 425/772/10 424/770/10
f 420/760/1 426/775/1 425/773/1
f 421/763/1 427/777/1 426/775/1
f 417/752/8 423/767/8 427/778/8
f 422/765/11 428/780/11 429/783/11
f 422/765/11 424/771/11 430/786/11
f 424/771/11 425/774/11 431/789/11
f 426/776/11 432/791/11 431/789/11
f 426/776/11 427/779/11 433/794/11
f 423/768/11 429/783/11 433/794/11
f 428/781/2 399/704/2 398/701/2
f 430/787/2 402/711/2 399/704/2
f 431/790/10 403/714/10 402/712/10
f 432/792/1 400/706/1 403/715/1
f 433/795/1 401/708/1 400/706/1
f 429/784/8 398/702/8 401/709/8
s 1
f 151/217/9 434/797/9 435/798/9
f 149/212/14 436/800/14 434/796/14
f 149/213/11 133/186/11 437/803/11
f 135/190/15 435/799/15 437/802/15
f 434/797/9 438/805/9 439/806/9
f 436/800/14 440/808/14 438/804/14
f 436/801/11 437/803/11 441/811/11
f 435/799/15 439/807/15 441/810/15
f 438/805/9 442/813/9 443/814/9
f 440/808/14 444/816/14 442/812/14
f 440/809/11 441/811/11 445/819/11
f 439/807/15 443/815/15 445/818/15
f 442/813/9 446/821/9 447/822/9
f 444/816/14 448/825/14 446/820/14
f 444/817/11 445/819/11 449/827/11
f 443/815/15 447/823/15 449/826/15
f 447/822/9 446/821/9 450/829/9
f 448/825/14 452/833/14 450/828/14
f 449/827/11 453/835/11 452/832/11
f 447/823/15 451/831/15 453/834/15
f 451/830/9 450/829/9 361/633/9
f 452/833/14 360/629/14 361/634/14
f 453/835/11 178/266/11 360/630/11
f 451/831/15 181/272/15 178/267/15
f 262/426/9 276/447/9 454/837/9
f 274/444/16 456/841/16 454/836/16
f 260/422/11 457/843/11 456/840/11
f 262/427/17 455/839/17 457/842/17
f 455/838/9 454/837/9 458/845/9
f 456/841/16 460/849/16 458/844/16
f 457/843/11 461/851/11 460/848/11
f 455/839/17 459/847/17 461/850/17
f 459/846/9 458/845/9 462/853/9
f 460/849/16 464/857/16 462/852/16
f 461/851/11 465/859/11 464/856/11
f 459/847/17 463/855/17 465/858/17
f 463/854/9 462/853/9 466/861/9
f 464/857/16 468/864/16 466/860/16
f 465/859/11 469/867/11 468/865/11
f 463/855/17 467/863/17 469/866/17
f 466/861/9 470/869/9 471/870/9
f 468/864/16 472/872/16 470/868/16
f 468/865/11 469/867/11 473/875/11
f 467/863/17 471/871/17 473/874/17
f 470/869/9 240/384/9 371/657/9
f 472/872/16 238/380/16 240/385/16
f 472/873/11 473/875/11 372/661/11
f 471/871/17 371/658/17 372/662/17
s 0
f 170/253/18 474/877/18 475/880/18
f 177/263/19 476/883/19 474/877/19
f 177/263/20 180/269/20 477/886/20
f 171/255/21 475/880/21 477/886/21
f 183/274/18 478/889/18 479/892/18
f 189/284/19 480/895/19 478/889/19
f 189/284/20 192/292/20 481/898/20
f 184/276/21 479/892/21 481/898/21
f 219/341/19 482/901/19 483/904/19
f 239/381/20 484/907/20 482/901/20
f 232/368/22 485/910/22 484/907/22
f 217/338/18 483/904/18 485/910/18
f 246/393/19 486/913/19 487/916/19
f 249/401/20 488/919/20 486/913/20
f 241/386/22 489/922/22 488/919/22
f 222/345/18 487/916/18 489/922/18
f 474/878/11 490/924/11 491/927/11
f 476/884/8 492/930/8 490/925/8
f 477/887/9 493/933/9 492/931/9
f 475/881/10 491/928/10 493/934/10
f 478/890/11 494/936/11 495/939/11
f 480/896/8 496/942/8 494/937/8
f 481/899/9 497/945/9 496/943/9
f 479/893/10 495/940/10 497/946/10
f 482/902/8 498/948/8 499/951/8
f 484/908/9 500/954/9 498/949/9
f 485/911/10 501/957/10 500/955/10
f 483/905/11 499/952/11 501/958/11
f 486/914/8 502/960/8 503/963/8
f 488/920/9 504/966/9 502/961/9
f 489/923/10 505/969/10 504/967/10
f 487/917/11 503/964/11 505/970/11
f 507/976/11 508/978/11 509/981/11
f 510/985/8 511/987/8 508/979/8
f 512/991/9 513/993/9 511/988/9
f 506/973/10 509/982/10 513/994/10
f 515/1000/11 516/1002/11 517/1005/11
f 518/1009/8 519/1011/8 516/1003/8
f 520/1015/9 521/1017/9 519/1012/9
f 514/997/10 517/1006/10 521/1018/10
f 523/1024/8 524/1026/8 525/1029/8
f 526/1033/9 527/1035/9 524/1027/9
f 528/1039/10 529/1041/10 527/1036/10
f 522/1021/11 525/1030/11 529/1042/11
f 531/1048/8 532/1050/8 533/1053/8
f 534/1057/9 535/1059/9 532/1051/9
f 536/1063/10 537/1065/10 535/1060/10
f 530/1045/11 533/1054/11 537/1066/11
f 491/929/1 490/926/1 507/977/1
f 492/932/1 510/986/1 507/977/1
f 493/935/1 512/992/1 510/986/1
f 493/935/1 491/929/1 506/974/1
f 539/1072/2 509/983/2 508/980/2
f 539/1072/2 540/1075/2 513/995/2
f 540/1075/2 541/1078/2 511/989/2
f 538/1069/2 508/980/2 511/989/2
f 495/941/1 494/938/1 515/1001/1
f 496/944/1 518/1010/1 515/1001/1
f 497/947/1 520/1016/1 518/1010/1
f 497/947/1 495/941/1 514/998/1
f 543/1084/2 517/1007/2 516/1004/2
f 543/1084/2 544/1087/2 521/1019/2
f 544/1087/2 545/1090/2 519/1013/2
f 542/1081/2 516/1004/2 519/1013/2
f 499/953/1 498/950/1 523/1025/1
f 500/956/1 526/1034/1 523/1025/1
f 500/956/1 501/959/1 528/1040/1
f 499/953/1 522/1022/1 528/1040/1
f 546/1093/2 547/1096/2 525/1031/2
f 548/1099/2 529/1043/2 525/1031/2
f 548/1099/2 549/1102/2 527/1037/2
f 546/1093/2 524/1028/2 527/1037/2
f 503/965/1 502/962/1 531/1049/1
f 504/968/1 534/1058/1 531/1049/1
f 504/968/1 505/971/1 536/1064/1
f 503/965/1 530/1046/1 536/1064/1
f 550/1105/2 551/1108/2 533/1055/2
f 552/1111/2 537/1067/2 533/1055/2
f 552/1111/2 553/1114/2 535/1061/2
f 550/1105/2 532/1052/2 535/1061/2
f 538/1070/11 554/1116/11 555/1119/11
f 541/1079/8 556/1122/8 554/1117/8
f 540/1076/9 557/1125/9 556/1123/9
f 539/1073/10 555/1120/10 557/1126/10
f 542/1082/11 558/1128/11 559/1131/11
f 545/1091/8 560/1134/8 558/1129/8
f 544/1088/9 561/1137/9 560/1135/9
f 543/1085/10 559/1132/10 561/1138/10
f 546/1094/8 562/1140/8 563/1143/8
f 549/1103/9 564/1146/9 562/1141/9
f 548/1100/10 565/1149/10 564/1147/10
f 547/1097/11 563/1144/11 565/1150/11
f 550/1106/8 566/1152/8 567/1155/8
f 553/1115/9 568/1158/9 566/1153/9
f 552/1112/10 569/1161/10 568/1159/10
f 551/1109/11 567/1156/11 569/1162/11
f 571/1168/11 572/1170/11 573/1173/11
f 574/1177/8 575/1179/8 572/1171/8
f 576/1183/9 577/1185/9 575/1180/9
f 570/1165/10 573/1174/10 577/1186/10
f 579/1192/11 580/1194/11 581/1197/11
f 582/1201/8 583/1203/8 580/1195/8
f 584/1207/9 585/1209/9 583/1204/9
f 578/1189/10 581/1198/10 585/1210/10
f 587/1216/8 588/1218/8 589/1221/8
f 590/1225/9 591/1227/9 588/1219/9
f 592/1231/10 593/1233/10 591/1228/10
f 586/1213/11 589/1222/11 593/1234/11
f 595/1240/8 596/1242/8 597/1245/8
f 598/1249/9 599/1251/9 596/1243/9
f 600/1255/10 601/1257/10 599/1252/10
f 594/1237/11 597/1246/11 601/1258/11
f 555/1121/1 554/1118/1 571/1169/1
f 556/1124/1 574/1178/1 571/1169/1
f 557/1127/1 576/1184/1 574/1178/1
f 557/1127/1 555/1121/1 570/1166/1
f 603/1264/2 573/1175/2 572/1172/2
f 603/1264/2 604/1267/2 577/1187/2
f 604/1267/2 605/1270/2 575/1181/2
f 602/1261/2 572/1172/2 575/1181/2
f 559/1133/1 558/1130/1 579/1193/1
f 560/1136/1 582/1202/1 579/1193/1
f 561/1139/1 584/1208/1 582/1202/1
f 561/1139/1 559/1133/1 578/1190/1
f 607/1276/2 581/1199/2 580/1196/2
f 607/1276/2 608/1279/2 585/1211/2
f 608/1279/2 609/1282/2 583/1205/2
f 606/1273/2 580/1196/2 583/1205/2
f 563/1145/1 562/1142/1 587/1217/1
f 564/1148/1 590/1226/1 587/1217/1
f 564/1148/1 565/1151/1 592/1232/1
f 563/1145/1 586/1214/1 592/1232/1
f 610/1285/2 611/1288/2 589/1223/2
f 612/1291/2 593/1235/2 589/1223/2
f 612/1291/2 613/1294/2 591/1229/2
f 610/1285/2 588/1220/2 591/1229/2
f 567/1157/1 566/1154/1 595/1241/1
f 568/1160/1 598/1250/1 595/1241/1
f 568/1160/1 569/1163/1 600/1256/1
f 567/1157/1 594/1238/1 600/1256/1
f 614/1297/2 615/1300/2 597/1247/2
f 616/1303/2 601/1259/2 597/1247/2
f 616/1303/2 617/1306/2 599/1253/2
f 614/1297/2 596/1244/2 599/1253/2
f 602/1262/11 618/1308/11 619/1311/11
f 605/1271/8 620/1314/8 618/1309/8
f 604/1268/9 621/1317/9 620/1315/9
f 603/1265/10 619/1312/10 621/1318/10
f 606/1274/11 622/1320/11 623/1323/11
f 609/1283/8 624/1326/8 622/1321/8
f 608/1280/9 625/1329/9 624/1327/9
f 607/1277/10 623/1324/10 625/1330/10
f 610/1286/8 626/1332/8 627/1335/8
f 613/1295/9 628/1338/9 626/1333/9
f 612/1292/10 629/1341/10 628/1339/10
f 611/1289/11 627/1336/11 629/1342/11
f 614/1298/8 630/1344/8 631/1347/8
f 617/1307/9 632/1350/9 630/1345/9
f 616/1304/10 633/1353/10 632/1351/10
f 615/1301/11 631/1348/11 633/1354/11
f 619/1313/23 618/1310/23 634/1357/23
f 620/1316/24 636/1365/24 634/1357/24
f 621/1319/25 637/1368/25 636/1365/25
f 621/1319/26 619/1313/26 635/1359/26
f 623/1325/23 622/1322/23 638/1370/23
f 624/1328/24 640/1378/24 638/1370/24
f 625/1331/25 641/1382/25 640/1378/25
f 623/1325/26 639/1375/26 641/1382/26
f 626/1334/24 642/1385/24 643/1389/24
f 626/1334/25 628/1340/25 644/1391/25
f 628/1340/26 629/1343/26 645/1396/26
f 627/1337/23 643/1389/23 645/1396/23
f 630/1346/24 646/1398/24 647/1403/24
f 630/1346/25 632/1352/25 648/1406/25
f 633/1355/26 649/1410/26 648/1406/26
f 631/1349/23 647/1403/23 649/1410/23
f 651/1414/11 652/1417/11 653/1418/11
f 654/1420/8 655/1422/8 652/1416/8
f 637/1369/9 656/1425/9 657/1430/9
f 635/1360/10 658/1434/10 656/1426/10
f 638/1371/11 659/1437/11 660/1442/11
f 662/1448/8 663/1451/8 664/1452/8
f 665/1454/9 666/1456/9 663/1450/9
f 639/1376/10 660/1443/10 667/1459/10
f 642/1386/8 668/1463/8 669/1467/8
f 644/1392/9 670/1472/9 668/1464/9
f 672/1477/10 673/1480/10 674/1481/10
f 675/1483/11 676/1485/11 673/1479/11
f 646/1399/8 677/1487/8 678/1491/8
f 680/1498/9 681/1501/9 682/1502/9
f 683/1504/10 684/1506/10 681/1500/10
f 647/1404/11 678/1492/11 685/1508/11
f 652/1417/11 686/1513/11 687/1514/11
f 655/1422/8 688/1516/8 686/1512/8
f 663/1451/8 689/1519/8 690/1520/8
f 666/1456/9 691/1522/9 689/1518/9
f 673/1480/10 692/1524/10 693/1527/10
f 676/1485/11 694/1531/11 692/1525/11
f 681/1501/9 695/1535/9 696/1536/9
f 684/1506/10 697/1539/10 695/1533/10
s 1
f 698/1542/11 699/1545/11 669/1468/11
f 175/260/2 235/374/2 234/373/2
f 656/1427/9 668/1465/9 701/1550/9
f 658/1435/1 669/1469/1 668/1466/1
f 702/1552/10 703/1555/10 685/1509/10
f 236/376/2 235/374/2 242/388/2
f 670/1473/1 685/1510/1 678/1495/1
f 704/1560/11 705/1561/11 678/1493/11
f 187/281/2 243/390/2 242/388/2
f 667/1460/9 677/1488/9 707/1568/9
f 660/1444/1 678/1494/1 677/1489/1
f 657/1431/8 659/1438/8 709/1576/8
f 656/1428/1 660/1445/1 659/1439/1
f 174/259/2 185/279/2 188/282/2
f 678/1495/1 660/1445/1 656/1428/1
f 235/374/2 175/260/2 188/282/2
s 0
f 698/1543/27 710/1580/27 711/1583/27
f 708/1572/28 713/1587/28 711/1583/28
f 709/1577/28 714/1589/28 713/1587/28
f 709/1577/28 715/1592/28 716/1595/28
f 706/1564/29 717/1597/29 716/1595/29
f 707/1569/29 718/1599/29 717/1597/29
f 707/1569/29 719/1602/29 720/1605/29
f 703/1556/30 721/1607/30 720/1605/30
f 702/1553/30 722/1609/30 721/1607/30
f 702/1553/30 723/1611/30 724/1614/30
f 699/1546/27 725/1616/27 724/1614/27
f 698/1543/27 712/1585/27 725/1616/27
f 701/1550/9 726/1618/9 727/1620/9
f 705/1562/9 729/1625/9 728/1622/9
f 711/1584/11 730/1626/11 731/1629/11
f 713/1588/8 732/1631/8 730/1627/8
f 714/1590/8 733/1633/8 732/1631/8
f 716/1596/8 734/1635/8 733/1633/8
f 717/1598/9 735/1638/9 734/1636/9
f 718/1600/9 736/1640/9 735/1638/9
f 720/1606/9 737/1642/9 736/1640/9
f 721/1608/10 738/1645/10 737/1643/10
f 722/1610/10 739/1647/10 738/1645/10
f 724/1615/10 740/1649/10 739/1647/10
f 725/1617/11 741/1652/11 740/1650/11
f 712/1586/11 731/1629/11 741/1652/11
f 728/1623/11 744/1656/11 745/1657/11
f 731/1630/2 730/1628/2 746/1658/2
f 732/1632/2 748/1660/2 746/1658/2
f 733/1634/2 749/1661/2 748/1660/2
f 733/1634/2 734/1637/2 750/1662/2
f 735/1639/2 751/1663/2 750/1662/2
f 736/1641/2 752/1664/2 751/1663/2
f 736/1641/2 737/1644/2 753/1665/2
f 738/1646/2 754/1666/2 753/1665/2
f 739/1648/2 755/1667/2 754/1666/2
f 739/1648/2 740/1651/2 756/1668/2
f 741/1653/2 757/1669/2 756/1668/2
f 731/1630/2 747/1659/2 757/1669/2
f 744/1656/1 758/1670/1 759/1671/1
f 747/1659/27 746/1658/27 173/258/27
f 748/1660/28 174/259/28 173/258/28
f 749/1661/28 185/279/28 174/259/28
f 749/1661/28 750/1662/28 186/280/28
f 751/1663/29 187/281/29 186/280/29
f 752/1664/29 243/390/29 187/281/29
f 752/1664/29 753/1665/29 244/391/29
f 754/1666/30 245/392/30 244/391/30
f 755/1667/30 236/376/30 245/392/30
f 755/1667/30 756/1668/30 237/377/30
f 757/1669/27 234/373/27 237/377/27
f 747/1659/27 176/262/27 234/373/27
f 758/1670/11 188/283/11 242/389/11
f 760/1672/9 761/1674/9 762/1677/9
f 765/1685/9 761/1674/9 760/1672/9
f 388/688/31 760/1673/31 763/1680/31
f 389/690/2 764/1683/2 760/1673/2
f 206/318/9 766/1688/9 767/1689/9
f 205/315/9 768/1691/9 766/1688/9
f 769/1693/9 770/1695/9 771/1698/9
f 773/1703/9 774/1706/9 770/1695/9
f 761/1675/34 769/1694/34 772/1701/34
f 765/1686/2 773/1704/2 769/1694/2
f 775/1709/91 776/1712/91 777/1714/91
f 776/1712/92 779/1717/92 780/1720/92
f 781/1722/93 782/1724/93 783/1727/93
f 785/1732/9 786/1735/9 782/1724/9
f 770/1696/94 781/1723/94 784/1730/94
f 774/1707/40 785/1733/40 781/1723/40
f 787/1738/95 788/1741/95 789/1743/95
f 788/1741/96 791/1746/96 792/1749/96
f 793/1751/97 210/327/97 209/324/97
f 795/1756/98 225/354/98 210/327/98
f 208/321/99 796/1759/99 797/1760/99
f 797/1760/100 798/1761/100 192/293/100
f 192/293/101 191/291/101 209/325/101
f 209/325/102 208/321/102 797/1760/102
f 191/291/10 387/686/10 763/1681/10
f 762/1678/103 772/1702/103 771/1699/103
f 191/291/10 763/1681/10 762/1678/10
f 794/1754/104 209/325/104 191/291/104
f 771/1699/105 784/1731/105 783/1728/105
f 783/1728/106 794/1754/106 191/291/106
f 191/291/107 762/1678/107 771/1699/107
f 782/1725/108 793/1752/108 794/1755/108
f 786/1736/109 795/1757/109 793/1752/109
f 786/1737/8 785/1734/8 774/1708/8
f 774/1708/8 773/1705/8 765/1687/8
f 765/1687/8 764/1684/8 389/691/8
f 247/397/110 225/355/110 795/1758/110
f 247/397/111 795/1758/111 786/1737/111
f 765/1687/8 389/691/8 247/397/8
f 247/397/8 786/1737/8 774/1708/8
f 225/355/62 247/397/62 246/394/62
f 246/394/112 799/1762/112 800/1763/112
f 800/1763/113 801/1764/113 226/357/113
f 226/357/8 225/355/8 246/394/8
f 802/1765/114 803/1768/114 804/1770/114
f 803/1768/115 806/1775/115 807/1779/115
f 184/277/10 192/293/10 205/316/10
f 798/1761/10 768/1692/10 205/316/10
f 779/1718/116 776/1713/116 808/1781/116
f 775/1710/2 810/1786/2 808/1781/2
f 799/1762/8 246/394/8 223/349/8
f 222/346/8 224/351/8 223/349/8
f 203/310/9 207/320/9 224/352/9
f 184/278/9 204/313/9 207/320/9
f 788/1742/54 787/1739/54 811/1790/54
f 800/1763/8 799/1762/8 775/1711/8
f 767/1690/8 810/1787/8 775/1711/8
f 766/1688/9 808/1782/9 810/1788/9
f 768/1691/9 809/1785/9 808/1782/9
f 768/1692/10 798/1761/10 779/1719/10
f 797/1760/117 780/1721/117 779/1719/117
f 791/1747/54 788/1742/54 812/1792/54
f 803/1769/54 802/1766/54 814/1798/54
f 801/1764/8 800/1763/8 787/1740/8
f 778/1715/8 811/1791/8 787/1740/8
f 778/1716/58 777/1714/58 812/1793/58
f 777/1714/58 780/1720/58 813/1796/58
f 780/1721/10 797/1760/10 791/1748/10
f 796/1759/118 792/1750/118 791/1748/118
f 806/1776/54 803/1769/54 815/1800/54
f 211/328/119 226/356/119 805/1774/119
f 226/357/120 801/1764/120 802/1767/120
f 790/1744/8 814/1799/8 802/1767/8
f 790/1745/63 789/1743/63 815/1801/63
f 789/1743/42 792/1749/42 816/1804/42
f 792/1750/10 796/1759/10 806/1777/10
f 208/321/121 807/1780/121 806/1777/121
f 208/322/61 211/328/61 804/1771/61
f 359/626/65 380/677/65 379/676/65
f 359/626/66 177/264/66 381/678/66
f 177/264/67 170/254/67 382/679/67
f 357/621/68 379/676/68 382/679/68
f 363/638/65 384/681/65 383/680/65
f 363/638/66 189/285/66 385/682/66
f 189/285/67 183/275/67 386/683/67
f 362/636/68 383/680/68 386/683/68
f 369/652/69 370/654/69 391/693/69
f 370/654/70 241/387/70 392/694/70
f 249/402/71 393/695/71 392/694/71
f 369/652/72 390/692/72 393/695/72
f 373/664/69 374/666/69 395/697/69
f 374/666/70 232/369/70 396/698/70
f 239/382/71 397/699/71 396/698/71
f 373/664/72 394/696/72 397/699/72
f 646/1400/73 648/1407/73 680/1498/73
f 649/1411/74 683/1504/74 680/1499/74
f 685/1511/75 684/1507/75 683/1505/75
f 685/1511/75 703/1557/75 697/1540/75
f 703/1558/76 719/1603/76 695/1534/76
f 707/1570/77 696/1536/77 695/1535/77
f 677/1490/78 682/1503/78 696/1537/78
f 677/1490/78 646/1401/78 679/1497/78
f 638/1372/79 640/1379/79 662/1448/79
f 641/1383/73 665/1454/73 662/1449/73
f 667/1461/80 666/1457/80 665/1455/80
f 667/1461/80 706/1565/80 691/1523/80
f 706/1566/77 715/1593/77 689/1518/77
f 709/1578/81 690/1520/81 689/1519/81
f 659/1440/82 664/1453/82 690/1521/82
f 659/1440/82 638/1373/82 661/1447/82
f 635/1361/83 634/1358/83 651/1414/83
f 636/1366/79 654/1420/79 651/1415/79
f 657/1432/84 655/1423/84 654/1421/84
f 657/1432/84 708/1573/84 688/1517/84
f 708/1574/81 710/1581/81 686/1512/81
f 698/1544/85 687/1514/85 686/1513/85
f 658/1436/86 653/1419/86 687/1515/86
f 658/1436/86 635/1362/86 650/1413/86
f 644/1393/74 645/1397/74 672/1477/74
f 643/1390/83 675/1483/83 672/1478/83
f 669/1470/87 676/1486/87 675/1484/87
f 669/1470/87 699/1547/87 694/1532/87
f 699/1548/85 723/1612/85 692/1526/85
f 702/1554/76 693/1528/76 692/1526/76
f 670/1474/88 674/1482/88 693/1529/88
f 670/1474/88 644/1394/88 671/1476/88
f 727/1621/9 743/1655/9 175/261/9
f 175/261/11 235/375/11 742/1654/11
f 742/1654/11 726/1619/11 727/1621/11
