# Blender 3.3.1
# www.blender.org
mtllib Tree.mtl
o Cube
v 0.192144 0.317855 -0.312808
v 0.250000 -0.012677 -0.405641
v 0.192777 0.310999 0.212926
v 0.250000 -0.012677 0.306150
v -0.133132 0.317831 -0.312416
v -0.190355 -0.012677 -0.405641
v -0.132499 0.310975 0.213318
v -0.190355 -0.012677 0.306150
v -0.395676 -0.012677 -0.049746
v 0.344126 0.314438 -0.050123
v -0.284480 0.314392 -0.049366
v 0.455321 -0.012677 -0.049746
v 0.062549 1.198992 0.107654
v -0.167638 1.202758 0.110237
v 0.168221 1.222470 -0.077899
v -0.276622 1.229746 -0.072906
v -0.170951 1.253222 -0.258459
v 0.059237 1.249458 -0.261042
v 0.030314 2.173853 0.349953
v -0.199916 2.172698 0.350006
v 0.137623 2.173430 0.163856
v -0.307302 2.171196 0.163960
v -0.199993 2.170772 -0.022137
v 0.030237 2.171927 -0.022191
v -0.127669 3.138992 0.145134
v -0.324807 3.131560 0.145744
v -0.036399 3.113503 -0.009548
v -0.417160 3.094572 -0.013057
v -0.290717 2.896081 -0.282116
v -0.060536 2.900903 -0.281658
v -0.370913 3.705017 0.278111
v -0.536756 3.700917 0.288626
v -0.302411 3.722334 0.140041
v -0.622907 3.714407 0.160362
v -0.458436 4.190731 0.483670
v -0.602204 4.186788 0.492372
v -0.399089 4.230314 0.369720
v -0.676924 4.222696 0.386535
v -0.511484 3.388586 -0.262184
v -0.435869 3.311721 -0.369708
v -0.275701 3.315455 -0.372601
v -0.201965 3.391788 -0.271099
v -0.632434 3.781410 -0.341216
v -0.543280 3.693212 -0.477949
v -0.322805 3.711127 -0.481308
v -0.232651 3.749599 -0.372257
v -0.909027 4.282490 -0.904566
v -0.798826 4.187280 -0.957652
v -0.611949 4.230480 -0.955870
v -0.650861 4.340516 -0.880779
v -0.973008 4.105797 -1.493408
v -0.876575 4.051447 -1.481899
v -0.775484 4.110262 -1.487954
v -0.775840 4.216438 -1.503660
v -0.060944 3.945111 -2.029747
v -0.051543 3.930391 -2.011202
v -0.040733 3.941668 -1.989417
v -0.040078 3.966132 -1.987244
v -0.714825 4.613585 0.897134
v -0.835768 4.609442 0.887170
v -0.650670 4.623379 0.804269
v -0.884395 4.615371 0.785014
v -0.769777 5.263137 0.430472
v -0.835322 5.259267 0.418937
v -0.729652 5.260409 0.383021
v -0.856319 5.252933 0.360731
v -0.581428 3.943385 0.404041
v -0.692254 3.970176 0.260535
v -0.353390 3.962696 0.398065
v -0.292658 3.990623 0.278556
v -0.607456 4.060627 0.460181
v -0.367564 4.052459 0.437813
v -0.718870 4.095647 0.318665
v -0.306840 4.086671 0.319769
v -0.811939 4.075795 -0.603282
v -0.686068 3.949621 -0.716950
v -0.371727 4.118035 -0.591652
v -0.437791 4.033864 -0.666019
v -0.900304 4.225084 -0.755129
v -0.588516 4.277174 -0.726359
v -0.744918 4.064254 -0.826689
v -0.519151 4.103457 -0.826615
v -0.627218 3.834987 -0.607211
v -0.376319 3.945751 -0.572175
v -0.742720 3.950078 -0.469756
v -0.307363 3.978978 -0.495726
v -0.392587 4.132597 -1.846936
v -0.398955 4.268337 -1.835631
v -0.570904 4.164604 -1.876499
v -0.480624 4.077401 -1.868110
v -0.585730 4.296392 -1.781799
v -0.651170 4.154127 -1.804667
v -0.583349 4.193910 -1.790200
v -0.718102 4.221761 -1.809698
v -0.722240 4.276151 -1.095750
v -0.922506 4.199688 -1.092773
v -0.840378 4.137804 -1.102933
v -0.737404 4.179033 -1.104724
v -0.763449 4.250590 -1.366251
v -0.886203 4.079790 -1.359204
v -0.986651 4.144871 -1.360213
v -0.771599 4.136308 -1.362889
v -0.058303 4.107470 0.457444
v -0.008675 4.025140 0.443201
v -0.088985 3.992858 0.534989
v -0.136511 4.069625 0.549115
v 0.039214 4.334747 0.709571
v 0.153747 4.215333 0.691530
v 0.093178 4.175728 0.743814
v -0.070870 4.253262 0.808633
v -0.975763 4.441953 -0.655724
v -0.779630 4.514350 -0.594116
v -0.985475 4.449767 -0.560511
v -0.789463 4.512413 -0.491789
v -1.043087 4.586878 -0.860600
v -0.899096 4.666378 -0.800975
v -1.068307 4.620966 -0.796233
v -0.926121 4.695353 -0.728577
v -0.013881 2.541501 -0.136327
v 0.088921 2.573685 0.044622
v -0.355724 2.561522 0.042626
v -0.243882 2.534166 -0.138992
v -0.014655 2.582011 0.218281
v -0.244813 2.582601 0.213830
v -0.035940 2.726286 -0.193396
v -0.379934 2.756684 -0.018040
v -0.042144 2.796229 0.166920
v 0.064570 2.773812 -0.014994
v -0.265827 2.715864 -0.197420
v -0.272253 2.789435 0.167468
v 0.362620 2.861697 -0.236937
v 0.370097 2.800253 -0.218633
v 0.338534 2.790373 -0.274189
v 0.331761 2.847106 -0.291710
v 0.413225 4.077393 1.222826
v 0.452374 4.033996 1.203459
v 0.403560 3.992865 1.251573
v 0.366258 4.033088 1.270100
v -1.105180 5.076700 -1.016608
v -1.045294 5.109763 -0.991810
v -1.115669 5.090877 -0.989838
v -1.056534 5.121814 -0.961700
v -1.392332 3.591604 0.742030
v -1.341081 3.505580 0.673747
v -1.217794 3.519145 0.771224
v -1.266191 3.599037 0.836749
v -1.376551 2.849332 1.145046
v -1.348150 2.822077 1.106439
v -1.289747 2.845224 1.141126
v -1.316272 2.870368 1.177982
v 0.013651 3.639872 -0.388986
v 0.090769 3.640974 -0.304075
v 0.011258 3.729960 -0.423156
v 0.087622 3.747368 -0.345179
v 0.468406 3.613573 -0.320859
v 0.508774 3.612597 -0.276742
v 0.468129 3.660823 -0.337963
v 0.508277 3.668409 -0.297331
v -0.362066 3.093185 -0.281473
v -0.152604 3.095470 -0.285756
v -0.062830 3.169424 -0.164079
v -0.467508 3.156488 -0.160871
v -0.351208 3.039561 -0.777939
v -0.225085 3.048236 -0.774541
v -0.279107 3.145139 -0.815486
v -0.394038 3.139222 -0.816561
v -0.318361 2.709961 -1.202432
v -0.250715 2.721203 -1.200722
v -0.280351 2.747280 -1.251280
v -0.342147 2.738547 -1.252608
v 0.080040 4.163252 -0.531724
v 0.061525 4.264304 -0.606394
v 0.008875 4.223809 -0.675278
v 0.033050 4.155432 -0.599556
v 0.719375 4.432261 -0.425289
v 0.698405 4.490323 -0.472471
v 0.678569 4.448678 -0.514133
v 0.698473 4.413453 -0.466659
v 0.113272 2.373558 0.104239
v -0.221938 2.352468 -0.080565
v -0.227339 2.385020 0.298701
v 0.008178 2.356714 -0.079259
v -0.331513 2.366359 0.103293
v 0.002807 2.382584 0.303535
v -0.199405 2.516202 0.518854
v -0.213304 2.628495 0.489658
v -0.336881 2.625015 0.490497
v -0.323011 2.513736 0.519637
v -0.263285 2.447316 0.873051
v -0.267884 2.544734 0.813343
v -0.388670 2.548195 0.807404
v -0.384028 2.451708 0.866774
v -0.439557 2.892676 1.533997
v -0.432725 2.918788 1.481457
v -0.493890 2.923891 1.469706
v -0.500619 2.898089 1.521851
v 0.116563 4.157464 0.623486
v 0.065047 4.129127 0.673895
v -0.103691 4.161443 0.678874
v -0.009545 4.221108 0.583507
v 0.294505 4.060575 0.737478
v 0.235190 4.025408 0.794185
v 0.258919 3.994345 0.676579
v 0.208322 3.970417 0.730108
v 0.404332 3.721723 1.023483
v 0.377369 3.707717 1.051563
v 0.388699 3.687579 0.998985
v 0.365620 3.678695 1.024995
v -0.492459 2.524662 -0.379538
v -0.523607 2.415679 -0.404372
v -0.591870 2.399611 -0.295052
v -0.558905 2.516192 -0.267249
v -1.245723 2.923442 -0.557650
v -1.273352 2.896843 -0.575228
v -1.290270 2.881359 -0.533950
v -1.260744 2.909650 -0.514707
v -1.635820 4.106318 -0.773061
v -1.637335 4.116290 -0.799016
v -1.650613 4.145345 -0.739258
v -1.648927 4.143987 -0.755795
v -1.082435 4.358705 -0.652949
v -1.042554 4.253498 -0.744078
v -1.077887 4.355045 -0.697532
v -1.046639 4.280378 -0.814051
v -1.102073 3.794130 0.351396
v 0.712325 3.973229 0.832410
v -0.491771 4.531146 1.382797
v -0.501889 4.519595 1.364615
v 0.443771 4.314977 1.299583
v 0.043932 4.492590 1.409258
v -0.474508 3.656805 0.089403
v 0.837085 4.144058 1.010598
v -0.504128 4.514160 1.165719
v -0.980690 3.992935 0.471965
v 0.609013 4.517051 1.614083
v 0.263055 4.784854 1.636482
v 0.219557 3.775158 0.697628
v -0.415460 4.137455 0.820856
v -0.636642 4.365845 1.122343
v -0.639283 4.362830 1.117597
v 0.253178 3.632957 0.234430
v -0.520832 3.851349 0.526419
v -0.843744 3.036031 -0.020518
v 0.877128 2.728972 0.686453
v -0.355776 1.999642 0.796329
v -0.364213 2.017823 0.783496
v 0.581583 2.202236 0.892283
v 0.164846 2.033144 0.926695
v -0.244542 3.374942 0.065698
v 0.966433 2.547211 0.874832
v -0.390956 2.214829 0.791711
v -0.773747 2.907856 0.197349
v 0.717594 1.886509 1.113344
v 0.312729 1.799517 1.256261
v 0.454652 2.832653 0.353311
v -0.238329 2.605793 0.487488
v -0.476607 2.260058 0.612667
v -0.478809 2.264804 0.609317
v 0.468400 3.309506 0.262069
v -0.289651 2.916986 0.204332
v -0.778054 3.389591 -0.190256
v -0.894368 4.684198 1.175742
v -1.690733 4.442429 0.004677
v -1.674562 4.425393 0.000842
v -1.416335 4.834901 0.841076
v -1.608942 4.741441 0.444070
v -0.392284 3.638708 0.329800
v -1.049603 4.912084 1.197407
v -1.480010 4.400272 -0.032507
v -0.878421 3.631772 -0.198576
v -1.698051 5.125399 0.898498
v -1.797358 5.127177 0.471834
v -0.853915 4.214684 0.896209
v -1.112476 4.124341 0.207243
v -1.459091 4.198568 -0.050296
v -1.454870 4.194121 -0.051297
v -0.388948 4.077997 0.928250
v -0.835813 3.806244 0.251118
v -0.993660 3.992203 0.394125
v -0.187089 2.369323 0.914892
v -1.239189 3.154991 1.497866
v -1.234165 3.169674 1.479823
v -0.636842 2.414387 1.365286
v -0.932675 2.714111 1.526825
v -0.432595 3.613464 0.242139
v -0.208527 2.222398 1.148242
v -1.086728 3.281559 1.406760
v -0.968032 3.888413 0.633636
v -0.729373 2.168643 1.678492
v -0.907284 2.501959 1.900203
v -0.433659 2.768864 0.632423
v -0.848632 3.296880 0.946570
v -1.167149 3.365313 1.239558
v -1.165837 3.369146 1.234849
v -0.092623 2.961615 0.345288
v -0.751088 3.460511 0.567937
v -0.965310 3.968400 0.234060
v -1.043125 5.126096 1.720390
v -2.051820 4.367769 1.033717
v -2.033598 4.362000 1.019538
v -1.650740 4.931903 1.704374
v -1.932786 4.707398 1.433276
v -0.568551 4.440592 0.551793
v -1.258944 5.233423 1.856044
v -1.901393 4.443555 0.895180
v -1.165117 4.114347 0.321073
v -1.969571 5.026199 1.942081
v -2.250664 4.928626 1.620563
v -0.909391 4.728041 1.368415
v -1.383376 4.439439 0.876746
v -1.790900 4.285259 0.830590
v -1.786143 4.283753 0.826888
v -0.498403 4.870958 1.152620
v -1.003663 4.330104 0.723394
v -0.106643 3.903006 0.149274
v 0.505856 3.907798 -1.634069
v 0.855713 4.704958 -0.491188
v 0.838593 4.692144 -0.480743
v 0.890941 4.352973 -1.387713
v 0.936269 4.598551 -1.012103
v -0.287187 3.641541 -0.467473
v 0.667444 4.086248 -1.770243
v 0.643319 4.655434 -0.491440
v -0.006242 4.100088 0.008303
v 1.185839 4.578190 -1.559067
v 1.136790 4.890710 -1.256027
v 0.357521 3.759725 -1.127818
v 0.367468 4.220059 -0.546713
v 0.610460 4.521540 -0.341669
v 0.605991 4.518195 -0.338943
v -0.074553 3.542279 -1.171790
v 0.110207 3.907726 -0.420552
v -0.205528 3.296164 -0.035461
v 0.132484 5.104053 -0.451126
v 0.294953 4.344888 0.757725
v 0.285383 4.327517 0.744571
v 0.348459 5.090319 0.149148
v 0.344138 4.819559 0.509865
v -0.349325 3.754461 -0.536083
v 0.196417 5.318895 -0.289096
v 0.118730 4.280438 0.646567
v -0.205370 3.505929 0.121995
v 0.512676 5.382832 0.382639
v 0.387442 5.175449 0.747627
v 0.115352 4.556410 -0.454696
v 0.023094 4.145293 0.155356
v 0.157788 4.096167 0.569387
v 0.155290 4.091632 0.565953
v -0.204497 4.433483 -0.798920
v -0.079331 3.879790 -0.158761
v -1.159629 3.752578 -1.071221
v 0.641276 4.236808 -0.792374
v 0.027250 3.014049 -1.230413
v 0.007177 3.026241 -1.226565
v 0.723486 3.646491 -1.020256
v 0.481421 3.277970 -1.115351
v -0.793911 4.259909 -0.770884
v 0.871963 4.084274 -0.788474
v -0.095230 3.115349 -1.081077
v -0.954490 3.601649 -1.008511
v 1.062991 3.429348 -1.088333
v 0.842078 3.053136 -1.048712
v 0.117702 4.223181 -0.953321
v -0.274802 3.597592 -1.018669
v -0.260198 3.188610 -1.175188
v -0.265438 3.191793 -1.174184
v -0.116303 4.549132 -0.679641
v -0.572289 3.898780 -0.997703
v -1.060510 3.739971 -0.060879
v 0.720901 3.232328 0.291779
v -0.409734 3.447393 1.151696
v -0.420338 3.453461 1.131273
v 0.480783 3.196264 0.881869
v 0.109129 3.312641 1.109412
v -0.447624 3.718984 -0.385328
v 0.859522 3.209241 0.530001
v -0.409685 3.587041 0.984177
v -0.916611 3.776879 0.155281
v 0.654963 3.094543 1.237346
v 0.357241 3.325684 1.460602
v 0.212715 3.267658 0.089992
v -0.360777 3.544172 0.469911
v -0.561539 3.534415 0.859241
v -0.564307 3.535999 0.853909
v 0.254352 3.480901 -0.344401
v -0.491310 3.562818 0.067088
v 0.224670 3.866946 -0.091268
v -0.433429 2.643294 -1.366051
v 0.900091 2.986598 -0.956278
v 0.888628 3.002286 -0.942534
v 0.190582 2.517136 -1.409155
v 0.585770 2.687099 -1.273560
v -0.369129 3.719739 -0.418483
v -0.303345 2.496269 -1.560886
v 0.768978 3.160863 -0.953984
v 0.338316 3.777154 -0.309938
v 0.395765 2.251399 -1.642250
v 0.759051 2.494924 -1.617226
v -0.341369 2.928661 -0.907457
v 0.301269 3.266396 -0.756981
v 0.735940 3.211332 -0.759562
v 0.732948 3.215427 -0.755974
v -0.715371 3.235141 -0.861664
v 0.026166 3.458134 -0.497737
v -0.632804 3.944499 -1.888397
v -1.481906 3.460418 -0.275889
v -1.157342 2.711852 -1.458408
v -1.149563 2.733005 -1.466053
v -1.463397 2.890425 -0.562118
v -1.375085 2.711704 -0.966724
v -0.916521 4.249399 -1.333531
v -1.616776 3.230033 -0.203562
v -1.213814 2.916785 -1.507167
v -0.808710 3.755267 -1.843205
v -1.595095 2.523473 -0.439435
v -1.635765 2.388515 -0.854213
v -1.132716 3.656576 -0.649797
v -1.074752 3.386567 -1.337856
v -1.046056 3.014786 -1.567928
v -1.044025 3.020307 -1.569923
v -1.196988 4.137974 -0.655260
v -0.897354 3.770377 -1.367395
v -0.671950 3.619172 -0.860821
v -1.708112 5.179809 -0.645713
v -2.046131 3.783970 -0.608001
v -2.023116 3.781308 -0.613441
v -2.154663 4.738564 -0.531436
v -2.214726 4.292984 -0.567454
v -0.617785 4.302760 -0.966225
v -1.982013 5.215597 -0.631706
v -1.891005 3.824133 -0.755944
v -0.927095 3.657386 -0.908101
v -2.551085 4.774832 -0.438787
v -2.635413 4.376573 -0.600608
v -1.320772 4.794322 -0.605882
v -1.438907 4.077718 -0.754920
v -1.716578 3.745856 -0.686041
v -1.710571 3.745161 -0.687461
v -0.936502 4.963145 -0.850298
v -1.017206 4.114573 -0.776419
v -1.124755 4.558996 -1.225644
v -0.884184 3.796146 0.481891
v -1.703324 4.880520 0.015859
v -1.692609 4.875775 -0.004856
v -1.338181 4.223147 0.618707
v -1.544956 4.577168 0.430661
v -0.689975 4.126203 -0.901620
v -0.968614 3.879536 0.731723
v -1.512820 4.873693 -0.090094
v -1.152186 4.668684 -0.988979
v -1.526520 4.312119 0.970363
v -1.616483 4.717557 0.830959
v -0.975495 3.874275 -0.052690
v -1.241372 4.506196 -0.334962
v -1.549793 4.812651 -0.280738
v -1.546996 4.811412 -0.286145
v -0.568804 3.737962 -0.280560
v -1.066837 4.314328 -0.670189
v -0.832087 4.262171 -1.999682
v 0.155804 2.895828 -1.155484
v -1.244887 3.215372 -1.155136
v -1.237656 3.233725 -1.168450
v -0.433551 2.725558 -0.979895
v -0.853661 2.889724 -0.981757
v -0.171340 4.102544 -1.860870
v 0.083092 2.711946 -0.962096
v -1.122313 3.395676 -1.160599
v -0.883959 4.131943 -1.777997
v -0.566606 2.413929 -0.751347
v -0.929000 2.635078 -0.643313
v -0.056638 3.243862 -1.521489
v -0.723073 3.560188 -1.447379
v -1.141313 3.478262 -1.345686
v -1.139426 3.483053 -1.349161
v 0.286795 3.576569 -1.606721
v -0.527668 3.807423 -1.730830
v -0.824555 4.041767 -0.881999
v -0.182182 5.257575 -2.172215
v -0.352808 5.360603 -0.749431
v -0.361865 5.338737 -0.751933
v -0.088187 5.602913 -1.643945
v -0.196212 5.597537 -1.206054
v -0.809702 4.114567 -1.571793
v -0.123009 5.527161 -2.154308
v -0.511457 5.241480 -0.840008
v -0.827226 4.304028 -0.879438
v 0.065018 5.978209 -1.591692
v -0.153268 6.025489 -1.214832
v -0.269131 4.813493 -1.863266
v -0.528426 4.841457 -1.169238
v -0.482619 5.047537 -0.785298
v -0.484983 5.041830 -0.785951
v -0.530704 4.508311 -2.135934
v -0.602637 4.440829 -1.286041
v -0.997099 3.593911 -1.589726
v 0.586275 4.394639 -0.951563
v 0.133620 3.031255 -0.969772
v 0.114053 3.041008 -0.979175
v 0.724760 3.781570 -0.841421
v 0.521705 3.378839 -0.836583
v -0.750808 4.226429 -1.446203
v 0.792672 4.292414 -0.798433
v -0.031781 3.169393 -0.936236
v -0.836301 3.515140 -1.398066
v 1.056399 3.605590 -0.679879
v 0.822280 3.257463 -0.553764
v 0.160740 4.240312 -1.260304
v -0.202814 3.600938 -1.166921
v -0.146626 3.170938 -1.104304
v -0.151734 3.173484 -1.106758
v -0.145784 4.617029 -1.265908
v -0.474644 3.837054 -1.390551
v -0.265684 3.894116 -2.434919
v -1.559533 4.808057 -1.412099
v -1.501347 4.456635 -2.803920
v -1.479946 4.448193 -2.797827
v -1.860842 4.790372 -1.974295
v -1.776906 4.691384 -2.406270
v -0.326153 4.191212 -1.810889
v -1.784539 4.949716 -1.488281
v -1.303883 4.507473 -2.726539
v -0.439990 4.075051 -2.510250
v -2.226498 4.933210 -2.088061
v -2.096366 4.961916 -2.505373
v -1.196415 4.442361 -1.598193
v -1.022691 4.365528 -2.314857
v -1.194829 4.335866 -2.716687
v -1.189243 4.333663 -2.715096
v -0.797825 4.497264 -1.326135
v -0.698545 4.179959 -2.114491
v -0.414034 4.464391 -1.771804
v -0.531147 2.582751 -1.737055
v -1.170013 3.604231 -0.954448
v -1.156309 3.618641 -0.967522
v -0.966794 2.725067 -1.293072
v -1.109642 3.079005 -1.052720
v -0.076847 3.913629 -2.025383
v -0.650381 2.411409 -1.555605
v -0.965286 3.659574 -1.005321
v -0.472961 4.304957 -1.572047
v -1.205110 2.485171 -1.063496
v -1.237549 2.795252 -0.755754
v -0.522860 3.107813 -1.893450
v -0.685656 3.672629 -1.441596
v -0.973669 3.810563 -1.141595
v -0.970092 3.814324 -1.145008
v -0.095114 3.176661 -2.112989
v -0.471829 3.857596 -1.757378
v -1.018358 4.960893 0.864899
v 0.748720 5.275717 0.287133
v 0.210037 4.803838 1.532603
v 0.189263 4.807643 1.521633
v 0.866895 5.036999 0.866970
v 0.647139 4.930866 1.246298
v -0.685667 5.276844 0.344488
v 0.987514 5.279839 0.426627
v 0.080094 4.953426 1.441484
v -0.805943 5.023466 1.005465
v 1.218906 4.969420 1.063364
v 1.018899 4.998110 1.452057
v 0.228926 5.106943 0.326480
v -0.127020 5.023094 0.971432
v -0.087447 4.858452 1.375542
v -0.092870 4.859445 1.372679
v -0.026598 5.383821 0.019969
v -0.441161 5.045909 0.687800
v -1.114887 5.171794 0.454857
v 0.498223 5.329612 1.418422
v -0.303784 6.291650 0.714638
v -0.316807 6.272456 0.709306
v 0.400244 5.943142 1.273009
v 0.136055 6.195788 1.008775
v -0.621933 4.763132 0.721928
v 0.676816 5.539632 1.440670
v -0.305219 6.098205 0.613934
v -0.920463 5.345564 0.426615
v 0.618242 6.278023 1.358920
v 0.452829 6.486843 1.011155
v -0.014505 5.213811 1.263767
v -0.389682 5.608185 0.760377
v -0.490203 6.016778 0.638207
v -0.493602 6.011768 0.636815
v -0.019064 4.740571 1.154557
v -0.599916 5.240396 0.773991
v -1.155284 4.495800 0.499180
v -0.529427 4.390788 2.274784
v -1.853059 4.458717 1.720320
v -1.841145 4.460526 1.699798
v -1.158025 4.365271 2.381447
v -1.546794 4.426764 2.161166
v -0.561063 4.566005 0.850335
v -0.661642 4.419186 2.516054
v -1.712266 4.578542 1.604634
v -1.267061 4.581594 0.720403
v -1.370823 4.335537 2.729128
v -1.720088 4.523262 2.542901
v -0.619112 4.304123 1.741244
v -1.245605 4.496333 1.394469
v -1.682435 4.484734 1.426452
v -1.679325 4.485206 1.421095
v -0.229690 4.477968 1.508795
v -0.968110 4.449161 1.077573
v -0.170242 4.263822 0.655308
v -2.046756 4.119260 0.770589
v -1.041927 3.241303 0.238089
v -1.027386 3.259156 0.244110
v -1.910845 3.548234 0.520348
v -1.563804 3.328351 0.334175
v -0.719464 4.665774 0.789940
v -2.222253 3.937361 0.658285
v -0.990954 3.450523 0.203552
v -0.336629 4.130705 0.502369
v -2.153143 3.237072 0.413021
v -1.856521 3.092676 0.124798
v -1.515654 4.193453 0.883036
v -0.967057 3.876469 0.497998
v -0.833721 3.497005 0.324200
v -0.829925 3.501664 0.325772
v -1.450702 4.673531 0.917847
v -0.774885 4.197477 0.697187
v -0.771935 4.891803 0.630407
v -1.432529 3.179146 1.061586
v -1.924724 4.500733 1.335808
v -1.904609 4.507260 1.324894
v -1.905689 3.537992 1.295066
v -1.995949 3.970212 1.387180
v -0.555728 4.232583 0.634679
v -1.637902 3.100510 1.229327
v -1.706831 4.494191 1.342431
v -0.922786 4.817410 0.831663
v -2.252982 3.435095 1.484406
v -2.270935 3.824536 1.684208
v -1.233736 3.616920 0.798805
v -1.334812 4.314235 1.029515
v -1.636590 4.594189 1.179627
v -1.631339 4.595893 1.176778
v -0.763447 3.524932 0.719619
v -1.004274 4.344629 0.765937
v -1.264392 4.744597 0.608671
v 0.495189 5.254165 1.055556
v -0.447949 4.378800 1.694517
v -0.462091 4.385955 1.676764
v 0.384774 4.832015 1.521132
v 0.042051 4.600218 1.700736
v -0.795461 5.222875 0.427864
v 0.643784 5.212274 1.285040
v -0.547773 4.549419 1.602384
v -1.149414 4.757006 0.844087
v 0.620326 4.704255 1.829744
v 0.268125 4.596049 2.066711
v 0.047906 5.077552 0.792944
v -0.535523 4.774331 1.135519
v -0.650511 4.481366 1.440359
v -0.654202 4.483234 1.435725
v -0.089477 5.440536 0.500928
v -0.691744 4.890319 0.758963
v -1.252582 4.848911 0.651791
v -0.962147 6.684651 0.333670
v -2.143623 5.937631 0.665510
v -2.128713 5.919134 0.664099
v -1.580555 6.699938 0.490197
v -1.925396 6.416872 0.556569
v -0.762095 5.264265 0.390560
v -1.140142 6.893777 0.300763
v -2.011480 5.823351 0.534964
v -1.419042 5.030655 0.562043
v -1.843862 7.011483 0.515840
v -2.183187 6.743220 0.446546
v -0.930542 6.170174 0.519499
v -1.506996 5.704207 0.535841
v -1.930124 5.672768 0.645167
v -1.926232 5.667939 0.644798
v -0.548908 5.969097 0.296276
v -1.171443 5.446795 0.564036
v -1.209654 4.473236 0.392154
v -1.074521 5.291550 2.085551
v -2.147188 4.591899 1.434459
v -2.131667 4.590971 1.416442
v -1.661266 5.045201 2.132521
v -1.975426 4.853480 1.871767
v -0.789247 4.908177 0.731889
v -1.266837 5.347100 2.276412
v -2.030600 4.708805 1.291965
v -1.397831 4.577872 0.541938
v -1.934416 5.057099 2.436327
v -2.264883 4.999353 2.154609
v -0.986011 4.988538 1.637702
v -1.526173 4.760057 1.184146
v -1.924957 4.578704 1.176414
v -1.920906 4.578462 1.171711
v -0.632768 5.212433 1.390731
v -1.176468 4.722445 0.947620
v -1.144786 4.977993 0.047042
v 0.129066 4.262874 1.239266
v -0.730103 3.651143 0.263736
v -0.737888 3.673462 0.260972
v -0.036882 3.730816 0.928559
v -0.351242 3.585384 0.639641
v -0.779707 5.174232 0.603409
v 0.186377 4.001318 1.308567
v -0.827846 3.820289 0.360689
v -1.133421 4.739175 0.154890
v 0.090125 3.344537 0.969879
v -0.285411 3.192865 0.802918
v -0.127085 4.562057 0.858352
v -0.699119 4.312923 0.457852
v -0.841677 3.970738 0.224262
v -0.843709 3.976564 0.223540
v -0.232201 4.987113 1.068546
v -0.726946 4.733983 0.418009
v -0.803450 4.759449 0.095090
v -1.861821 5.649005 1.377289
v -2.173032 4.646307 0.396581
v -2.150128 4.649140 0.390768
v -2.296929 5.247137 1.139915
v -2.349768 4.963305 0.793369
v -0.764721 5.309679 0.515903
v -2.135849 5.654760 1.414357
v -2.022754 4.785912 0.322477
v -1.060445 4.811745 0.091443
v -2.691280 5.192470 1.232370
v -2.772664 5.031399 0.833195
v -1.466535 5.366398 1.124106
v -1.575521 4.975024 0.503913
v -1.845082 4.686985 0.313261
v -1.839104 4.687725 0.311744
v -1.092221 5.671986 1.075016
v -1.155308 5.029657 0.513338
v -0.398925 4.610996 1.028689
v -0.631597 4.870370 -0.824438
v 0.506302 4.477899 -0.040094
v 0.491246 4.481316 -0.021982
v -0.027753 4.664167 -0.820467
v 0.305745 4.582830 -0.527875
v -0.859532 4.892251 0.592715
v -0.448017 4.879647 -1.031105
v 0.383275 4.623534 0.065824
v -0.222693 4.679008 0.846725
v 0.237825 4.603786 -1.125216
v 0.577078 4.657338 -0.853285
v -0.686843 4.710485 -0.303282
v -0.121555 4.668414 0.174598
v 0.290721 4.526950 0.219264
v 0.286790 4.527843 0.223991
v -1.052451 4.972260 -0.119682
v -0.462584 4.678605 0.426091
v -1.050782 5.637548 0.496086
v -1.203017 3.806369 0.919289
v -1.999210 4.948445 1.273949
v -1.982467 4.960167 1.261756
v -1.732643 4.025213 1.199943
v -1.924830 4.417305 1.312965
v -0.670210 5.058465 0.461980
v -1.366177 3.674449 1.099496
v -1.787401 4.999399 1.263721
v -1.159858 5.523668 0.705676
v -2.024174 3.832280 1.411689
v -2.126781 4.200842 1.625094
v -1.147865 4.284148 0.656793
v -1.408333 4.927462 0.917553
v -1.759377 5.116303 1.099444
v -1.755007 5.119362 1.096262
v -0.678047 4.320129 0.538975
v -1.120074 5.046933 0.630698
v -0.592667 3.674285 -0.132724
v 0.791848 3.409860 1.119750
v 0.050538 2.497820 0.293501
v 0.038925 2.517623 0.287227
v 0.721276 2.811159 0.910608
v 0.436454 2.565314 0.661846
v -0.265897 4.024849 0.368935
v 0.894689 3.178359 1.230787
v -0.075168 2.661770 0.363375
v -0.538921 3.463595 0.013958
v 0.914632 2.465950 1.013046
v 0.571150 2.224752 0.887541
v 0.485489 3.588999 0.702290
v -0.035068 3.178534 0.370282
v -0.115849 2.781389 0.203765
v -0.118880 2.786557 0.202127
v 0.307770 4.019494 0.840111
v -0.136936 3.574889 0.259931
v -0.787095 3.493428 -0.209879
v -1.115312 4.609551 1.274047
v -1.979919 4.073119 0.259780
v -1.959517 4.064326 0.251246
v -1.712645 4.534817 1.062458
v -1.932269 4.374446 0.702606
v -0.431416 3.874002 0.248371
v -1.340258 4.752723 1.347530
v -1.783441 4.122168 0.178821
v -0.975403 3.672606 -0.174803
v -2.067592 4.682378 1.201339
v -2.248769 4.647595 0.804008
v -0.951241 4.201719 0.946980
v -1.293822 4.020103 0.315043
v -1.687732 3.947319 0.137516
v -1.682406 3.945024 0.135289
v -0.475568 4.268948 0.875426
v -0.910445 3.844226 0.273313
v -0.822213 3.686695 0.844665
v 0.265486 3.100003 -0.579481
v -0.203654 2.445010 0.610031
v -0.213099 2.466394 0.614493
v 0.223185 2.557155 -0.246780
v 0.082794 2.411067 0.156203
v -0.470686 3.953637 0.309402
v 0.416363 2.870239 -0.610210
v -0.161105 2.655705 0.646928
v -0.635930 3.502064 0.842631
v 0.382372 2.186914 -0.314836
v 0.366740 2.090894 0.112298
v -0.139918 3.312912 -0.278590
v -0.288492 3.102252 0.416564
v -0.338796 2.751271 0.673974
v -0.341262 2.756853 0.675139
v -0.091828 3.795263 -0.309075
v -0.479925 3.479077 0.384794
v -0.964646 3.982888 0.403510
v 0.553784 4.652697 1.298617
v -0.833118 5.025402 1.339093
v -0.835058 5.008544 1.322407
v 0.102032 5.011051 1.571866
v -0.334176 5.113134 1.519440
v -0.273181 3.940051 0.366405
v 0.587934 4.878645 1.454438
v -0.773286 4.963742 1.138638
v -0.919681 4.223465 0.497826
v 0.126088 5.302657 1.857237
v -0.245836 5.485697 1.715545
v 0.165591 4.327291 1.089728
v -0.523319 4.555987 0.938758
v -0.860865 4.784077 1.100054
v -0.861371 4.779676 1.095699
v 0.365631 4.107913 0.705330
v -0.484828 4.201429 0.709718
v -0.282628 3.771856 0.884516
v 0.001070 4.791507 -0.676036
v 0.339744 5.020267 0.701286
v 0.328167 4.999715 0.704447
v 0.305519 5.158409 -0.251940
v 0.354080 5.199736 0.194580
v -0.497500 3.791470 0.225136
v 0.090352 5.051102 -0.709772
v 0.148249 4.917580 0.682604
v -0.257111 4.031519 0.857708
v 0.505308 5.512139 -0.296747
v 0.435450 5.616059 0.123049
v -0.020244 4.387124 -0.306931
v -0.021754 4.500668 0.425733
v 0.173852 4.726026 0.746560
v 0.170830 4.720661 0.747385
v -0.389470 4.101356 -0.440769
v -0.172511 4.106443 0.386847
v -0.784218 3.447888 0.656397
v 0.783655 4.493319 0.722269
v 0.233496 3.520574 1.625119
v 0.215754 3.520276 1.609260
v 0.863841 4.147079 1.252223
v 0.631511 3.865753 1.517411
v -0.506421 3.996594 0.335326
v 0.965484 4.535544 0.926362
v 0.076474 3.637859 1.529451
v -0.649697 3.533213 0.864767
v 1.163529 4.146223 1.530136
v 0.892428 3.989266 1.836365
v 0.380536 4.156541 0.566400
v -0.037703 3.770514 1.041531
v -0.020628 3.516414 1.398070
v -0.025259 3.516337 1.393930
v 0.105391 4.409595 0.256298
v -0.267333 3.769982 0.685270
v -0.795606 3.528311 0.002194
v 0.387602 3.663172 1.464153
v -0.158785 2.532834 0.765697
v -0.170422 2.549707 0.753603
v 0.386563 3.029922 1.385691
v 0.159597 2.711886 1.160333
v -0.573346 4.005486 0.454124
v 0.485247 3.470825 1.637261
v -0.303447 2.695505 0.778931
v -0.753206 3.359200 0.198149
v 0.581543 2.733472 1.588544
v 0.277066 2.440545 1.472806
v 0.140719 3.721109 0.978446
v -0.295722 3.203535 0.676241
v -0.325519 2.774471 0.592609
v -0.328556 2.778875 0.589452
v -0.081758 4.152689 0.990596
v -0.402314 3.556540 0.467246
v -1.408173 3.648302 0.497495
v -0.341008 5.107292 -0.039160
v -1.731891 4.805235 -0.234738
v -1.726060 4.785154 -0.223371
v -0.908646 5.306087 -0.252303
v -1.325707 5.147545 -0.318420
v -0.737029 3.818658 0.454141
v -0.393189 5.316700 -0.212147
v -1.609786 4.624633 -0.240904
v -1.436317 3.808232 0.291522
v -1.017601 5.647469 -0.448867
v -1.365105 5.446966 -0.624784
v -0.590241 4.714550 0.250416
v -1.243222 4.418246 0.061972
v -1.648352 4.517642 -0.072073
v -1.646830 4.512401 -0.069106
v -0.256515 4.369783 0.325699
v -1.078540 4.132474 0.328180
v -1.109200 3.528641 0.041174
v -2.479342 3.330315 1.321358
v -2.491418 3.317765 -0.115215
v -2.468256 3.322503 -0.112480
v -2.816699 3.234805 0.788224
v -2.772623 3.277313 0.341350
v -1.209210 3.625199 0.720888
v -2.754478 3.324617 1.293679
v -2.345372 3.460299 -0.038280
v -1.364889 3.583577 0.021181
v -3.213432 3.154383 0.731792
v -3.200172 3.322906 0.327648
v -2.015664 3.282229 1.033418
v -1.963149 3.442338 0.311408
v -2.159762 3.385721 -0.076039
v -2.153717 3.386959 -0.075325
v -1.673158 3.512596 1.289396
v -1.560495 3.450092 0.443556
v -0.603285 3.614041 0.679417
v -1.959360 2.359839 0.300561
v -0.576881 2.432259 -0.083565
v -0.577728 2.452826 -0.071623
v -1.466347 2.074031 0.013482
v -1.041578 2.162908 -0.109478
v -1.292994 3.557178 0.728455
v -1.966295 2.147678 0.123254
v -0.667156 2.630563 -0.074106
v -0.629970 3.455192 0.472416
v -1.442804 1.722775 -0.194158
v -1.093846 1.866346 -0.416697
v -1.611933 2.701242 0.551476
v -0.950376 2.889253 0.274556
v -0.589049 2.726862 0.087339
v -0.589271 2.732232 0.090456
v -1.870855 3.094878 0.669433
v -1.028176 3.193648 0.559062
v 0.113938 4.002851 -0.191808
v -0.697242 3.203795 -1.694802
v 0.359779 2.770121 -0.823780
v 0.356350 2.791489 -0.813880
v -0.299456 2.734313 -1.525935
v 0.050065 2.662562 -1.250011
v -0.307416 4.177449 -0.714602
v -0.627471 2.979882 -1.841409
v 0.366636 2.985754 -0.855707
v 0.213369 3.830406 -0.362603
v -0.233178 2.365910 -1.690057
v 0.171902 2.353839 -1.523708
v -0.604485 3.451423 -1.214911
v 0.022773 3.372621 -0.827577
v 0.310760 3.076179 -0.682099
v 0.309865 3.081757 -0.679515
v -0.711281 3.920458 -1.282033
v -0.147507 3.726599 -0.668337
v -0.389443 3.595417 -0.242238
v -1.144952 5.309480 -0.458300
v -1.209918 4.354010 0.612634
v -1.197025 4.340781 0.597629
v -1.336284 5.182733 0.137091
v -1.356318 4.836319 0.425262
v -0.497253 4.060920 -0.745248
v -1.334056 5.444911 -0.308644
v -1.206465 4.255251 0.418214
v -0.607992 3.695421 -0.137214
v -1.558082 5.402503 0.400826
v -1.687775 5.039668 0.609246
v -0.800268 4.884179 -0.435253
v -0.911060 4.289659 -0.006346
v -1.025388 4.164538 0.397699
v -1.022022 4.161086 0.393782
v -0.714420 4.754754 -0.895453
v -0.629715 4.153518 -0.292638
v -1.163635 3.684121 -0.600765
v 0.608157 3.708747 0.043935
v -0.597251 3.118269 0.556158
v -0.606961 3.128864 0.537188
v 0.339569 3.332919 0.484136
v -0.069842 3.201340 0.620212
v -0.567892 4.019705 -0.718280
v 0.714290 3.629673 0.286797
v -0.637603 3.308959 0.458314
v -1.075975 3.666357 -0.354199
v 0.497601 3.148225 0.812714
v 0.105565 3.138514 1.007961
v 0.161617 3.656554 -0.269269
v -0.515166 3.520778 0.001323
v -0.736313 3.270101 0.284576
v -0.738848 3.272866 0.279624
v 0.158125 4.041928 -0.564869
v -0.592873 3.672765 -0.386639
v -0.873733 4.202882 -0.947426
v -0.165622 4.765228 0.707216
v -0.883011 5.463674 -0.323112
v -0.881775 5.442605 -0.334112
v -0.449610 5.306205 0.523211
v -0.641824 5.486139 0.156981
v -0.438246 3.973216 -0.458610
v -0.134887 5.017974 0.815262
v -0.749866 5.312863 -0.407331
v -0.791076 4.440715 -0.873957
v -0.474904 5.671741 0.704301
v -0.533259 5.869987 0.318035
v -0.431619 4.494320 0.312154
v -0.661010 4.810002 -0.318255
v -0.865195 5.162004 -0.480676
v -0.864872 5.156506 -0.483547
v -0.170527 4.094564 0.223102
v -0.661267 4.396105 -0.409586
v -1.200794 4.251233 -0.852124
v -0.298140 4.448791 0.791555
v -1.392035 5.167060 0.198656
v -1.387959 5.152291 0.180443
v -0.747831 4.895937 0.862273
v -1.060052 5.111054 0.617959
v -0.619122 4.031901 -0.544084
v -0.309919 4.648547 0.982493
v -1.247657 5.103732 0.047962
v -1.168093 4.465855 -0.704941
v -0.824438 5.154045 1.169781
v -1.020655 5.435629 0.897536
v -0.568942 4.248553 0.359363
v -1.012842 4.657291 -0.071424
v -1.333569 4.955666 -0.062193
v -1.332505 4.951810 -0.066947
v -0.241039 4.007419 0.094339
v -0.926692 4.318933 -0.311723
v -1.020780 3.869711 -0.976019
v -0.174592 4.475596 0.596355
v -1.524115 4.065500 0.323123
v -1.515802 4.063344 0.300927
v -0.753629 4.344730 0.830348
v -1.168559 4.244382 0.684712
v -0.429919 4.178991 -0.784801
v -0.278474 4.548472 0.842111
v -1.437200 4.170915 0.153129
v -1.123448 3.993725 -0.768958
v -0.905136 4.379630 1.208339
v -1.312876 4.415269 1.052182
v -0.302565 4.206670 0.136441
v -0.995797 4.133377 -0.116043
v -1.405108 4.034745 0.005256
v -1.402939 4.034182 -0.000538
v -0.007967 4.380719 -0.208267
v -0.757638 4.051868 -0.457056
v -0.645426 4.694135 -0.863529
v -1.102163 2.923726 -1.324539
v -1.432756 4.190891 -1.915339
v -1.420404 4.199367 -1.896847
v -1.376881 3.234574 -1.809376
v -1.481919 3.655670 -1.932225
v -0.623418 4.058313 -0.586794
v -1.284240 2.824855 -1.507764
v -1.422303 4.204948 -1.697952
v -0.856729 4.604414 -0.990398
v -1.591190 3.097976 -2.129473
v -1.797336 3.482583 -2.168057
v -0.830998 3.380148 -1.189017
v -1.078833 4.063162 -1.336533
v -1.255973 4.312265 -1.650454
v -1.252749 4.314477 -1.645627
v -0.714134 3.333616 -0.719889
v -0.790786 4.126512 -1.032118
v -1.117287 3.833910 -1.064829
v -0.830728 4.200385 0.762483
v -1.768559 3.349207 0.084240
v -1.758269 3.358353 0.064827
v -1.287744 3.757918 0.812708
v -1.583170 3.537851 0.552437
v -0.777481 4.291427 -0.669170
v -0.979159 4.134760 0.986449
v -1.730017 3.531317 -0.029404
v -1.286425 3.824158 -0.864599
v -1.470683 3.596234 1.140490
v -1.826248 3.496282 0.904927
v -0.765872 4.069654 0.234353
v -1.305313 3.783731 -0.186290
v -1.621282 3.480274 -0.193751
v -1.618596 3.482661 -0.198818
v -0.565803 4.458266 0.022556
v -1.027836 3.932841 -0.469884
v -0.479985 3.768827 -0.684694
v -2.343643 4.039578 -0.590016
v -1.539798 2.848842 -0.585328
v -1.522028 2.864411 -0.588192
v -2.324431 3.405178 -0.524226
v -2.032175 3.064074 -0.565223
v -0.941454 4.276947 -0.785665
v -2.554277 3.861075 -0.606383
v -1.454507 3.001709 -0.715408
v -0.675191 3.610615 -0.759917
v -2.623332 3.130630 -0.475929
v -2.372686 2.813502 -0.644788
v -1.802582 4.061976 -0.506528
v -1.339991 3.504785 -0.665392
v -1.285346 3.071799 -0.626466
v -1.280708 3.075863 -0.627213
v -1.651930 4.477614 -0.707659
v -1.083732 3.841474 -0.640420
v -1.360780 4.075164 -0.790111
v -0.107959 4.458435 0.565999
v -1.512525 4.734513 0.443453
v -1.509613 4.724396 0.422109
v -0.637595 4.680553 0.844049
v -1.066150 4.775722 0.740463
v -0.673230 4.077395 -0.697343
v -0.127010 4.617812 0.791242
v -1.411714 4.748580 0.250571
v -1.359965 4.269981 -0.614498
v -0.696689 4.856253 1.208312
v -1.055459 5.060917 1.062353
v -0.414832 4.209043 0.186721
v -1.086996 4.446163 -0.017386
v -1.470778 4.589767 0.137752
v -1.470017 4.587125 0.132180
v -0.126964 4.144865 -0.199176
v -0.969788 4.194653 -0.337788
v -0.430444 3.378642 -0.504492
v -0.517507 4.780492 0.753572
v -0.109725 3.407421 0.865092
v -0.116285 3.406724 0.842226
v -0.260832 4.324778 1.119094
v -0.181140 3.880922 1.109759
v -0.704614 4.013187 -0.445173
v -0.489438 4.779745 1.028727
v -0.275656 3.429873 0.725354
v -0.463752 3.367195 -0.244581
v -0.146504 4.327335 1.511487
v -0.197845 3.893181 1.539451
v -0.417420 4.476479 0.308851
v -0.375405 3.736333 0.319358
v -0.203796 3.397418 0.537680
v -0.205508 3.397235 0.531712
v -0.727603 4.629601 -0.032095
v -0.441124 3.825458 -0.089776
v -0.652986 3.252891 -0.579302
v -1.546342 4.814448 -0.014554
v -1.950502 3.436802 -0.067369
v -1.928976 3.433959 -0.077112
v -1.990185 4.379357 0.129883
v -2.080557 3.943433 0.057436
v -0.579711 3.941684 -0.618425
v -1.811146 4.858247 0.052224
v -1.821563 3.488229 -0.235577
v -0.909909 3.305532 -0.575560
v -2.361684 4.418933 0.295628
v -2.495203 4.045455 0.109632
v -1.180281 4.413197 -0.086766
v -1.362695 3.723472 -0.288496
v -1.642294 3.396115 -0.207011
v -1.636675 3.395372 -0.209554
v -0.835682 4.595242 -0.376620
v -0.949820 3.747304 -0.381333
v -1.019779 3.602373 -0.644956
v 0.128265 3.766979 0.841782
v -1.286471 3.540741 0.735090
v -1.282055 3.542971 0.711811
v -0.418366 3.634511 1.143129
v -0.859940 3.603833 1.056425
v -0.373722 3.811233 -0.502393
v 0.073580 3.790822 1.111856
v -1.215349 3.674294 0.578026
v -1.073255 3.684484 -0.401661
v -0.503546 3.595571 1.540970
v -0.923548 3.698697 1.471177
v -0.101241 3.620031 0.366438
v -0.829202 3.662450 0.232412
v -1.223245 3.572808 0.401740
v -1.222092 3.573390 0.395664
v 0.154299 3.842627 0.018508
v -0.658812 3.640725 -0.155078
v -0.847190 3.936491 -0.947042
v 0.556494 4.958492 -0.211735
v -0.321972 5.185596 -1.325632
v -0.330004 5.163945 -1.319880
v 0.356699 5.361513 -0.664305
v 0.084679 5.366852 -1.024060
v -0.322040 3.860409 -0.500090
v 0.684227 5.185415 -0.304949
v -0.270690 4.974466 -1.306710
v -0.689989 4.111317 -1.063311
v 0.488838 5.733360 -0.770690
v 0.332710 5.683358 -1.176930
v 0.103299 4.658739 -0.282307
v -0.273025 4.628826 -0.920411
v -0.436901 4.875490 -1.243335
v -0.438997 4.869838 -1.241833
v 0.209351 4.213296 -0.120323
v -0.404311 4.283669 -0.712364
v -0.210678 3.581904 -0.859162
v -0.653491 4.305759 0.824715
v -1.423734 4.100792 -0.370592
v -1.402887 4.093128 -0.379140
v -1.226931 4.326148 0.545583
v -1.412483 4.276642 0.137458
v 0.107987 3.810213 -0.286743
v -0.879303 4.440104 0.911083
v -1.217896 4.155755 -0.417221
v -0.394540 3.758316 -0.796968
v -1.588776 4.456702 0.683689
v -1.727188 4.535388 0.275573
v -0.471083 3.983998 0.420468
v -0.750215 3.990788 -0.266358
v -1.125179 3.991148 -0.493029
v -1.119737 3.989148 -0.495261
v 0.011794 4.035877 0.413936
v -0.371726 3.806488 -0.315679
v -0.831068 4.698056 -1.951681
v -0.153674 3.829977 -0.420972
v -0.739955 5.127172 -0.614891
v -0.740375 5.120286 -0.637668
v -0.369481 4.367068 -0.152414
v -0.522697 4.773925 -0.272575
v -0.447758 4.142592 -1.790842
v -0.102160 3.924609 -0.166237
v -0.619234 5.068117 -0.786655
v -0.727779 4.801298 -1.733812
v -0.365519 4.493906 0.236103
v -0.382842 4.913000 0.109738
v -0.426018 3.953272 -0.880152
v -0.588349 4.646572 -1.086730
v -0.745847 5.028618 -0.941081
v -0.745957 5.026820 -0.947027
v -0.204113 3.711171 -1.237992
v -0.627371 4.425061 -1.445984
v -1.174053 4.452670 -1.569588
v 0.671886 4.301886 -1.215657
v -0.311557 5.270104 -0.816361
v -0.325811 5.256875 -0.830079
v 0.536622 4.814555 -0.860640
v 0.201012 5.108825 -0.795699
v -0.623902 4.097424 -1.798654
v 0.849557 4.478723 -1.098779
v -0.349064 5.197590 -1.018596
v -0.999000 4.640457 -1.515855
v 0.774240 5.047931 -0.623738
v 0.502733 5.388577 -0.670130
v 0.135952 4.202902 -1.272186
v -0.383789 4.730725 -1.241150
v -0.515643 5.080724 -1.012910
v -0.519364 5.077271 -1.016491
v 0.089767 3.934891 -1.674605
v -0.580655 4.409987 -1.436148
v -0.565310 3.779142 -2.061365
v -0.946896 4.392084 -0.319473
v -1.059317 3.098186 -0.933666
v -1.052079 3.110031 -0.952997
v -1.069536 3.770548 -0.243219
v -1.121991 3.397590 -0.491407
v -0.642089 4.379492 -1.722218
v -1.076608 4.269658 -0.108085
v -1.107125 3.257475 -1.074753
v -0.737952 3.687154 -1.886644
v -1.194911 3.559257 0.083411
v -1.368677 3.248641 -0.171993
v -0.705330 4.282887 -0.798995
v -0.878873 3.699057 -1.221742
v -0.955797 3.267855 -1.210512
v -0.953907 3.270947 -1.215558
v -0.720586 4.695364 -1.054991
v -0.681033 3.960111 -1.490746
v -0.922435 3.640727 -1.487760
v -1.753198 5.329273 -1.606658
v -2.283205 3.996900 -1.517674
v -2.260185 3.990900 -1.518361
v -2.269920 4.960252 -1.543537
v -2.383913 4.523946 -1.552956
v -0.755791 4.297299 -1.637694
v -2.017505 5.399231 -1.648447
v -2.100055 4.001761 -1.635981
v -1.157168 3.704179 -1.586090
v -2.667569 5.054008 -1.531942
v -2.776104 4.653720 -1.672997
v -1.436649 4.906358 -1.461200
v -1.624651 4.197415 -1.569575
v -1.953557 3.910988 -1.527643
v -1.947548 3.909422 -1.527822
v -0.995164 5.000022 -1.640707
v -1.204949 4.180453 -1.512872
v -0.986697 4.129258 -1.223860
v 0.396460 3.432992 -2.299771
v 0.045829 3.222309 -0.922557
v 0.029121 3.238543 -0.927427
v 0.505429 3.107464 -1.761886
v 0.377714 3.105777 -1.329298
v -0.688584 4.251783 -1.838232
v 0.619929 3.283714 -2.234377
v 0.008298 3.428345 -0.983424
v -0.749238 4.042422 -1.154093
v 0.789569 2.828703 -1.669113
v 0.757859 2.923968 -1.242702
v -0.089984 3.590458 -2.102805
v -0.237436 3.655764 -1.379145
v -0.193336 3.454880 -0.992261
v -0.197697 3.459118 -0.993532
v -0.208274 3.995668 -2.343046
v -0.542108 3.886098 -1.562921
v -1.060079 4.535645 -2.049661
v -0.751826 3.174502 -0.781687
v -1.954418 3.815401 -1.236732
v -1.939115 3.828336 -1.249574
v -1.389549 3.191093 -0.767631
v -1.730019 3.447728 -0.914822
v -0.529972 4.253384 -1.702312
v -0.920331 3.057266 -0.596321
v -1.787673 3.955761 -1.229026
v -1.200872 4.470083 -1.838301
v -1.659490 2.974441 -0.550276
v -1.957529 3.293749 -0.583772
v -0.756502 3.480800 -1.235976
v -1.299655 3.956741 -1.403771
v -1.735272 4.000723 -1.420523
v -1.731278 4.004099 -1.423875
v -0.321705 3.696117 -1.258232
v -0.976997 4.086019 -1.646323
v -0.767357 4.113422 -2.175492
v -0.874663 2.896542 -0.739115
v -1.109228 2.748921 -2.148807
v -1.104580 2.772261 -2.148997
v -1.001067 2.501133 -1.223715
v -1.098886 2.517036 -1.663743
v -0.778139 4.121207 -1.481836
v -0.975312 2.639253 -0.726039
v -1.172924 2.945055 -2.077825
v -0.915014 3.898097 -2.150450
v -1.082940 2.100746 -1.229787
v -1.300153 2.140927 -1.608088
v -0.708555 3.277200 -1.096503
v -0.957093 3.321026 -1.793639
v -1.042796 3.083178 -2.151495
v -1.041582 3.089270 -2.151545
v -0.750203 3.703989 -0.868421
v -0.793850 3.705735 -1.722902
v -1.360392 3.983403 -0.847441
v -0.209628 5.476947 -0.823783
v -1.555765 5.288160 -0.358681
v -1.552784 5.266479 -0.368029
v -0.707558 5.720788 -0.507918
v -1.137624 5.621562 -0.414946
v -0.762661 4.188924 -1.133472
v -0.257335 5.742151 -0.761423
v -1.518353 5.175271 -0.541493
v -1.419367 4.238974 -0.847484
v -0.767865 6.090941 -0.345443
v -1.202328 6.045257 -0.378046
v -0.424307 4.975715 -0.769950
v -1.151155 4.846361 -0.701751
v -1.513106 4.977717 -0.492669
v -1.512327 4.972057 -0.495110
v -0.231074 4.707075 -1.125475
v -0.995071 4.470849 -0.821254
v -1.358400 4.339869 -1.267583
v 0.223617 4.144523 -0.260331
v -1.095455 4.592219 0.091325
v -1.099493 4.589043 0.068087
v -0.176751 4.323250 0.203269
v -0.592578 4.490883 0.252601
v -0.679788 4.240120 -1.371852
v 0.287077 4.226478 -0.003905
v -1.041371 4.655180 -0.110355
v -1.280963 4.468702 -1.052641
v -0.116248 4.381345 0.603286
v -0.455098 4.658195 0.624313
v -0.203470 4.060335 -0.593090
v -0.849159 4.419209 -0.529964
v -1.153227 4.546848 -0.241469
v -1.154281 4.546020 -0.247535
v -0.029962 4.090038 -1.045768
v -0.857937 4.269679 -0.926469
v 0.138909 4.270026 0.047153
v -1.293748 4.906385 1.095024
v -0.268030 5.582325 0.350006
v -0.260532 5.560114 0.345906
v -1.063644 5.461488 0.880374
v -0.701823 5.623362 0.665131
v -0.318591 4.030100 0.510258
v -1.354276 5.160927 1.184706
v -0.192516 5.398916 0.440685
v 0.116654 4.495492 0.179304
v -1.184707 5.846274 0.946205
v -0.782572 5.997744 0.861045
v -0.986729 4.640051 0.727567
v -0.349486 4.905154 0.456767
v -0.160590 5.264253 0.291404
v -0.158633 5.258454 0.290334
v -0.929948 4.189574 0.900053
v -0.327429 4.490388 0.372295
v 0.019489 3.698955 0.815573
v 1.483470 3.720880 2.003752
v 0.806725 2.650319 1.325547
v 0.792736 2.667991 1.317904
v 1.468431 3.098389 1.864316
v 1.200358 2.798144 1.660756
v 0.330043 4.135458 1.256432
v 1.616135 3.515148 2.132489
v 0.667453 2.807289 1.384941
v 0.102867 3.512753 0.980411
v 1.702923 2.788618 1.991222
v 1.382060 2.500800 1.913017
v 1.139620 3.819461 1.588701
v 0.651376 3.322915 1.334239
v 0.606331 2.903371 1.216208
v 0.602679 2.907984 1.214213
v 0.922988 4.242157 1.690207
v 0.501773 3.691752 1.188531
v 0.180602 3.705000 0.420331
v -1.236469 4.877520 0.835784
v -1.092308 3.852513 -0.160521
v -1.070385 3.850895 -0.151402
v -1.513905 4.533616 0.375434
v -1.404717 4.230989 0.059298
v 0.067426 4.278457 0.794062
v -1.471972 4.932678 0.701642
v -0.904044 3.957221 -0.126506
v -0.008577 3.799091 0.264921
v -1.887987 4.554953 0.212163
v -1.746553 4.372561 -0.160178
v -0.831163 4.509785 0.862591
v -0.624747 4.085006 0.291062
v -0.778328 3.829462 -0.030011
v -0.772605 3.829040 -0.027630
v -0.450405 4.742145 1.054780
v -0.290648 4.068996 0.551397
v -0.495493 4.580462 -0.191043
v -0.818637 3.756808 -1.856175
v 0.370941 3.895587 -1.062644
v 0.356476 3.908163 -1.048537
v -0.204489 3.602289 -1.778012
v 0.144845 3.705888 -1.512154
v -0.988798 4.559771 -0.678443
v -0.644551 3.653632 -2.044715
v 0.244380 4.072564 -1.047624
v -0.331025 4.539621 -0.391235
v 0.051272 3.388571 -2.014572
v 0.397898 3.592711 -1.841121
v -0.843249 3.913434 -1.331693
v -0.257260 4.158447 -0.949232
v 0.163820 4.075781 -0.860707
v 0.160044 4.079063 -0.857024
v -1.215135 4.224325 -1.300838
v -0.587657 4.299026 -0.724004
v -0.989778 4.019916 -0.796764
v -0.938891 5.347392 0.541412
v -1.037280 3.915517 0.605483
v -1.037656 3.917462 0.581766
v -0.944668 4.825658 0.908733
v -1.012433 4.381133 0.873343
v -1.050737 4.708623 -0.739301
v -0.983695 5.332523 0.813937
v -1.145730 3.994953 0.433749
v -1.090103 4.015918 -0.554456
v -0.939647 4.782831 1.315169
v -1.133282 4.390953 1.286094
v -0.832052 5.035083 0.104069
v -1.034563 4.323998 0.048949
v -1.042795 3.943396 0.265865
v -1.042894 3.943904 0.259674
v -0.978691 5.289577 -0.282758
v -0.961494 4.437038 -0.352966
v -0.460005 4.265098 -0.164260
v -0.268966 5.520902 -1.557800
v 0.553860 5.205597 -0.423081
v 0.536098 5.190547 -0.418145
v 0.282970 5.615927 -1.252021
v 0.483847 5.506348 -0.863322
v -0.841386 4.549581 -0.669191
v -0.090462 5.729509 -1.591241
v 0.341907 5.187978 -0.374814
v -0.332821 4.494483 -0.165322
v 0.592192 5.872007 -1.328536
v 0.712670 5.867961 -0.907375
v -0.347525 5.062534 -1.268066
v -0.065979 4.952300 -0.591109
v 0.299435 4.990167 -0.352328
v 0.294799 4.986238 -0.351040
v -0.825912 4.978827 -1.274695
v -0.378441 4.666946 -0.615495
v -0.868004 4.911734 -0.881906
v -1.171086 3.598833 0.437157
v -1.601900 4.964147 0.317303
v -1.588503 4.963521 0.297642
v -1.532311 4.070170 0.670654
v -1.607846 4.510007 0.605205
v -0.622286 4.290507 -0.694728
v -1.284039 3.616907 0.688977
v -1.400376 4.937254 0.238377
v -0.917966 4.941216 -0.626115
v -1.763919 4.090224 1.006817
v -1.726672 4.526559 1.018328
v -1.128554 3.869931 -0.037096
v -1.176401 4.607670 -0.093148
v -1.409953 4.955226 0.035834
v -1.406456 4.955063 0.030702
v -0.726133 3.703542 -0.252215
v -0.985121 4.493690 -0.453804
v -1.269015 4.274031 -0.752691
v -0.250046 5.860094 -0.712697
v -1.440744 5.495605 -1.429239
v -1.437095 5.474600 -1.418662
v -0.724813 6.047817 -1.095477
v -1.071686 5.872352 -1.324250
v -0.648773 4.492939 -0.531975
v -0.260948 6.087124 -0.870296
v -1.305053 5.326038 -1.409264
v -1.240491 4.458231 -0.937220
v -0.794829 6.404731 -1.281916
v -1.033792 6.207329 -1.591493
v -0.540001 5.415959 -0.575259
v -1.047907 5.105251 -1.017054
v -1.388399 5.194777 -1.277876
v -1.387446 5.189295 -1.275116
v -0.218029 5.087121 -0.420006
v -0.956735 4.797551 -0.740176
v -1.328238 4.392391 -0.462672
v 0.098261 5.517294 0.042484
v -1.300592 5.526220 0.369863
v -1.301174 5.507770 0.354842
v -0.369776 5.775266 0.391132
v -0.818646 5.756681 0.431347
v -0.673016 4.523603 -0.649228
v 0.100187 5.759544 0.175937
v -1.267558 5.461166 0.164337
v -1.332385 4.645006 -0.392223
v -0.369303 6.091652 0.649876
v -0.797460 6.157907 0.585078
v -0.220588 5.083609 -0.059844
v -0.961431 5.111964 -0.065977
v -1.308937 5.262086 0.154662
v -1.309088 5.257270 0.150741
v -0.049467 4.883390 -0.467931
v -0.874674 4.756924 -0.280619
v -1.220945 4.435941 -0.937114
v -0.299875 3.591138 0.474776
v -1.699469 3.784752 0.214589
v -1.691256 3.796762 0.195755
v -0.900672 3.463543 0.647766
v -1.322064 3.583344 0.540419
v -0.576393 4.391712 -0.684266
v -0.389289 3.494634 0.718068
v -1.581965 3.956196 0.148526
v -1.294345 4.401244 -0.687709
v -1.050603 3.259880 0.968845
v -1.428796 3.479566 0.944031
v -0.478280 3.749088 -0.018623
v -1.157075 4.020906 -0.141268
v -1.581856 3.956847 -0.055038
v -1.579712 3.959983 -0.059954
v -0.136411 4.043849 -0.197915
v -0.937209 4.148237 -0.480530
v -1.970476 4.454605 -0.987184
v -1.526254 3.517129 0.587396
v -2.604691 4.410976 0.267933
v -2.593248 4.412571 0.247127
v -2.075546 3.783510 0.773092
v -2.369351 4.096879 0.635523
v -1.435053 4.103805 -0.719605
v -1.627918 3.534475 0.844033
v -2.419816 4.471075 0.169072
v -2.024144 4.513944 -0.737397
v -2.278234 3.762783 1.127404
v -2.472513 4.147725 1.050055
v -1.638539 3.653462 0.068721
v -2.063030 4.231136 -0.120467
v -2.440754 4.433900 -0.029971
v -2.437767 4.434317 -0.035402
v -1.211889 3.666123 -0.163042
v -1.846512 4.147667 -0.475158
v -1.218982 4.872261 -0.378927
v -0.954861 3.010420 -0.517778
v -2.020936 3.795093 0.040629
v -2.006767 3.813224 0.034557
v -1.537530 3.016510 -0.257734
v -1.824345 3.305588 -0.063782
v -0.709739 4.424843 -0.526659
v -1.092457 2.798466 -0.405344
v -1.827214 3.889924 0.072926
v -1.310265 4.679375 -0.226426
v -1.786881 2.711332 -0.149379
v -1.987380 2.966542 0.144860
v -0.999546 3.546089 -0.623992
v -1.421556 4.008771 -0.227101
v -1.817967 4.054729 -0.046204
v -1.814269 4.059463 -0.047789
v -0.545643 3.714092 -0.664632
v -1.153248 4.268103 -0.428124
v -1.212932 4.683883 -1.048434
v -0.366217 3.214987 -0.223261
v -1.465152 3.303082 -1.144470
v -1.461573 3.326466 -1.141871
v -0.781352 2.903992 -0.594890
v -1.142532 2.987829 -0.851729
v -0.768303 4.558288 -0.530874
v -0.435939 2.947551 -0.212510
v -1.465550 3.470074 -1.004194
v -1.310130 4.447669 -0.988854
v -0.850462 2.504285 -0.644970
v -1.261619 2.581659 -0.774861
v -0.470667 3.677375 -0.498044
v -1.113624 3.813922 -0.841050
v -1.413972 3.637947 -1.107136
v -1.413037 3.644051 -1.106457
v -0.350027 4.041662 -0.200310
v -0.940784 4.198642 -0.798983
v -1.309678 4.253641 -0.979712
v -1.134385 5.647799 0.277702
v -2.281642 4.963739 -0.251361
v -2.265221 4.952598 -0.264498
v -1.765808 5.559482 0.303526
v -2.091920 5.342395 0.079984
v -0.827826 4.699697 -0.755682
v -1.323802 5.811991 0.394581
v -2.126654 4.987771 -0.402904
v -1.478970 4.444154 -0.917751
v -2.054669 5.746171 0.524334
v -2.361038 5.643325 0.228583
v -1.082652 5.177921 0.000649
v -1.617587 4.892884 -0.426303
v -2.046484 4.804286 -0.439571
v -2.042197 4.801376 -0.443000
v -0.663026 5.209571 -0.241874
v -1.267716 4.695929 -0.562137
v -0.631608 2.988117 0.368679
v -0.204980 1.559402 1.522912
v -1.266289 2.527634 1.536833
v -1.254822 2.536069 1.517761
v -0.749070 1.755592 1.792427
v -1.036892 2.102315 1.772725
v -0.102899 2.557319 0.496025
v -0.306244 1.489415 1.770593
v -1.080324 2.614714 1.463360
v -0.684088 2.959061 0.624014
v -0.952046 1.618121 2.119462
v -1.138985 2.009619 2.180215
v -0.314755 1.867453 1.083284
v -0.728222 2.482424 1.106677
v -1.102005 2.648494 1.263792
v -1.099012 2.650696 1.258814
v 0.112013 1.951301 0.867083
v -0.513401 2.521928 0.743437
v -0.348318 4.394807 0.809321
v 0.674999 3.266101 1.920327
v -0.663974 3.774719 2.032146
v -0.658138 3.786102 2.012078
v 0.122379 3.257362 2.239229
v -0.273933 3.472620 2.246083
v 0.311209 4.194093 0.887253
v 0.628635 3.172585 2.176460
v -0.530572 3.921545 1.941536
v -0.364063 4.357568 1.068473
v 0.013786 3.066494 2.583941
v -0.298865 3.363399 2.661430
v 0.421445 3.496112 1.492514
v -0.186704 3.915756 1.553695
v -0.580354 3.937819 1.744825
v -0.578831 3.940791 1.739586
v 0.766440 3.723621 1.237324
v -0.033996 4.018703 1.171943
v 0.523695 3.524024 0.983855
v -0.095353 4.563109 2.430429
v 0.000502 3.143271 2.233153
v 0.008235 3.149792 2.211611
v -0.153947 3.980720 2.684503
v -0.139092 3.547800 2.558781
v 0.346376 4.180992 1.119086
v -0.230705 4.491570 2.660777
v -0.050779 3.245921 2.047688
v 0.346095 3.464602 1.167489
v -0.286389 3.859577 3.051699
v -0.397795 3.466826 2.892818
v 0.203308 4.352154 2.022361
v 0.139562 3.651828 1.787478
v 0.111107 3.236665 1.924621
v 0.113125 3.238367 1.918998
v 0.166992 4.665018 1.652629
v 0.332316 3.846939 1.464321
v 0.161885 3.775191 1.710947
v 1.636545 4.762506 1.073705
v 1.277119 4.303394 2.386745
v 1.257719 4.295519 2.375430
v 1.806306 4.699966 1.685614
v 1.630368 4.567722 2.079319
v 0.354549 4.120037 1.140599
v 1.837068 4.897091 1.208522
v 1.100941 4.360724 2.271686
v 0.312589 3.949151 1.836727
v 2.135655 4.832364 1.888221
v 1.916069 4.828708 2.267268
v 1.246582 4.384455 1.145996
v 0.919818 4.252282 1.798258
v 0.999253 4.190744 2.224733
v 0.994189 4.188688 2.221780
v 0.917267 4.461679 0.797440
v 0.650712 4.083939 1.517375
v 0.252916 3.663851 0.765502
v 0.899508 5.053583 1.863707
v 1.273026 3.672349 1.734394
v 1.254983 3.672012 1.718879
v 1.305132 4.589504 2.028824
v 1.357407 4.144421 1.977689
v 0.069483 4.302521 0.964975
v 1.073924 5.049410 2.078324
v 1.058139 3.699241 1.708617
v 0.367449 3.650239 1.001068
v 1.616035 4.585850 2.294107
v 1.579463 4.152408 2.346052
v 0.732842 4.752575 1.437285
v 0.758367 4.011728 1.423683
v 1.014552 3.667504 1.512323
v 1.009842 3.667416 1.508273
v 0.289705 4.914822 1.322351
v 0.480806 4.106353 1.117646
v -1.470243 5.395596 -1.063892
v -0.103454 5.073569 0.194552
v -0.986488 6.188718 -0.007300
v -0.993800 6.175740 -0.025861
v -0.315653 5.635871 0.408916
v -0.586865 5.972565 0.280354
v -0.943865 4.954998 -0.963208
v 0.016785 5.240882 0.379073
v -0.928173 6.098263 -0.196988
v -1.318747 5.566750 -0.935248
v -0.195857 5.865821 0.724863
v -0.349274 6.228029 0.532052
v -0.546140 5.031537 -0.125575
v -0.919768 5.616091 -0.387090
v -1.091104 6.002929 -0.273167
v -1.093013 5.999540 -0.278012
v -0.425531 4.726190 -0.483515
v -1.039843 5.300051 -0.642733
v -1.290290 5.482711 -1.308049
v -1.803604 4.283587 0.053604
v -2.500791 5.354790 -0.602520
v -2.479904 5.357635 -0.613565
v -2.354258 4.595769 -0.026924
v -2.513963 4.963087 -0.234335
v -0.998606 5.026961 -0.873827
v -2.026365 4.279273 0.217487
v -2.289316 5.401582 -0.576975
v -1.467095 5.513817 -1.116825
v -2.716268 4.554713 0.158314
v -2.821353 4.969976 0.066544
v -1.613449 4.504721 -0.410248
v -1.843825 5.156578 -0.678019
v -2.201632 5.395604 -0.760590
v -2.196180 5.396346 -0.763473
v -1.129026 4.489635 -0.378448
v -1.474559 5.093592 -0.876333
v -1.332165 4.239961 -0.872550
v -0.970251 5.695538 0.270167
v -1.807000 4.537081 0.418069
v -1.799834 4.532745 0.395793
v -1.344521 5.349162 0.653717
v -1.619429 4.992073 0.634782
v -1.041675 4.869331 -0.901600
v -1.088612 5.774075 0.507489
v -1.807189 4.609423 0.212325
v -1.481744 4.345145 -0.684516
v -1.473387 5.416033 1.035778
v -1.825010 5.162660 0.971978
v -0.925540 5.267234 -0.068619
v -1.442103 4.739188 -0.132019
v -1.704474 4.475069 0.099023
v -1.702603 4.473937 0.093208
v -0.807681 5.450166 -0.502842
v -1.214820 4.697806 -0.487381
v -1.857940 3.176625 1.262647
v -0.691611 1.711416 1.482497
v -1.930756 2.062719 2.119012
v -1.928840 2.082104 2.105339
v -1.156573 1.538963 1.884035
v -1.524715 1.712502 2.078462
v -1.213853 2.988532 1.086268
v -0.685102 1.511366 1.673380
v -1.811364 2.239724 2.074529
v -1.817020 3.026707 1.473940
v -1.197285 1.209827 2.122910
v -1.462347 1.427985 2.395044
v -1.018751 2.098397 1.274064
v -1.565845 2.421807 1.655882
v -1.903234 2.340367 1.923303
v -1.902734 2.345426 1.919734
v -0.725500 2.429537 1.073429
v -1.496920 2.690733 1.335600
v -1.695846 3.287594 0.814729
v -1.868156 2.018709 2.198830
v -2.759709 3.027844 1.698005
v -2.741231 3.032940 1.683900
v -2.451584 2.276475 2.217040
v -2.676504 2.630014 2.050103
v -1.296468 2.854898 1.181619
v -2.060277 1.989409 2.395628
v -2.552253 3.094792 1.691371
v -1.841770 3.297563 1.032448
v -2.773614 2.196484 2.455678
v -2.930820 2.600978 2.395855
v -1.776739 2.266063 1.718540
v -2.107662 2.896847 1.512889
v -2.495041 3.100890 1.496106
v -2.490218 3.102220 1.492424
v -1.294269 2.298260 1.672820
v -1.770778 2.874279 1.256662
v -0.924833 3.569806 0.932875
v -0.568154 5.295552 0.262000
v -0.710478 4.790199 1.599314
v -0.715254 4.769855 1.587926
v -0.525458 5.413290 0.887682
v -0.616614 5.214012 1.281923
v -0.945920 3.912280 0.329880
v -0.561176 5.541663 0.388016
v -0.846146 4.689398 1.461482
v -0.977603 3.803808 1.038955
v -0.445402 5.758362 1.091559
v -0.656728 5.609901 1.445406
v -0.558670 4.757535 0.365276
v -0.796541 4.457889 1.000351
v -0.778988 4.498897 1.436228
v -0.780235 4.493587 1.433255
v -0.765402 4.542696 -0.018143
v -0.796286 4.130595 0.731034
v -1.569031 4.163354 0.609647
v -1.771545 2.305966 0.355496
v -2.720654 3.383718 0.396618
v -2.701257 3.396657 0.401386
v -2.377281 2.491014 0.278006
v -2.635425 2.856081 0.337459
v -1.198084 3.581316 0.680123
v -1.997797 2.147003 0.349215
v -2.557048 3.416591 0.537034
v -1.774336 4.009363 0.663785
v -2.715778 2.276598 0.197412
v -2.966747 2.585168 0.381008
v -1.610274 2.828477 0.320951
v -2.039660 3.403136 0.508261
v -2.442901 3.568981 0.465018
v -2.437838 3.572359 0.466262
v -1.179244 2.851840 0.543599
v -1.648613 3.566563 0.513443
v -1.791723 3.239200 0.620908
v -1.063466 4.708216 1.552105
v -2.399068 4.185898 1.466097
v -2.388930 4.170650 1.450895
v -1.665600 4.737049 1.761309
v -2.069804 4.558482 1.670866
v -1.208060 3.614030 0.634168
v -1.185550 4.915223 1.689006
v -2.293400 4.165333 1.276425
v -1.907152 3.462396 0.696105
v -1.848228 4.995063 2.020395
v -2.238912 4.916856 1.838301
v -1.161172 4.209340 1.347666
v -1.831902 3.979370 1.131041
v -2.253908 3.967626 1.248304
v -2.251262 3.963645 1.244336
v -0.830689 4.139223 0.998713
v -1.568142 3.709696 0.937757
v -1.051059 3.296198 0.501353
v 0.363171 4.511723 0.780548
v 0.151497 3.159997 1.218818
v 0.130668 3.162796 1.207652
v 0.603414 3.998989 1.074746
v 0.472448 3.591450 1.216894
v -0.918822 3.972891 0.424300
v 0.582092 4.500191 0.949188
v -0.035570 3.271992 1.213602
v -0.881571 3.311350 0.700949
v 0.958260 3.942293 1.269474
v 0.785785 3.619560 1.510313
v -0.025614 4.197532 0.556160
v -0.275192 3.571292 0.864747
v -0.146836 3.200133 1.059023
v -0.152273 3.200863 1.056109
v -0.392150 4.495735 0.443774
v -0.580655 3.673970 0.589425
v -1.484848 3.129068 0.607799
v -2.028192 4.899340 0.963342
v -2.768745 3.697727 0.695471
v -2.746985 3.688453 0.692847
v -2.599378 4.616671 0.931589
v -2.781951 4.223844 0.805890
v -1.209933 3.765291 0.639084
v -2.276346 5.020236 0.945955
v -2.583691 3.704299 0.580250
v -1.703155 3.254210 0.533798
v -2.976849 4.767560 0.973982
v -3.144212 4.443535 0.731279
v -1.788630 4.406999 0.984039
v -2.085191 3.794268 0.690261
v -2.457135 3.564966 0.657765
v -2.451455 3.562546 0.657080
v -1.332552 4.472087 0.830219
v -1.675655 3.694214 0.734100
v -1.480644 3.541061 1.313775
v 0.252808 3.797794 0.617553
v -0.259567 3.807845 1.959722
v -0.280357 3.804507 1.948630
v 0.382867 3.827561 1.241542
v 0.167207 3.858370 1.636495
v -1.173276 3.657124 0.702718
v 0.485972 3.885031 0.738065
v -0.403433 3.892188 1.819176
v -1.280394 3.678800 1.412375
v 0.735236 3.885537 1.440348
v 0.523528 4.044856 1.789211
v -0.245089 3.600586 0.733428
v -0.605245 3.742761 1.365697
v -0.557293 3.760164 1.800871
v -0.562720 3.759292 1.797975
v -0.522806 3.699570 0.347449
v -0.912685 3.613406 1.104163
v -1.253244 3.617903 0.258700
v 0.219989 3.114358 1.322427
v -0.899065 2.373042 0.810362
v -0.905585 2.394374 0.802064
v -0.057929 2.544755 1.248422
v -0.444487 2.367930 1.097585
v -0.747158 3.916169 0.627820
v 0.272851 2.880774 1.460785
v -0.956463 2.576478 0.864060
v -1.233406 3.424423 0.434673
v 0.045816 2.174766 1.387687
v -0.369848 2.038499 1.363983
v -0.099738 3.318763 0.927191
v -0.770733 3.049691 0.762705
v -0.992489 2.678539 0.691653
v -0.994191 2.684107 0.689487
v -0.116671 3.798422 1.001652
v -0.775732 3.437738 0.592273
v -0.799051 3.672320 0.219433
v -2.383751 4.309312 1.018468
v -1.660422 4.720654 -0.152701
v -1.645293 4.703680 -0.145675
v -2.367224 4.682904 0.501439
v -2.085112 4.796454 0.168324
v -1.146417 3.609977 0.816749
v -2.534246 4.535867 0.968243
v -1.525084 4.655241 0.005313
v -0.904100 3.912547 0.212355
v -2.620997 4.976740 0.373734
v -2.299912 5.168489 0.145601
v -1.994337 3.992574 0.798804
v -1.492179 4.238630 0.311993
v -1.443710 4.477667 -0.051998
v -1.439761 4.473237 -0.050164
v -1.780891 3.763684 1.170226
v -1.319395 3.880735 0.459335
v -1.206910 3.283422 0.264802
v -0.869544 3.401753 2.116200
v -0.657393 2.349101 1.161756
v -0.667774 2.364530 1.146905
v -0.625090 2.823942 1.999836
v -0.615006 2.514753 1.671588
v -1.369615 3.691116 0.802063
v -0.795540 3.208900 2.300130
v -0.839455 2.460776 1.117643
v -1.196879 3.092791 0.444673
v -0.446636 2.552493 2.247866
v -0.556419 2.222363 1.981652
v -0.892816 3.497548 1.577219
v -0.960096 2.962495 1.068413
v -0.806175 2.569998 0.949115
v -0.808885 2.574025 0.945238
v -1.230187 3.841472 1.515563
v -1.080418 3.311750 0.860575
v -1.320056 3.682292 0.189508
v -1.069179 5.023260 1.491183
v -2.177181 4.705845 0.633498
v -2.162192 4.689312 0.625229
v -1.675983 5.140648 1.332525
v -1.977604 5.024549 1.017895
v -0.804430 3.966031 0.556874
v -1.220914 5.245647 1.554582
v -1.986647 4.670453 0.533457
v -1.429719 3.919913 0.206953
v -1.939724 5.422052 1.467812
v -2.166634 5.403506 1.093546
v -1.094741 4.545208 1.224667
v -1.549827 4.418391 0.653260
v -1.962485 4.469171 0.515013
v -1.958573 4.464854 0.512855
v -0.636748 4.427919 1.113356
v -1.258066 4.113149 0.616436
v -1.319758 3.364460 0.618364
v -2.155458 3.007766 2.270595
v -2.089187 4.190646 1.457916
v -2.075213 4.176948 1.444369
v -2.354521 3.606804 2.177373
v -2.271640 3.958429 1.907305
v -1.314241 2.879489 1.114457
v -2.276050 3.176639 2.453456
v -1.902759 4.077803 1.449241
v -1.377755 3.528730 0.814441
v -2.592671 3.849441 2.404225
v -2.411549 4.207675 2.228811
v -1.985060 2.986222 1.750288
v -1.776528 3.582616 1.362320
v -1.888984 3.994521 1.264004
v -1.885337 3.990946 1.260468
v -1.646044 2.638821 1.733420
v -1.605853 3.260155 1.146586
v -1.041239 3.193046 1.592208
v -0.651382 2.475501 -0.107389
v 0.108652 3.301992 0.788883
v 0.088730 3.301065 0.801869
v -0.092160 2.754421 0.021594
v 0.087970 3.042279 0.318473
v -1.371801 2.889030 1.063399
v -0.442191 2.524292 -0.281622
v -0.103556 3.351862 0.795570
v -0.879542 3.283389 1.406502
v 0.253702 2.776438 -0.195074
v 0.370957 3.144751 0.011093
v -0.801836 2.541446 0.415328
v -0.542888 3.082431 0.851187
v -0.176684 3.288820 0.974781
v -0.181884 3.288578 0.978171
v -1.287415 2.531119 0.418490
v -0.896295 2.957298 1.048920
v -0.387952 3.266823 -0.313538
v 0.542845 4.586930 0.659305
v -0.166837 3.406811 1.068837
v -0.171519 3.405167 1.045561
v 0.386116 4.193301 1.136438
v 0.121328 3.836683 1.214905
v -0.121103 3.899632 -0.411932
v 0.557375 4.635950 0.931122
v -0.263334 3.502266 0.898130
v -0.423400 3.347500 -0.066497
v 0.460903 4.213972 1.537722
v 0.111779 3.964376 1.625597
v 0.399951 4.201035 0.297525
v -0.104937 3.676106 0.436190
v -0.233999 3.383343 0.735541
v -0.235222 3.382914 0.729465
v 0.300997 4.434309 -0.116837
v -0.079673 3.679158 0.013100
v 0.083420 3.206137 -0.092147
v 0.750383 4.923313 -0.494593
v 1.119331 3.952834 0.498430
v 1.101034 3.940775 0.489145
v 1.157861 4.755991 -0.032935
v 1.208517 4.436833 0.281738
v -0.095603 3.763952 -0.463806
v 0.928295 5.085639 -0.358593
v 0.904096 3.952551 0.463245
v 0.201786 3.379725 0.064860
v 1.473076 4.956255 0.133148
v 1.436611 4.726002 0.504041
v 0.576208 4.404713 -0.525184
v 0.600224 3.930092 0.043894
v 0.857234 3.780221 0.365549
v 0.852458 3.777073 0.363126
v 0.131524 4.422788 -0.719692
v 0.317834 3.754519 -0.218942
v -0.113031 4.305498 -0.509289
v -0.204992 3.000364 0.848527
v -0.290912 4.434116 0.880411
v -0.286724 4.431910 0.857087
v -0.317781 3.523744 1.195679
v -0.299584 3.972717 1.156455
v 0.021194 3.630531 -0.421311
v -0.204008 3.024396 1.124063
v -0.148973 4.366418 0.729299
v -0.051696 4.325223 -0.255038
v -0.389290 3.571161 1.595288
v -0.242201 3.983609 1.582662
v -0.281412 3.290995 0.390365
v -0.160193 4.020898 0.343050
v -0.230817 4.402503 0.546439
v -0.229724 4.401927 0.540351
v -0.048381 3.051414 0.037942
v -0.157511 3.894186 -0.061412
v -0.268106 4.358143 -0.342260
v 0.870035 2.873552 -0.105376
v 1.038200 4.272885 0.173247
v 1.016572 4.274388 0.163431
v 1.233724 3.329336 0.153765
v 1.250349 3.778927 0.185993
v -0.224741 3.694394 -0.539471
v 1.137951 2.858834 -0.038268
v 0.920895 4.241534 -0.007918
v -0.006029 4.348207 -0.338846
v 1.605412 3.313056 0.322975
v 1.675840 3.735870 0.232553
v 0.442486 3.216196 -0.101514
v 0.508280 3.953990 -0.133485
v 0.728534 4.294421 0.032565
v 0.722889 4.294814 0.030003
v 0.135309 3.052773 -0.440394
v 0.105897 3.885935 -0.247980
v 0.196412 3.847539 -0.917281
v -1.445630 3.185347 -0.268672
v -1.065588 3.753927 -1.532132
v -1.044583 3.756549 -1.521255
v -1.615043 3.321967 -0.868503
v -1.455301 3.540032 -1.229580
v -0.093062 3.664160 -0.314029
v -1.701132 3.198500 -0.373764
v -0.959793 3.849419 -1.367048
v -0.048161 3.912537 -0.986227
v -1.972292 3.281561 -1.062900
v -1.865343 3.598437 -1.345848
v -0.918765 3.245447 -0.406586
v -0.687042 3.681880 -0.959326
v -0.764834 3.791598 -1.376326
v -0.759351 3.792282 -1.373487
v -0.681571 3.343879 0.005670
v -0.337976 3.625115 -0.725695
v -0.080277 3.097758 -0.194432
v -0.884863 4.798615 -0.071077
v -1.333189 3.488650 0.312383
v -1.312483 3.481993 0.302722
v -1.330629 4.448147 0.221546
v -1.438932 4.015310 0.287643
v 0.010922 3.739704 -0.441258
v -1.142977 4.873223 -0.005432
v -1.214676 3.481619 0.129437
v -0.334618 3.161778 -0.191934
v -1.688429 4.553253 0.388822
v -1.845708 4.148560 0.330563
v -0.536966 4.376373 -0.041082
v -0.753653 3.667734 -0.017253
v -1.036731 3.393327 0.173915
v -1.031326 3.391588 0.171393
v -0.207856 4.447345 -0.391159
v -0.347642 3.642631 -0.136323
v -0.060265 3.981099 -0.827416
v -0.621374 2.913003 0.621660
v -1.338852 3.772491 -0.278647
v -1.317043 3.776866 -0.287109
v -1.188014 3.127285 0.421247
v -1.358953 3.436017 0.140335
v 0.216351 3.635481 -0.293217
v -0.864310 2.898020 0.753023
v -1.141396 3.852833 -0.232598
v -0.266816 4.011241 -0.668600
v -1.566080 3.058703 0.560575
v -1.707270 3.437943 0.392794
v -0.391655 3.095489 0.158900
v -0.658417 3.664609 -0.234330
v -1.026525 3.835244 -0.399733
v -1.020832 3.836388 -0.401942
v 0.080147 3.156115 0.257043
v -0.258135 3.630541 -0.369481
v -0.769271 3.038901 -0.891993
v 0.149005 2.778978 0.734261
v -1.239040 2.995566 0.433484
v -1.230846 2.997456 0.411220
v -0.450048 2.803596 0.952649
v -0.863886 2.911747 0.809514
v -0.118113 3.036065 -0.652574
v 0.065214 2.805439 0.996516
v -1.110032 3.108685 0.298854
v -0.831005 3.121744 -0.650911
v -0.599508 2.773446 1.331861
v -0.956272 3.001697 1.219926
v -0.042149 2.730757 0.223033
v -0.698480 2.997179 0.004082
v -1.121672 3.022753 0.114684
v -1.119533 3.023245 0.108873
v 0.314837 2.882011 -0.069521
v -0.487711 2.943356 -0.359693
v -0.112325 2.663299 -0.531280
v -1.208614 4.115088 -0.035349
v -0.778829 2.943060 0.675764
v -0.768562 2.937833 0.654940
v -1.191980 3.799587 0.519039
v -1.061798 3.400263 0.683476
v -0.447157 3.192829 -0.829311
v -1.368459 4.154499 0.186902
v -0.813082 2.899811 0.464765
v -0.305988 2.672897 -0.354653
v -1.365504 3.880876 0.880053
v -1.358165 3.456916 0.990105
v -0.797907 3.803952 -0.221713
v -0.665167 3.114614 0.016792
v -0.631908 2.868145 0.377520
v -0.629228 2.866781 0.372084
v -0.825877 3.819394 -0.706361
v -0.458140 3.132600 -0.352626
v -0.911929 2.951930 -0.580335
v 0.369439 2.472296 0.717178
v -1.059472 2.329824 0.672927
v -1.057000 2.341403 0.652283
v -0.155080 2.234810 0.992210
v -0.603575 2.248756 0.946332
v -0.245375 3.074378 -0.431846
v 0.340054 2.383284 0.977394
v -0.995190 2.515306 0.577911
v -0.939265 2.927022 -0.320668
v -0.207028 2.036300 1.345685
v -0.625244 2.164826 1.367699
v 0.091395 2.537848 0.249617
v -0.642092 2.641853 0.220130
v -1.024078 2.495755 0.377357
v -1.023433 2.498778 0.371968
v 0.327241 2.880663 -0.000900
v -0.507811 2.779664 -0.157533
v -0.644916 3.512434 -0.858796
v 0.777712 3.019250 0.276277
v 0.300795 4.297443 -0.174077
v 0.285588 4.284038 -0.186544
v 0.821001 3.654330 0.320579
v 0.657698 4.024681 0.121534
v -0.289472 2.943798 -0.680896
v 0.985280 3.167930 0.382618
v 0.281284 4.146038 -0.329832
v -0.419943 3.638019 -0.809705
v 1.078623 3.892347 0.530409
v 1.017311 4.222992 0.249655
v 0.287159 3.071955 0.037952
v 0.084023 3.667310 -0.354451
v 0.083121 4.105459 -0.352704
v 0.079152 4.101959 -0.355958
v 0.214631 2.662991 -0.213824
v -0.189402 3.368704 -0.479855
v -0.510475 2.758662 -1.157695
v -1.063892 3.928064 0.214063
v -1.794591 3.192413 -0.780393
v -1.772764 3.186061 -0.787439
v -1.633859 3.750123 -0.010966
v -1.811258 3.531428 -0.363313
v -0.234699 3.222190 -0.721318
v -1.310202 4.042052 0.267323
v -1.603613 3.263201 -0.858372
v -0.723936 2.910497 -1.144464
v -2.012358 3.854537 0.102550
v -2.167996 3.762357 -0.296433
v -0.828049 3.524194 -0.071394
v -1.111298 3.245077 -0.697137
v -1.482025 3.101566 -0.881375
v -1.476328 3.099908 -0.883215
v -0.364105 3.654580 -0.131892
v -0.705157 3.124568 -0.710527
v -0.748970 2.948987 -0.162313
v 1.076482 3.327669 0.120198
v -0.020411 3.132346 1.027237
v -0.032870 3.130429 1.007051
v 0.885192 3.266275 0.725840
v 0.503572 3.235530 0.964308
v -0.195121 3.158136 -0.524037
v 1.213939 3.398993 0.349365
v -0.084722 3.234779 0.845755
v -0.633792 3.073087 0.038006
v 1.091017 3.298551 1.077469
v 0.724418 3.401765 1.293940
v 0.603189 3.109267 -0.048659
v -0.028480 3.151682 0.337197
v -0.198845 3.105013 0.738166
v -0.202097 3.104512 0.732897
v 0.539888 3.260872 -0.505730
v -0.158842 3.058677 -0.055242
v -0.121644 4.037664 -1.183068
v 0.693550 3.237678 0.317256
v 0.441556 2.759529 -1.013878
v 0.431009 2.780727 -1.016289
v 0.780347 2.773323 -0.111701
v 0.644683 2.658662 -0.526303
v -0.057486 4.147168 -0.500991
v 0.772188 2.976612 0.363724
v 0.280214 2.888555 -0.943984
v -0.104135 3.784015 -1.118649
v 0.958560 2.406953 -0.079097
v 0.721141 2.250892 -0.412541
v 0.553026 3.580606 -0.086318
v 0.253197 3.358545 -0.727007
v 0.290405 3.063030 -1.048355
v 0.287652 3.068563 -1.048984
v 0.286399 3.930171 0.120124
v 0.155710 3.770694 -0.710257
v -0.109945 3.845910 -1.123018
v -1.089133 4.809092 0.168865
v -1.485044 4.129710 -1.033524
v -1.461631 4.125967 -1.035568
v -1.568574 4.611039 -0.202718
v -1.634505 4.418525 -0.605257
v 0.005605 4.279777 -0.594110
v -1.351664 4.896122 0.170242
v -1.289667 4.223927 -1.056217
v -0.335343 3.977492 -1.149030
v -1.971962 4.671220 -0.176146
v -2.019269 4.610919 -0.607462
v -0.751825 4.459465 -0.084518
v -0.849689 4.228412 -0.782176
v -1.149743 4.076226 -1.062862
v -1.143632 4.075249 -1.063396
v -0.302999 4.633039 -0.018698
v -0.441330 4.143573 -0.706691
v -0.470905 4.538349 -0.357418
v 0.146518 2.800248 0.034100
v -0.136745 3.934780 0.868751
v -0.141245 3.945261 0.847864
v 0.093230 3.030656 0.626751
v 0.027553 3.423671 0.838107
v -0.213376 3.986502 -0.689803
v 0.246201 2.691171 0.267903
v -0.052674 3.996202 0.677118
v -0.323201 4.455355 -0.157193
v 0.169094 2.859040 0.989852
v 0.236883 3.251546 1.172200
v -0.137638 3.228773 -0.155218
v -0.154358 3.889820 0.180085
v -0.201055 4.084898 0.569625
v -0.202230 4.087634 0.564173
v -0.019004 3.273035 -0.624122
v -0.283103 3.976188 -0.214399
v 0.436939 4.683331 0.022825
v 1.220276 3.103429 -0.644845
v 1.114630 3.641940 0.682893
v 1.104224 3.660059 0.671501
v 1.315611 3.014184 -0.020258
v 1.289533 3.243021 0.367556
v 0.623204 4.407573 -0.585943
v 1.383826 2.916319 -0.523439
v 1.141523 3.799972 0.535020
v 0.636501 4.542956 0.119076
v 1.493719 2.707933 0.183551
v 1.588419 2.973238 0.519041
v 0.875428 3.513690 -0.530901
v 0.916432 3.924433 0.084972
v 0.965732 3.901472 0.519737
v 0.963015 3.906202 0.516764
v 0.862575 3.793529 -0.927675
v 0.683213 4.162546 -0.176874
v 0.097382 4.489952 -0.327480
v 1.337275 3.120862 -0.706626
v -0.025293 3.090405 -0.252175
v -0.022748 3.114068 -0.252352
v 0.825024 2.766004 -0.569379
v 0.412671 2.811671 -0.392388
v 0.777794 4.415932 -0.441044
v 1.327601 2.848597 -0.658916
v 0.082885 3.259789 -0.167495
v 0.112872 4.247424 -0.228815
v 0.772593 2.360721 -0.562589
v 0.442600 2.398343 -0.276938
v 1.018713 3.565898 -0.732716
v 0.382654 3.637098 -0.358484
v 0.011197 3.429243 -0.254588
v 0.011862 3.435419 -0.254634
v 1.311026 3.946013 -0.655448
v 0.483345 4.036493 -0.458465
v 0.127773 4.575862 -0.992134
v -0.217404 2.869832 -0.267014
v -0.829443 3.604855 -1.339018
v -0.814004 3.621680 -1.332315
v -0.637442 2.868672 -0.747357
v -0.818117 3.153694 -1.046632
v 0.291598 4.202025 -0.431114
v -0.426060 2.693252 -0.309217
v -0.767563 3.737265 -1.177146
v -0.096215 4.439498 -0.986781
v -0.906352 2.585843 -0.868786
v -1.159302 2.891774 -1.054070
v 0.023295 3.312593 -0.482057
v -0.331562 3.806953 -0.905585
v -0.608434 3.845835 -1.242940
v -0.604404 3.850227 -1.241190
v 0.256586 3.530698 -0.116120
v 0.013029 4.017251 -0.776416
v 0.783781 4.011673 -0.869310
v -0.529498 4.117809 0.479587
v -0.333027 3.197514 -0.606000
v -0.314850 3.212015 -0.611071
v -0.713455 3.577811 0.193714
v -0.629895 3.341841 -0.181496
v 0.557420 4.462120 -0.392660
v -0.768022 3.981622 0.512115
v -0.275664 3.400230 -0.662387
v 0.535189 3.928075 -0.872097
v -1.023759 3.323839 0.272835
v -1.028280 3.184283 -0.142389
v -0.055508 4.098382 0.205408
v 0.023205 3.769035 -0.454157
v -0.072816 3.405248 -0.678694
v -0.068071 3.409033 -0.680018
v 0.113472 4.553626 0.195274
v 0.359659 4.025819 -0.431511
v 0.100358 4.211538 -0.552364
v 1.869070 3.564171 -0.642164
v 0.595246 2.901062 -0.683468
v 0.587000 2.923128 -0.680068
v 1.550889 3.017812 -0.728281
v 1.130919 2.856151 -0.697666
v 0.746733 4.435170 -0.436065
v 1.969007 3.306473 -0.631984
v 0.591319 3.072222 -0.548362
v 0.195603 3.977304 -0.482674
v 1.683553 2.635558 -0.786004
v 1.309859 2.471394 -0.626910
v 1.405181 3.844113 -0.723762
v 0.730940 3.570296 -0.581937
v 0.477183 3.217016 -0.634653
v 0.475031 3.222775 -0.633765
v 1.467995 4.275228 -0.509056
v 0.666354 3.988980 -0.595535
v -0.906063 2.365438 0.576395
v 0.261422 3.189819 1.806382
v -1.164424 3.013924 1.797937
v -1.160083 3.004020 1.776737
v -0.289169 3.253665 2.122509
v -0.732457 3.206697 2.053687
v -0.248373 2.583877 0.609009
v 0.210341 3.347924 2.027498
v -1.087370 3.047510 1.596694
v -0.952958 2.560550 0.745292
v -0.373096 3.422718 2.485038
v -0.787363 3.498850 2.364647
v 0.020313 2.837525 1.462908
v -0.705298 2.845006 1.310840
v -1.102266 2.872209 1.494291
v -1.101133 2.869624 1.488757
v 0.284824 2.843476 1.055596
v -0.539536 2.624218 0.989238
v -0.955257 2.590940 0.670400
v 0.279642 1.551428 1.645046
v -1.151932 1.657033 1.704126
v -1.148411 1.673665 1.687471
v -0.265216 1.329462 1.892076
v -0.705494 1.427338 1.896735
v -0.271156 2.556521 0.780657
v 0.247289 1.395143 1.870936
v -1.059868 1.849684 1.659693
v -0.974040 2.494865 0.913734
v -0.335003 1.045990 2.178124
v -0.721546 1.226857 2.277016
v -0.004286 1.795835 1.245208
v -0.707460 2.018882 1.319283
v -1.101489 1.895288 1.465718
v -1.100570 1.899629 1.461370
v 0.277212 2.155530 1.080036
v -0.568931 2.239292 0.984796
v -0.849342 2.437016 0.322284
v 0.067064 4.033806 0.729656
v -1.238019 3.782129 0.184254
v -1.230907 3.759452 0.185526
v -0.493328 4.276518 0.544682
v -0.874638 4.145582 0.342432
v -0.206812 2.647273 0.478115
v 0.007750 4.297464 0.670791
v -1.092839 3.635473 0.113689
v -0.874487 2.675241 0.215464
v -0.623515 4.663064 0.518553
v -0.917901 4.553605 0.213163
v -0.159158 3.535255 0.751771
v -0.739768 3.329999 0.338911
v -1.136120 3.457418 0.202355
v -1.134263 3.451499 0.202687
v 0.206831 3.218805 0.709153
v -0.570372 2.961129 0.460949
v -0.798556 2.346962 0.785970
v -0.044873 2.322653 2.514224
v -1.260135 1.770100 1.983311
v -1.252827 1.780887 1.963396
v -0.557684 1.956885 2.616215
v -0.941356 1.837983 2.411022
v -0.295203 2.664407 1.142621
v -0.149623 2.241624 2.757042
v -1.212539 1.961437 1.890095
v -0.917272 2.327773 1.019064
v -0.691288 1.769158 2.953791
v -1.103006 1.771833 2.804161
v -0.126684 2.282119 1.973963
v -0.792078 2.167472 1.667697
v -1.155540 1.924686 1.698160
v -1.153633 1.927502 1.692962
v 0.094179 2.666064 1.774687
v -0.560889 2.319880 1.346799
v 0.046498 2.034195 0.760181
v -1.763483 2.285872 1.225067
v -0.985167 1.103302 0.980528
v -0.968092 1.119153 0.975674
v -1.738723 1.648314 1.233527
v -1.462823 1.313403 1.110399
v -0.420531 2.546383 0.789903
v -1.975253 2.108178 1.233871
v -0.924237 1.266898 0.849809
v -0.160950 1.881691 0.710156
v -2.026035 1.369063 1.314270
v -1.814742 1.068415 1.075787
v -1.216166 2.304255 1.207047
v -0.797266 1.764717 0.918756
v -0.740693 1.330303 0.910883
v -0.736236 1.334441 0.909616
v -1.101693 2.735965 1.016189
v -0.537462 2.099587 0.922855
v -0.607446 2.622126 1.315243
v 1.055264 2.238823 0.512767
v 0.688167 2.571319 1.861371
v 0.666465 2.573306 1.851808
v 1.241716 2.302212 1.119711
v 1.080545 2.446532 1.515492
v -0.333450 2.561323 0.680762
v 1.313409 2.262978 0.609082
v 0.565012 2.678563 1.716818
v -0.367137 2.701468 1.384170
v 1.610909 2.271145 1.292281
v 1.488427 2.529725 1.624008
v 0.533011 2.222344 0.677688
v 0.288971 2.545529 1.298725
v 0.377411 2.599906 1.724400
v 0.371746 2.600425 1.721904
v 0.266015 2.355273 0.294351
v -0.064630 2.487695 1.072286
v -0.379088 2.273881 0.603128
v 0.362940 2.557128 2.313291
v 0.314981 1.401354 1.461275
v 0.302237 1.415844 1.447346
v 0.551227 1.955672 2.213480
v 0.475679 1.614764 1.927962
v -0.402033 2.743826 1.112992
v 0.467519 2.379499 2.497709
v 0.132526 1.519701 1.444893
v -0.337650 2.102252 0.797088
v 0.768427 1.699664 2.446575
v 0.588874 1.352149 2.249341
v 0.225418 2.599029 1.784565
v 0.025177 2.020671 1.366120
v 0.132377 1.608822 1.261874
v 0.129050 1.612605 1.258239
v -0.102496 2.956351 1.758159
v -0.123244 2.354171 1.150709
v -0.732297 2.967178 0.844037
v -1.069295 3.090126 2.695200
v -1.750593 3.631458 1.552030
v -1.732673 3.621178 1.540215
v -1.576669 3.406946 2.473028
v -1.729748 3.583482 2.087220
v -0.410995 2.836697 1.444932
v -1.246165 3.248020 2.837626
v -1.534691 3.627802 1.521416
v -0.853785 3.156525 0.978880
v -1.887585 3.587192 2.667688
v -1.954650 3.858223 2.330120
v -0.964836 2.907845 2.189156
v -1.161996 3.271354 1.573788
v -1.493901 3.484349 1.382867
v -1.489223 3.481665 1.379783
v -0.492871 2.793408 2.181513
v -0.861066 3.005145 1.438784
v -0.306142 3.303452 1.119423
v -1.545364 2.986298 2.504786
v -1.074459 4.195979 1.889185
v -1.060642 4.180886 1.877031
v -1.601059 3.619980 2.454702
v -1.394269 3.968614 2.256868
v -0.504757 2.785783 1.536445
v -1.669900 3.159860 2.680473
v -0.915729 4.047086 1.903332
v -0.374720 3.457938 1.319986
v -1.833891 3.886488 2.659182
v -1.553344 4.211966 2.573947
v -1.269130 2.975835 2.031707
v -0.869283 3.546275 1.777914
v -0.876516 3.979860 1.715233
v -0.872909 3.975921 1.712060
v -1.007173 2.566870 2.037228
v -0.718559 3.215573 1.559806
v -0.643775 2.148180 1.048857
v 0.906192 2.838704 1.871214
v 0.132849 1.652103 2.111970
v 0.119115 1.661162 2.094775
v 0.852973 2.288000 2.189107
v 0.557094 1.952840 2.248857
v -0.281421 2.739407 1.070919
v 1.039051 2.762472 2.101509
v 0.005614 1.819291 2.053461
v -0.556388 2.114717 1.293884
v 1.082509 2.125354 2.485601
v 0.744170 1.887949 2.630768
v 0.536360 2.661608 1.507785
v 0.008583 2.166277 1.668375
v -0.063895 1.781907 1.865819
v -0.067480 1.784271 1.861331
v 0.347062 3.059246 1.302957
v -0.135213 2.352642 1.315894
v -0.428320 4.440227 0.222173
v 0.911436 4.918721 1.459746
v 0.157475 5.687003 0.508256
v 0.148471 5.665692 0.502671
v 0.767410 5.496212 1.229694
v 0.534211 5.683278 0.891950
v 0.046206 4.134075 0.625202
v 1.052522 5.154305 1.492815
v 0.202401 5.487793 0.431697
v -0.256561 4.638252 0.213261
v 0.917063 5.866048 1.318434
v 0.802842 6.017786 0.923672
v 0.462216 4.714666 1.221459
v 0.153392 5.004648 0.612994
v 0.028631 5.381821 0.428187
v 0.026280 5.376258 0.426729
v 0.542247 4.238648 1.167546
v -0.005406 4.611896 0.626428
v -0.533475 4.346807 0.773379
v 1.243594 4.212138 1.389316
v 0.060530 4.781844 1.972274
v 0.050839 4.775502 1.951483
v 0.973128 4.480132 1.901362
v 0.585557 4.676794 2.022026
v 0.096561 4.193970 0.526333
v 1.369766 4.327338 1.606821
v 0.064555 4.811080 1.756188
v -0.403052 4.501354 0.940410
v 1.131292 4.593179 2.260881
v 0.813480 4.889072 2.318763
v 0.746220 4.104307 1.186314
v 0.143010 4.505015 1.345252
v -0.078203 4.691146 1.674490
v -0.080732 4.689490 1.669064
v 0.803585 4.056735 0.706365
v 0.034057 4.299242 0.991078
v -0.445196 4.407507 0.398721
v -0.071162 2.577790 0.658961
v -1.304687 3.299311 0.511085
v -1.290135 3.318130 0.510375
v -0.705505 2.549212 0.596069
v -1.062401 2.824731 0.583446
v 0.087543 4.002423 0.581565
v -0.237729 2.364672 0.716708
v -1.157079 3.416133 0.621214
v -0.592489 4.221862 0.511127
v -0.962922 2.231966 0.607986
v -1.293853 2.492433 0.728608
v -0.078660 3.093360 0.473622
v -0.661031 3.546453 0.546032
v -1.096296 3.568794 0.501052
v -1.092497 3.573704 0.500867
v 0.327525 3.302238 0.638813
v -0.339036 3.811332 0.469802
v 0.083119 3.410564 0.550722
v -0.253735 4.086895 2.278321
v -1.102827 3.455772 1.306327
v -1.082997 3.456117 1.293172
v -0.828746 3.844827 2.144426
v -1.058583 3.678821 1.793622
v 0.391374 3.811237 1.025882
v -0.491108 4.129135 2.413852
v -0.953192 3.582413 1.210746
v -0.139641 3.505010 0.651975
v -1.174076 3.835388 2.362847
v -1.415289 3.804810 1.998445
v -0.044174 3.820188 1.848007
v -0.438961 3.636006 1.248082
v -0.818890 3.460830 1.117906
v -0.813714 3.460920 1.114473
v 0.360473 4.059013 1.725011
v -0.037904 3.613402 1.112824
v -0.168737 4.465487 0.727834
v -0.000927 2.599874 0.511455
v -1.142663 3.471901 0.518775
v -1.126240 3.488469 0.523480
v -0.629886 2.661452 0.423240
v -0.955195 2.970078 0.471937
v 0.307573 3.968621 0.814955
v -0.191677 2.399663 0.506068
v -0.990769 3.538770 0.660270
v -0.340832 4.275388 0.782975
v -0.918758 2.383523 0.343500
v -1.227884 2.640502 0.517600
v 0.055755 3.143079 0.467481
v -0.480331 3.626162 0.637575
v -0.907485 3.709142 0.586272
v -0.903198 3.713466 0.587499
v 0.470508 3.254449 0.694376
v -0.128831 3.862940 0.643608
v -0.193420 3.794259 0.558361
v 0.671213 3.641964 2.227105
v -0.694247 3.445329 1.825984
v -0.685923 3.452379 1.804833
v 0.085508 3.450174 2.392421
v -0.332804 3.439036 2.224084
v 0.410000 3.967602 0.853612
v 0.569463 3.608790 2.482144
v -0.601654 3.608708 1.715089
v -0.291395 3.823670 0.799878
v -0.066278 3.328893 2.752006
v -0.471095 3.445014 2.631397
v 0.533497 3.598212 1.698580
v -0.160994 3.668916 1.448832
v -0.575061 3.546413 1.523124
v -0.572889 3.548253 1.517603
v 0.837655 3.888348 1.455242
v 0.075008 3.728573 1.101850
v -1.027323 2.437883 -0.107851
v 0.353639 3.641015 -0.556084
v -1.020745 3.842438 -0.189282
v -1.021072 3.818643 -0.189078
v -0.107799 4.057264 -0.411260
v -0.551378 4.064065 -0.329786
v -0.394057 2.426741 -0.391024
v 0.348403 3.912769 -0.607277
v -0.996139 3.661704 -0.308838
v -1.043057 2.677432 -0.213509
v -0.111585 4.465960 -0.413043
v -0.546181 4.471466 -0.467851
v 0.057040 3.238358 -0.332217
v -0.683144 3.248894 -0.290894
v -1.025455 3.501678 -0.186482
v -1.025541 3.495466 -0.186429
v 0.215482 2.825789 -0.533679
v -0.587377 2.839370 -0.238248
v -1.793085 2.676178 -0.563226
v -0.087991 1.960558 -0.194396
v -1.412093 1.420741 -0.055118
v -1.418490 1.442408 -0.062601
v -0.448817 1.452034 -0.058853
v -0.882757 1.344704 0.001336
v -1.136903 2.892114 -0.498933
v -0.012538 1.729650 -0.062156
v -1.408291 1.634216 -0.010638
v -1.723602 2.493126 -0.388701
v -0.348186 1.077752 0.070902
v -0.743746 1.023196 0.251079
v -0.519168 2.199428 -0.433658
v -1.222468 2.055896 -0.248030
v -1.503693 1.731064 -0.162155
v -1.505363 1.736719 -0.164108
v -0.430072 2.676840 -0.426994
v -1.248008 2.426969 -0.451267
v -1.260925 2.210145 -0.491705
v -0.057387 2.740149 0.859622
v -1.274122 1.977063 0.895721
v -1.274434 1.982053 0.872453
v -0.459039 2.386438 1.207081
v -0.862182 2.187603 1.169843
v -0.732002 2.650537 -0.404348
v -0.076090 2.726453 1.135233
v -1.284310 2.135739 0.746448
v -1.304997 2.251708 -0.236509
v -0.462230 2.296548 1.605778
v -0.894821 2.228037 1.596885
v -0.280569 2.538814 0.401503
v -0.979715 2.295795 0.358758
v -1.278647 2.048636 0.562547
v -1.278729 2.049938 0.556473
v -0.185663 2.862046 0.051620
v -0.873996 2.363353 -0.046103
v -0.577234 2.833269 -0.769935
v -2.211621 1.895994 -0.845995
v -1.039611 1.861501 -1.676204
v -1.032347 1.878769 -1.661526
v -1.905783 1.616899 -1.331518
v -1.533485 1.671673 -1.580196
v -1.211574 2.862574 -0.490489
v -2.318259 1.732224 -1.041716
v -1.079162 2.063101 -1.603009
v -0.700575 2.730329 -0.977263
v -2.022604 1.321591 -1.588802
v -1.740823 1.461995 -1.893422
v -1.739816 2.120859 -0.681514
v -1.176898 2.273225 -1.139334
v -0.935652 2.108866 -1.466082
v -0.933756 2.113373 -1.462251
v -1.860555 2.509713 -0.416715
v -1.095517 2.513521 -0.799794
v -0.971259 3.376063 -0.713595
v -2.142081 2.661741 0.580397
v -1.487148 3.935654 0.469692
v -1.477554 3.925689 0.450326
v -2.074180 3.252328 0.812260
v -1.817496 3.618152 0.751166
v -1.237251 2.762301 -0.529525
v -2.216159 2.755384 0.829881
v -1.360606 3.774549 0.394883
v -0.992598 3.433623 -0.458593
v -2.233449 3.431183 1.143460
v -1.900909 3.715771 1.161747
v -1.909477 2.822145 0.110946
v -1.424187 3.380692 0.063925
v -1.349673 3.792892 0.192441
v -1.347169 3.790291 0.187386
v -1.734440 2.419866 -0.097472
v -1.358937 3.163134 -0.293934
v -1.841000 4.169820 -0.770364
v -0.258819 3.336359 -0.172420
v -1.641950 2.958019 -0.083800
v -1.645302 2.979082 -0.094362
v -0.683581 2.889390 -0.008226
v -1.130075 2.835905 0.026820
v -1.171067 4.323648 -0.676224
v -0.219695 3.117932 -0.007322
v -1.617338 3.173918 -0.065197
v -1.805468 4.004664 -0.569726
v -0.635496 2.526644 0.173855
v -1.046722 2.536750 0.324517
v -0.641778 3.585390 -0.474984
v -1.368393 3.540076 -0.334742
v -1.689949 3.259687 -0.234932
v -1.690824 3.265184 -0.237689
v -0.500129 4.047959 -0.518217
v -1.337089 3.882453 -0.582635
v -2.108045 4.173154 -0.613533
v -0.461392 4.834716 0.023934
v -1.820749 5.097376 0.407605
v -1.825554 5.082640 0.389547
v -0.857618 5.122236 0.433202
v -1.298777 5.198009 0.488740
v -1.440328 4.185792 -0.801499
v -0.403917 5.041305 0.198624
v -1.803651 5.065773 0.192494
v -2.054154 4.402690 -0.498629
v -0.784480 5.376867 0.744430
v -1.186119 5.548585 0.711156
v -0.871195 4.510547 -0.140973
v -1.585842 4.705501 -0.109932
v -1.889546 4.886436 0.148918
v -1.890800 4.882589 0.144204
v -0.750800 4.356089 -0.585442
v -1.582892 4.386097 -0.388546
v -2.167684 4.169516 -0.680383
v -0.763384 2.911891 -0.637760
v -2.104597 2.878881 -0.123850
v -2.105184 2.901136 -0.132258
v -1.222915 2.568325 -0.358553
v -1.635539 2.623080 -0.184800
v -1.484857 4.142283 -0.800142
v -0.736648 2.673964 -0.499289
v -2.018591 3.078711 -0.108527
v -2.119296 3.979917 -0.505726
v -1.221586 2.187362 -0.210518
v -1.550208 2.282105 0.063232
v -1.137919 3.278982 -0.796467
v -1.773280 3.399235 -0.433775
v -2.112950 3.197642 -0.244138
v -2.113104 3.203452 -0.246332
v -0.897147 3.694228 -0.870651
v -1.727117 3.748161 -0.669937
v -1.833699 4.320343 -0.707062
v -0.283451 4.101337 0.343775
v -1.632769 4.464221 0.677993
v -1.635796 4.462913 0.654423
v -0.708165 4.223205 0.804134
v -1.132369 4.369312 0.850496
v -1.148005 4.256992 -0.791599
v -0.233193 4.163217 0.608622
v -1.573952 4.546516 0.484778
v -1.769955 4.433037 -0.478958
v -0.665193 4.248772 1.209780
v -1.016188 4.509104 1.240398
v -0.693800 4.029431 -0.012121
v -1.356236 4.355600 0.054835
v -1.676071 4.445603 0.340463
v -1.676861 4.445261 0.334311
v -0.504951 4.105104 -0.453159
v -1.343764 4.240759 -0.352974
v -0.912546 4.466056 -0.158940
v -0.226781 3.563466 -1.665774
v 0.357673 3.911307 -0.400284
v 0.336549 3.921685 -0.396754
v 0.274033 3.512444 -1.273672
v 0.420782 3.677329 -0.880322
v -1.078351 4.354593 -0.823335
v 0.030920 3.485667 -1.729304
v 0.219940 4.065699 -0.469254
v -0.664993 4.447927 -0.243695
v 0.639824 3.337761 -1.325949
v 0.818858 3.599302 -1.023541
v -0.536907 3.725837 -1.244257
v -0.267251 4.071258 -0.646209
v 0.055216 4.060027 -0.349786
v 0.049702 4.062736 -0.348865
v -0.908075 3.972889 -1.436880
v -0.681217 4.161424 -0.633739
v -0.706770 3.815727 -0.882609
v -1.720549 4.665235 0.461297
v -1.110583 3.366534 0.388065
v -1.104805 3.373770 0.366141
v -1.575980 4.122288 0.763742
v -1.400567 3.716133 0.675908
v -1.114777 4.371689 -0.806626
v -1.830751 4.567054 0.695209
v -1.187416 3.429237 0.193825
v -0.858696 3.709933 -0.696812
v -1.671461 3.989433 1.138286
v -1.626747 3.572238 1.012362
v -1.348650 4.546930 0.076701
v -1.145313 3.855654 -0.097887
v -1.027959 3.470120 0.074073
v -1.026451 3.472009 0.068350
v -1.479448 4.796375 -0.318993
v -1.022217 4.082427 -0.434152
v -0.424926 4.205149 -0.567142
v -1.908238 3.599884 -1.561594
v -0.513184 3.259311 -1.604954
v -0.511609 3.276166 -1.588226
v -1.455363 3.221564 -1.804372
v -1.006326 3.178993 -1.803761
v -1.084966 4.383594 -0.684794
v -1.922903 3.441938 -1.788170
v -0.541929 3.470819 -1.560205
v -0.433736 4.108721 -0.810901
v -1.472886 2.931275 -2.091557
v -1.048260 2.984509 -2.185182
v -1.567645 3.743639 -1.157181
v -0.829120 3.739335 -1.222389
v -0.490618 3.500771 -1.365504
v -0.490207 3.505170 -1.361138
v -1.726571 4.172068 -0.992574
v -0.897001 3.990669 -0.887910
v -1.594533 4.403107 -0.773881
v -0.457132 2.900995 -0.699907
v -1.885369 3.035069 -0.621108
v -1.880280 3.058276 -0.622513
v -1.023230 2.607615 -0.674884
v -1.459495 2.706767 -0.617540
v -0.920061 4.259835 -0.697084
v -0.508516 2.637174 -0.634662
v -1.784447 3.202697 -0.524775
v -1.631477 4.172035 -0.655410
v -1.119860 2.211295 -0.649548
v -1.505618 2.307049 -0.465348
v -0.707598 3.366182 -0.845122
v -1.406288 3.530655 -0.659455
v -1.812470 3.367387 -0.641097
v -1.811142 3.373444 -0.641463
v -0.404744 3.726129 -0.724201
v -1.240164 3.907115 -0.761110
vn 0.4965 0.2265 -0.8380
vn -0.4843 0.1822 -0.8557
vn -0.4919 0.1177 -0.8626
vn 0.4655 0.1724 -0.8681
vn 0.4388 -0.4860 0.7558
vn 0.4899 0.2526 0.8344
vn -0.4724 0.2112 0.8557
vn -0.4386 -0.4860 0.7559
vn -0.8745 -0.4850 0.0011
vn -0.9842 0.1771 0.0076
vn -0.4391 -0.4878 -0.7545
vn 0.8745 -0.4850 0.0009
vn 0.9648 0.2627 0.0063
vn 0.4389 -0.4878 -0.7546
vn -0.5221 -0.0741 0.8496
vn -0.9992 -0.0074 -0.0398
vn -0.5319 -0.0690 -0.8440
vn 0.5536 0.0258 -0.8324
vn -0.4635 -0.0336 0.8855
vn -0.9931 -0.0809 0.0843
vn 0.5154 -0.0024 0.8570
vn 0.9920 0.1196 -0.0415
vn -0.2565 -0.0307 -0.9660
vn -0.9796 0.1062 0.1706
vn -0.9874 0.1570 -0.0216
vn -0.6226 -0.6204 -0.4769
vn 0.7691 0.5158 0.3774
vn 0.1938 -0.0365 -0.9804
vn 0.7494 -0.1977 -0.6319
vn 0.8410 0.5410 -0.0084
vn 0.9944 0.0720 0.0780
vn 0.4845 0.0301 0.8743
vn 0.5446 0.1310 0.8284
vn 0.7357 0.3690 -0.5679
vn 0.5118 -0.2162 0.8314
vn 0.7584 0.3930 -0.5200
vn -0.8537 -0.2401 -0.4621
vn -0.4869 -0.3967 -0.7782
vn 0.3882 -0.1820 -0.9034
vn -0.5021 0.0587 0.8628
vn 0.5124 0.2290 0.8277
vn -0.4492 -0.2085 0.8688
vn -0.5842 0.6283 -0.5137
vn -0.1369 -0.0246 0.9903
vn -0.3986 -0.5158 0.7583
vn -0.8057 0.3342 -0.4890
vn -0.8684 -0.0532 -0.4930
vn -0.4355 -0.4191 0.7967
vn 0.6413 0.6654 -0.3821
vn -0.9507 -0.1884 -0.2462
vn 0.9232 0.3819 -0.0420
vn 0.1370 0.0808 0.9873
vn 0.5432 -0.1553 0.8251
vn 0.2954 0.7551 -0.5853
vn 0.8472 0.4017 0.3476
vn 0.2687 -0.4124 -0.8705
vn 0.1093 0.0160 0.9939
vn -0.9470 0.0942 0.3072
vn 0.7453 0.6658 -0.0357
vn -0.8359 -0.0520 0.5464
vn -0.3420 -0.7799 -0.5241
vn -0.4767 -0.8000 0.3643
vn -0.7745 0.2092 -0.5969
vn -0.2876 -0.9544 -0.0803
vn -0.6849 0.0041 0.7286
vn -0.4662 -0.5159 -0.7187
vn -0.9929 0.0929 0.0744
vn 0.5269 0.8188 -0.2280
vn 0.3733 0.9214 0.1085
vn -0.9445 -0.0855 -0.3173
vn 0.5136 0.7748 -0.3686
vn -0.6397 0.3229 -0.6975
vn 0.7203 0.6456 -0.2537
vn 0.6654 -0.2510 -0.7031
vn 0.8094 -0.1354 -0.5714
vn 0.7068 0.5868 0.3950
vn 0.4638 0.8638 0.1970
vn 0.2035 -0.3096 0.9288
vn 0.7904 -0.3546 0.4995
vn 0.9060 0.4190 0.0596
vn 0.8294 -0.5572 0.0398
vn -0.0880 -0.9706 0.2241
vn -0.0943 -0.9914 -0.0902
vn 0.7801 -0.5947 0.1944
vn 0.6188 -0.7511 -0.2302
vn 0.0325 -0.1096 -0.9934
vn -0.3143 -0.9371 0.1517
vn -0.3664 -0.0031 -0.9305
vn 0.3384 0.0060 0.9410
vn 0.6965 0.4463 -0.5618
vn 0.2326 0.8456 0.4805
vn -0.5306 -0.1310 0.8374
vn -0.6198 0.3710 -0.6915
vn -0.4623 0.7891 0.4044
vn 0.5894 -0.0326 -0.8072
vn 0.2118 -0.6429 0.7361
vn -0.4034 -0.0742 -0.9120
vn 0.1104 -0.6383 0.7618
vn 0.1252 0.7831 -0.6092
vn 0.7080 -0.4182 -0.5690
vn 0.8646 -0.4988 0.0609
vn -0.3749 -0.4100 -0.8315
vn 0.4866 -0.2561 -0.8352
vn -0.0330 0.9482 0.3159
vn -0.3202 0.9332 0.1632
vn 0.0191 0.1702 -0.9852
vn 0.3540 -0.4877 -0.7981
vn -0.3390 -0.7122 -0.6147
vn -0.2973 -0.7858 -0.5423
vn -0.7702 0.0217 0.6375
vn 0.5091 0.5174 0.6879
vn -0.8253 0.0123 0.5646
vn 0.1640 0.9005 0.4027
vn 0.3587 0.1126 -0.9266
vn 0.4621 -0.3635 0.8089
vn -0.1656 -0.9447 -0.2831
vn -0.6648 0.2552 -0.7020
vn 0.2793 0.9585 0.0573
vn -0.9688 0.1051 0.2245
vn -0.1047 -0.9580 0.2669
vn 0.7659 -0.6405 -0.0566
vn 0.4209 0.8044 -0.4193
vn 0.5606 -0.0029 -0.8281
vn 0.7709 0.5099 -0.3819
vn 0.8524 0.5229 0.0051
vn 0.3420 -0.3444 -0.8743
vn -0.6888 0.2032 0.6959
vn 0.0730 -0.9034 0.4225
vn -0.8421 0.1783 0.5090
vn -0.2485 -0.8489 0.4664
vn 0.3294 -0.8513 0.4084
vn -0.2015 -0.1785 0.9631
vn -0.9244 -0.0700 0.3750
vn -0.2080 -0.9127 0.3516
vn -0.1338 0.7562 -0.6406
vn -0.0062 0.9779 -0.2092
vn -0.6001 -0.0870 0.7952
vn 0.3444 0.2610 0.9018
vn 0.2260 0.7347 0.6397
vn -0.9557 -0.0330 0.2926
vn 0.0104 -0.9576 0.2878
vn -0.5967 0.2205 0.7716
vn -0.7127 0.1751 0.6793
vn -0.3703 -0.9128 0.1723
vn 0.8705 -0.0184 -0.4919
vn 0.5716 0.5680 -0.5921
vn 0.1165 0.9129 0.3912
vn -0.3229 -0.5922 -0.7383
vn 0.6356 0.1269 0.7616
vn 0.9931 0.1167 -0.0121
vn 0.9756 -0.0405 0.2160
vn 0.6648 0.4258 0.6138
vn 0.5090 -0.1991 -0.8374
vn -0.4739 -0.3172 -0.8214
vn 0.0711 -0.5786 -0.8125
vn 0.3235 -0.4268 -0.8445
vn -0.9937 -0.1119 0.0060
vn -0.7294 -0.2662 0.6302
vn -0.7703 0.4058 0.4918
vn -0.9149 -0.2117 0.3436
vn 0.4686 0.8557 0.2193
vn 0.7092 -0.5074 0.4895
vn 0.6409 0.7662 0.0472
vn 0.1937 0.5208 -0.8314
vn -0.5969 0.5820 0.5522
vn -0.3790 -0.8531 0.3587
vn 0.9427 -0.2355 0.2365
vn 0.4892 -0.5053 -0.7109
vn 0.9754 -0.2200 -0.0095
vn 0.4770 0.7438 0.4681
vn -0.8440 0.5345 0.0447
vn -0.3941 0.1357 -0.9090
vn 0.0552 0.4973 0.8658
vn -0.8948 0.4464 -0.0062
vn -0.8011 -0.3832 0.4598
vn 0.1642 -0.1161 0.9796
vn -0.1888 -0.9223 -0.3372
vn 0.7674 -0.6197 0.1646
vn -0.1505 -0.5036 0.8507
vn 0.7155 -0.4788 0.5087
vn 0.8111 0.5622 0.1616
vn -0.1141 -0.9191 -0.3771
vn 0.3026 -0.7758 -0.5538
vn 0.4221 0.2995 -0.8556
vn -0.6567 -0.7343 0.1720
vn 0.9302 -0.3325 -0.1556
vn -0.7625 0.6107 -0.2137
vn -0.6036 -0.1860 -0.7753
vn -0.3736 -0.9242 0.0798
vn 0.4242 0.8458 -0.3235
vn 0.7746 -0.6281 -0.0741
vn 0.4459 0.0027 -0.8951
vn 0.3909 -0.8103 -0.4366
vn 0.4440 0.2024 -0.8729
vn 0.6827 -0.6273 -0.3748
vn 0.1755 -0.4602 0.8703
vn 0.8065 -0.0499 0.5891
vn 0.3954 0.9091 0.1312
vn -0.7295 0.6714 -0.1306
vn -0.7199 -0.6832 -0.1225
vn -0.6250 -0.7769 0.0764
vn -0.8141 0.5278 -0.2422
vn 0.6389 -0.7253 0.2564
vn 0.4342 0.0343 0.9001
vn -0.6366 0.0648 0.7685
vn 0.7434 0.6621 0.0942
vn 0.5709 0.8172 0.0795
vn -0.6265 0.7727 -0.1021
vn -0.7335 -0.6592 -0.1653
vn 0.5318 -0.7614 -0.3707
vn -0.2991 -0.9019 0.3115
vn -0.3090 0.3107 0.8989
vn 0.9231 0.1164 0.3666
vn -0.0249 -0.1354 0.9905
vn 0.4418 0.5002 -0.7447
vn 0.0347 0.8987 -0.4371
vn -0.3428 0.6726 0.6559
vn 0.2629 -0.7039 -0.6598
vn -0.5994 0.0694 -0.7974
vn -0.9625 -0.1914 0.1921
vn -0.4831 -0.2403 -0.8419
vn -0.8284 0.4682 -0.3074
vn -0.3975 0.8356 -0.3791
vn -0.3535 -0.1223 -0.9274
vn -0.1026 -0.8628 0.4951
vn -0.2017 -0.8443 0.4964
vn -0.0520 -0.6015 0.7972
vn -0.2419 -0.6251 0.7421
vn -0.1740 -0.8696 0.4622
vn 0.2310 -0.4067 -0.8839
vn 0.1321 -0.4202 -0.8978
vn 0.2392 -0.7284 -0.6420
vn 0.0599 -0.6910 -0.7203
vn 0.1614 -0.3808 -0.9105
vn -0.4776 -0.6925 0.5406
vn -0.4992 -0.7384 0.4535
vn -0.7719 -0.4266 0.4714
vn -0.7549 -0.5665 0.3306
vn -0.4593 -0.7446 0.4843
vn -0.6142 -0.4501 -0.6482
vn -0.6733 -0.3687 -0.6409
vn -0.7568 -0.5829 -0.2959
vn -0.8386 -0.4117 -0.3566
vn -0.6353 -0.3783 -0.6732
vn 0.2937 -0.7794 0.5535
vn 0.2594 -0.8384 0.4793
vn -0.0837 -0.7257 0.6829
vn -0.0689 -0.8476 0.5261
vn 0.3057 -0.8187 0.4861
vn 0.6058 -0.7507 0.2635
vn 0.5953 -0.7190 0.3586
vn 0.8693 -0.4540 0.1956
vn 0.8012 -0.4600 0.3827
vn 0.5679 -0.7529 0.3327
vn 0.8721 -0.3073 -0.3808
vn 0.8624 -0.3895 -0.3233
vn 0.9934 -0.0988 -0.0584
vn 0.9565 -0.2909 -0.0209
vn 0.8468 -0.3814 -0.3709
vn -0.0258 0.4094 -0.9120
vn -0.1043 0.3492 -0.9312
vn 0.2242 0.0991 -0.9695
vn 0.0322 0.0543 -0.9980
vn -0.1036 0.3962 -0.9123
vn -0.2775 -0.9325 -0.2309
vn -0.3721 -0.9039 -0.2109
vn -0.2055 -0.9648 0.1639
vn -0.3925 -0.9119 0.1201
vn -0.3466 -0.9027 -0.2547
vn -0.1338 -0.6360 0.7600
vn -0.0656 -0.5818 0.8107
vn 0.1634 -0.8151 0.5557
vn 0.2267 -0.6849 0.6925
vn -0.1160 -0.5766 0.8088
vn 0.9159 -0.1020 0.3881
vn 0.9493 -0.1122 0.2936
vn 0.7875 -0.4836 0.3821
vn 0.8787 -0.4265 0.2144
vn 0.9442 -0.0703 0.3216
vn 0.3127 0.0111 0.9498
vn 0.3321 -0.0873 0.9392
vn -0.0785 -0.0729 0.9942
vn 0.0364 -0.2340 0.9716
vn 0.3623 -0.0473 0.9309
vn -0.6605 -0.6973 -0.2785
vn -0.6932 -0.6315 -0.3475
vn -0.8664 -0.4993 0.0053
vn -0.8882 -0.4237 -0.1777
vn -0.6571 -0.6670 -0.3513
vn -0.0529 -0.4980 -0.8655
vn -0.1329 -0.4408 -0.8877
vn -0.2840 -0.7255 -0.6269
vn -0.3829 -0.5794 -0.7195
vn -0.0838 -0.4328 -0.8976
vn 0.8814 -0.4657 0.0794
vn 0.8503 -0.4982 0.1697
vn 0.9650 -0.1060 0.2399
vn 0.8971 -0.2392 0.3716
vn 0.8452 -0.5198 0.1241
vn 0.3329 -0.0354 -0.9423
vn 0.2651 -0.1082 -0.9581
vn 0.5741 -0.3020 -0.7611
vn 0.4051 -0.3808 -0.8312
vn 0.2604 -0.0580 -0.9637
vn -0.3395 -0.8997 0.2743
vn -0.2946 -0.9362 0.1917
vn -0.6430 -0.7644 0.0470
vn -0.5031 -0.8624 -0.0554
vn -0.2763 -0.9309 0.2388
vn -0.6557 0.0814 -0.7506
vn -0.6708 0.1764 -0.7203
vn -0.8911 -0.0493 -0.4512
vn -0.8751 0.1490 -0.4604
vn -0.6375 0.1581 -0.7540
vn -0.0365 -0.9037 -0.4267
vn -0.1112 -0.9253 -0.3625
vn 0.2312 -0.9639 -0.1321
vn 0.0425 -0.9961 -0.0772
vn -0.1134 -0.9054 -0.4092
vn -0.5616 0.0474 0.8261
vn -0.6378 0.0758 0.7665
vn -0.4116 0.4207 0.8085
vn -0.5826 0.3977 0.7088
vn -0.6238 0.0292 0.7810
vn 0.0733 -0.9872 -0.1419
vn 0.0068 -0.9762 -0.2169
vn -0.2273 -0.9658 0.1252
vn -0.2872 -0.9557 -0.0645
vn 0.0575 -0.9742 -0.2181
vn 0.1366 -0.3159 0.9389
vn 0.2306 -0.3403 0.9116
vn 0.0001 -0.6498 0.7601
vn 0.1980 -0.6291 0.7517
vn 0.2128 -0.2968 0.9309
vn -0.3928 -0.0201 -0.9194
vn -0.3870 0.0805 -0.9186
vn -0.7234 -0.0007 -0.6904
vn -0.6491 0.1773 -0.7398
vn -0.3530 0.0463 -0.9345
vn 0.3081 -0.7027 -0.6414
vn 0.2177 -0.7456 -0.6298
vn 0.4249 -0.8580 -0.2887
vn 0.2397 -0.9087 -0.3418
vn 0.2329 -0.7110 -0.6636
vn 0.3006 0.0615 0.9518
vn 0.2485 -0.0231 0.9683
vn -0.0424 0.2721 0.9613
vn -0.0665 0.0773 0.9948
vn 0.2971 -0.0172 0.9547
vn 0.4399 -0.8423 0.3114
vn 0.3958 -0.8882 0.2333
vn 0.0913 -0.8538 0.5125
vn 0.0835 -0.9393 0.3327
vn 0.4412 -0.8658 0.2361
vn 0.6926 0.2473 -0.6776
vn 0.6184 0.2473 -0.7459
vn 0.7041 -0.1548 -0.6930
vn 0.5716 -0.0732 -0.8173
vn 0.6358 0.2854 -0.7171
vn 0.3382 -0.6681 0.6628
vn 0.3591 -0.7278 0.5843
vn -0.0501 -0.7709 0.6350
vn 0.0671 -0.8621 0.5023
vn 0.3883 -0.6932 0.6072
vn -0.3758 -0.9263 -0.0272
vn -0.3266 -0.9433 0.0592
vn -0.0311 -0.9727 -0.2301
vn -0.0131 -0.9994 -0.0336
vn -0.3738 -0.9261 0.0517
vn -0.4482 -0.1118 -0.8869
vn -0.4688 -0.0131 -0.8832
vn -0.7524 -0.1828 -0.6329
vn -0.7314 0.0091 -0.6819
vn -0.4285 -0.0370 -0.9028
vn 0.6355 0.2414 -0.7334
vn 0.5623 0.2166 -0.7981
vn 0.7178 -0.1491 -0.6801
vn 0.5725 -0.1146 -0.8119
vn 0.5728 0.2615 -0.7769
vn -0.0307 -0.8338 0.5513
vn -0.0503 -0.8835 0.4658
vn -0.4143 -0.7124 0.5665
vn -0.3734 -0.8312 0.4119
vn -0.0057 -0.8731 0.4876
vn -0.8467 -0.1756 -0.5023
vn -0.8930 -0.1789 -0.4129
vn -0.7089 -0.5492 -0.4426
vn -0.8250 -0.4816 -0.2955
vn -0.8852 -0.1394 -0.4438
vn -0.1208 -0.7493 0.6512
vn -0.2168 -0.7535 0.6207
vn -0.2092 -0.4291 0.8787
vn -0.3659 -0.5048 0.7818
vn -0.1762 -0.7781 0.6029
vn 0.8021 -0.5743 -0.1638
vn 0.8006 -0.5956 -0.0653
vn 0.9723 -0.2187 -0.0824
vn 0.9402 -0.3314 0.0787
vn 0.7780 -0.6196 -0.1038
vn 0.4215 -0.6933 -0.5846
vn 0.3502 -0.7567 -0.5520
vn 0.6225 -0.7450 -0.2397
vn 0.4559 -0.8533 -0.2529
vn 0.3500 -0.7258 -0.5923
vn 0.7276 0.1389 -0.6718
vn 0.6671 0.0944 -0.7390
vn 0.8235 -0.2223 -0.5219
vn 0.6990 -0.2299 -0.6772
vn 0.6714 0.1435 -0.7270
vn -0.1488 0.3751 0.9150
vn -0.2304 0.3163 0.9203
vn -0.3537 0.6355 0.6863
vn -0.4614 0.4792 0.7467
vn -0.1826 0.3065 0.9342
vn 0.2748 -0.9593 0.0655
vn 0.3164 -0.9483 -0.0257
vn -0.0881 -0.9905 -0.1060
vn 0.0611 -0.9697 -0.2364
vn 0.3369 -0.9413 0.0202
vn 0.2066 -0.4100 0.8884
vn 0.2968 -0.3655 0.8822
vn 0.3330 -0.6967 0.6355
vn 0.4722 -0.5612 0.6798
vn 0.2536 -0.3482 0.9025
vn -0.7198 -0.3097 0.6213
vn -0.6532 -0.2978 0.6961
vn -0.5431 -0.6576 0.5220
vn -0.4621 -0.5685 0.6807
vn -0.6867 -0.2647 0.6771
vn 0.8807 0.3663 0.3005
vn 0.8976 0.2765 0.3432
vn 0.6420 0.4656 0.6092
vn 0.7253 0.2855 0.6264
vn 0.9091 0.2927 0.2965
vn 0.1793 -0.7617 -0.6227
vn 0.0800 -0.7790 -0.6219
vn 0.2114 -0.9412 -0.2637
vn 0.0264 -0.9410 -0.3374
vn 0.1074 -0.7497 -0.6530
vn -0.8334 -0.3619 0.4177
vn -0.8764 -0.3535 0.3270
vn -0.8796 0.0340 0.4745
vn -0.9530 -0.0317 0.3014
vn -0.8515 -0.3927 0.3474
vn -0.5895 -0.7285 0.3489
vn -0.6532 -0.7058 0.2742
vn -0.7225 -0.4102 0.5565
vn -0.8146 -0.4367 0.3818
vn -0.6149 -0.7391 0.2750
vn 0.3236 -0.9383 0.1222
vn 0.2479 -0.9668 0.0621
vn 0.0644 -0.9014 0.4281
vn -0.0191 -0.9657 0.2590
vn 0.2955 -0.9540 0.0502
vn 0.8862 -0.0508 -0.4605
vn 0.8844 0.0499 -0.4640
vn 0.6319 -0.0644 -0.7724
vn 0.6844 0.1202 -0.7191
vn 0.9034 0.0192 -0.4284
vn 0.7328 -0.6795 -0.0347
vn 0.6871 -0.7172 -0.1162
vn 0.4625 -0.8638 0.2000
vn 0.4378 -0.8991 0.0055
vn 0.7230 -0.6816 -0.1130
vn 0.1282 0.1621 0.9784
vn 0.2148 0.1110 0.9703
vn -0.0746 -0.1857 0.9798
vn 0.1232 -0.2078 0.9704
vn 0.2060 0.1608 0.9652
vn -0.1511 -0.9326 0.3277
vn -0.2392 -0.9302 0.2786
vn -0.3131 -0.7150 0.6251
vn -0.4409 -0.7592 0.4788
vn -0.1936 -0.9454 0.2623
vn 0.8878 0.2973 -0.3513
vn 0.9001 0.2032 -0.3854
vn 0.9847 0.1733 0.0193
vn 0.9925 0.0295 -0.1184
vn 0.8797 0.2436 -0.4085
vn 0.4738 -0.1105 0.8737
vn 0.4855 -0.2076 0.8492
vn 0.0922 -0.1849 0.9784
vn 0.1922 -0.3463 0.9182
vn 0.5159 -0.1681 0.8400
vn 0.2249 -0.9649 -0.1357
vn 0.1378 -0.9729 -0.1859
vn 0.0230 -0.9769 0.2124
vn -0.0930 -0.9943 0.0514
vn 0.1842 -0.9617 -0.2033
vn -0.6651 0.3320 0.6689
vn -0.7368 0.3058 0.6030
vn -0.5928 0.6650 0.4543
vn -0.7407 0.5529 0.3818
vn -0.7158 0.2786 0.6404
vn -0.1226 -0.9422 0.3119
vn -0.1348 -0.9673 0.2151
vn -0.5005 -0.8038 0.3217
vn -0.4479 -0.8821 0.1462
vn -0.0924 -0.9656 0.2429
vn -0.8871 -0.4568 0.0666
vn -0.9243 -0.3814 0.0109
vn -0.8943 -0.2180 0.3907
vn -0.9652 -0.1320 0.2256
vn -0.9048 -0.4259 -0.0039
vn -0.2473 -0.6395 0.7279
vn -0.3389 -0.5975 0.7267
vn -0.1084 -0.3261 0.9391
vn -0.3033 -0.3162 0.8989
vn -0.3213 -0.6372 0.7005
vn 0.9748 -0.1107 0.1937
vn 0.9778 -0.1747 0.1159
vn 0.8133 -0.3996 0.4229
vn 0.8564 -0.4584 0.2376
vn 0.9853 -0.1246 0.1167
vn 0.1362 0.0759 0.9878
vn 0.1433 -0.0247 0.9894
vn -0.2645 0.0451 0.9633
vn -0.1709 -0.1302 0.9766
vn 0.1797 0.0102 0.9837
vn -0.6684 -0.6647 -0.3338
vn -0.7209 -0.6464 -0.2498
vn -0.4181 -0.8999 -0.1237
vn -0.5669 -0.8237 -0.0155
vn -0.7237 -0.6238 -0.2951
vn 0.0229 -0.6372 -0.7704
vn -0.0290 -0.5682 -0.8224
vn -0.3159 -0.7483 -0.5833
vn -0.3421 -0.6049 -0.7191
vn 0.0212 -0.5745 -0.8183
vn 0.9894 -0.1121 -0.0924
vn 0.9793 -0.0780 -0.1867
vn 0.8556 -0.4730 -0.2104
vn 0.8696 -0.3400 -0.3581
vn 0.9882 -0.0523 -0.1439
vn 0.4039 -0.3929 0.8261
vn 0.3182 -0.4448 0.8372
vn 0.2221 -0.0650 0.9729
vn 0.1056 -0.2266 0.9683
vn 0.3608 -0.4576 0.8127
vn -0.2400 -0.9668 0.0878
vn -0.3350 -0.9398 0.0676
vn -0.2856 -0.8373 0.4663
vn -0.4497 -0.8197 0.3548
vn -0.2981 -0.9539 0.0359
vn -0.5777 -0.1365 -0.8047
vn -0.4933 -0.1324 -0.8597
vn -0.5751 0.2649 -0.7740
vn -0.4262 0.1915 -0.8841
vn -0.5163 -0.1725 -0.8388
vn 0.5693 0.2214 -0.7918
vn 0.4961 0.1821 -0.8489
vn 0.6961 -0.1501 -0.7021
vn 0.5416 -0.1458 -0.8279
vn 0.5027 0.2300 -0.8333
vn -0.2547 -0.6492 0.7167
vn -0.2034 -0.7187 0.6649
vn -0.5622 -0.6875 0.4596
vn -0.4093 -0.8094 0.4212
vn -0.1874 -0.6875 0.7016
vn -0.3238 -0.7927 0.5165
vn -0.2702 -0.7575 0.5943
vn 0.0142 -0.9361 0.3513
vn 0.0418 -0.8482 0.5279
vn -0.3186 -0.7485 0.5816
vn 0.9948 -0.0133 -0.1012
vn 0.9844 -0.1054 -0.1409
vn 0.9487 -0.1690 0.2672
vn 0.9447 -0.3046 0.1213
vn 0.9846 -0.0601 -0.1639
vn 0.3688 -0.7488 -0.5507
vn 0.3895 -0.7957 -0.4639
vn 0.6942 -0.5169 -0.5009
vn 0.6688 -0.6522 -0.3569
vn 0.3477 -0.7978 -0.4926
vn -0.7310 -0.3448 -0.5889
vn -0.7325 -0.2536 -0.6318
vn -0.9400 -0.1995 -0.2769
vn -0.9051 -0.0654 -0.4201
vn -0.7056 -0.2948 -0.6444
vn -0.5015 0.2366 0.8321
vn -0.5728 0.1723 0.8014
vn -0.6405 0.5115 0.5728
vn -0.7445 0.3416 0.5736
vn -0.5322 0.1639 0.8306
vn 0.2197 -0.6827 0.6969
vn 0.1244 -0.7144 0.6886
vn 0.0950 -0.3736 0.9227
vn -0.0513 -0.4965 0.8665
vn 0.1658 -0.7296 0.6634
vn 0.0600 -0.8034 -0.5924
vn -0.0185 -0.7655 -0.6431
vn -0.1908 -0.9330 -0.3053
vn -0.2823 -0.8431 -0.4577
vn 0.0312 -0.7587 -0.6507
vn -0.4559 -0.7912 -0.4075
vn -0.5053 -0.7260 -0.4665
vn -0.7047 -0.7019 -0.1038
vn -0.7469 -0.6062 -0.2734
vn -0.4612 -0.7498 -0.4745
vn -0.3536 0.0744 -0.9324
vn -0.3973 0.1605 -0.9035
vn -0.6469 -0.1332 -0.7509
vn -0.6695 0.0644 -0.7401
vn -0.3514 0.1528 -0.9237
vn 0.6884 0.0605 -0.7228
vn 0.6195 0.1099 -0.7773
vn 0.5071 -0.2876 -0.8125
vn 0.4225 -0.1285 -0.8972
vn 0.6544 0.1281 -0.7453
vn 0.1841 -0.7098 0.6799
vn 0.1375 -0.7742 0.6178
vn -0.1737 -0.5714 0.8021
vn -0.1856 -0.7194 0.6693
vn 0.1866 -0.7617 0.6205
vn -0.4710 -0.5950 -0.6512
vn -0.5191 -0.5127 -0.6839
vn -0.7179 -0.6109 -0.3336
vn -0.7583 -0.4621 -0.4598
vn -0.4754 -0.5330 -0.6999
vn -0.2714 -0.7496 -0.6037
vn -0.3492 -0.6919 -0.6319
vn -0.4665 -0.8440 -0.2645
vn -0.5699 -0.7252 -0.3864
vn -0.3027 -0.6953 -0.6518
vn 0.9571 0.0863 0.2768
vn 0.9749 0.0032 0.2225
vn 0.8073 -0.1419 0.5728
vn 0.8749 -0.2461 0.4171
vn 0.9767 0.0520 0.2084
vn 0.4047 -0.8765 -0.2607
vn 0.3432 -0.9192 -0.1932
vn 0.6485 -0.7603 0.0379
vn 0.4908 -0.8656 0.0990
vn 0.3357 -0.9102 -0.2426
vn 0.5554 0.2851 -0.7811
vn 0.5450 0.1912 -0.8163
vn 0.8372 0.1555 -0.5244
vn 0.7652 0.0131 -0.6437
vn 0.5161 0.2322 -0.8245
vn -0.6775 -0.5186 0.5217
vn -0.7481 -0.4666 0.4719
vn -0.6159 -0.2012 0.7617
vn -0.7597 -0.1734 0.6267
vn -0.7262 -0.5108 0.4601
vn -0.1999 -0.6557 -0.7281
vn -0.2069 -0.5767 -0.7903
vn -0.5687 -0.5754 -0.5878
vn -0.5089 -0.4522 -0.7325
vn -0.1665 -0.6051 -0.7786
vn 0.8283 -0.4899 0.2720
vn 0.7831 -0.5739 0.2394
vn 0.6100 -0.5058 0.6099
vn 0.5765 -0.6575 0.4851
vn 0.8130 -0.5415 0.2143
vn -0.4538 -0.4100 -0.7912
vn -0.5317 -0.3490 -0.7717
vn -0.5729 -0.6540 -0.4939
vn -0.6926 -0.4973 -0.5224
vn -0.4912 -0.3413 -0.8014
vn -0.2514 -0.6587 -0.7092
vn -0.2758 -0.5796 -0.7668
vn -0.5988 -0.6177 -0.5098
vn -0.5749 -0.4866 -0.6578
vn -0.2315 -0.6041 -0.7626
vn 0.9563 -0.2840 -0.0694
vn 0.9349 -0.3549 -0.0010
vn 0.9745 -0.0091 0.2243
vn 0.9375 -0.1938 0.2890
vn 0.9326 -0.3572 -0.0516
vn 0.2314 0.1612 -0.9594
vn 0.2034 0.2570 -0.9448
vn -0.1558 0.0543 -0.9863
vn -0.1278 0.2497 -0.9598
vn 0.2491 0.2355 -0.9394
vn 0.2738 -0.6531 0.7061
vn 0.2026 -0.7144 0.6697
vn -0.0096 -0.4407 0.8976
vn -0.0804 -0.5978 0.7976
vn 0.2516 -0.7107 0.6570
vn 0.3460 -0.2813 -0.8951
vn 0.2919 -0.3656 -0.8838
vn 0.6270 -0.4312 -0.6488
vn 0.4750 -0.5554 -0.6826
vn 0.2787 -0.3213 -0.9050
vn 0.1164 -0.2168 0.9692
vn 0.1072 -0.3138 0.9434
vn -0.2830 -0.1738 0.9432
vn -0.2194 -0.3591 0.9071
vn 0.1489 -0.2852 0.9468
vn 0.0779 -0.9966 -0.0264
vn 0.0046 -0.9991 0.0427
vn 0.3433 -0.9022 0.2613
vn 0.1581 -0.9311 0.3288
vn 0.0012 -1.0000 -0.0079
vn 0.5183 -0.0790 -0.8516
vn 0.4296 -0.0885 -0.8986
vn 0.4952 -0.4637 -0.7347
vn 0.3424 -0.4045 -0.8480
vn 0.4565 -0.0467 -0.8885
vn -0.4739 -0.7387 -0.4793
vn -0.3958 -0.7406 -0.5430
vn -0.6179 -0.4138 -0.6685
vn -0.4506 -0.4862 -0.7487
vn -0.4030 -0.7665 -0.5000
vn 0.8494 0.4700 -0.2402
vn 0.8415 0.4270 -0.3310
vn 0.9883 0.1232 -0.0900
vn 0.9512 0.1172 -0.2856
vn 0.8237 0.4716 -0.3148
vn -0.2517 -0.6890 0.6796
vn -0.2970 -0.7390 0.6047
vn -0.5655 -0.4375 0.6991
vn -0.5863 -0.5820 0.5635
vn -0.2493 -0.7426 0.6217
vn -0.7533 -0.3925 -0.5278
vn -0.7204 -0.3378 -0.6058
vn -0.9259 -0.0637 -0.3723
vn -0.8363 -0.0325 -0.5474
vn -0.7080 -0.3850 -0.5920
vn 0.2478 -0.8450 0.4739
vn 0.2606 -0.7888 0.5566
vn 0.6055 -0.7212 0.3366
vn 0.5587 -0.6490 0.5163
vn 0.2191 -0.8127 0.5399
vn 0.8348 -0.5054 -0.2182
vn 0.7760 -0.5859 -0.2336
vn 0.8066 -0.5633 0.1792
vn 0.7105 -0.7001 0.0708
vn 0.7913 -0.5503 -0.2664
vn 0.5430 -0.4384 -0.7162
vn 0.5318 -0.5245 -0.6649
vn 0.8287 -0.3233 -0.4569
vn 0.7545 -0.5044 -0.4198
vn 0.5029 -0.5048 -0.7016
vn -0.9623 -0.1117 -0.2480
vn -0.9572 -0.0196 -0.2886
vn -0.9916 0.0536 0.1180
vn -0.9820 0.1866 -0.0300
vn -0.9485 -0.0648 -0.3100
vn -0.4918 -0.1718 0.8536
vn -0.5194 -0.0749 0.8512
vn -0.1288 -0.0631 0.9897
vn -0.2540 0.0896 0.9630
vn -0.5428 -0.1156 0.8319
vn 0.3342 -0.9109 -0.2419
vn 0.3978 -0.8652 -0.3053
vn 0.0361 -0.8608 -0.5077
vn 0.2125 -0.7931 -0.5708
vn 0.4044 -0.8779 -0.2566
vn 0.5294 0.1294 0.8384
vn 0.5365 0.0289 0.8434
vn 0.1539 0.1083 0.9821
vn 0.2446 -0.0685 0.9672
vn 0.5674 0.0624 0.8211
vn -0.0016 -0.7696 -0.6386
vn -0.0089 -0.7015 -0.7126
vn -0.3947 -0.7262 -0.5629
vn -0.3294 -0.6161 -0.7155
vn 0.0325 -0.7218 -0.6913
vn -0.0500 -0.9802 -0.1915
vn -0.1274 -0.9592 -0.2526
vn -0.2947 -0.9472 0.1266
vn -0.3861 -0.9212 -0.0485
vn -0.0777 -0.9617 -0.2630
vn 0.8438 0.5002 0.1944
vn 0.8891 0.4105 0.2025
vn 0.6903 0.4537 0.5637
vn 0.8076 0.3035 0.5057
vn 0.8832 0.4402 0.1617
vn 0.1588 -0.8258 -0.5411
vn 0.0674 -0.8112 -0.5809
vn -0.0121 -0.9777 -0.2097
vn -0.1425 -0.9255 -0.3509
vn 0.1126 -0.7944 -0.5968
vn -0.6779 -0.0616 0.7326
vn -0.7361 -0.0009 0.6769
vn -0.4611 0.2569 0.8494
vn -0.6134 0.3027 0.7295
vn -0.7336 -0.0516 0.6776
vn 0.0635 -0.7832 0.6185
vn 0.0552 -0.8418 0.5370
vn -0.3339 -0.7185 0.6101
vn -0.2692 -0.8419 0.4677
vn 0.0968 -0.8233 0.5593
vn 0.1639 -0.9807 -0.1071
vn 0.0667 -0.9942 -0.0838
vn 0.2478 -0.9266 0.2830
vn 0.0563 -0.9675 0.2467
vn 0.0884 -0.9877 -0.1292
vn 0.8358 0.4800 -0.2665
vn 0.7967 0.4861 -0.3592
vn 0.9367 0.0965 -0.3365
vn 0.8505 0.1868 -0.4918
vn 0.7928 0.5185 -0.3203
vn -0.0010 -0.8384 0.5450
vn 0.0163 -0.8882 0.4591
vn -0.3898 -0.8058 0.4458
vn -0.2810 -0.9072 0.3132
vn 0.0493 -0.8690 0.4924
vn -0.9568 -0.2887 -0.0345
vn -0.9812 -0.1924 -0.0176
vn -0.8725 -0.3340 0.3566
vn -0.9388 -0.1523 0.3089
vn -0.9743 -0.2167 -0.0616
vn -0.9162 -0.4000 0.0251
vn -0.9398 -0.3289 0.0925
vn -0.7287 -0.6087 0.3138
vn -0.8140 -0.4407 0.3783
vn -0.9438 -0.3280 0.0419
vn -0.2599 0.1053 -0.9599
vn -0.3454 0.1472 -0.9268
vn -0.4078 -0.2595 -0.8754
vn -0.5346 -0.1104 -0.8379
vn -0.3012 0.1691 -0.9385
vn 0.7454 -0.3356 -0.5760
vn 0.7310 -0.2540 -0.6334
vn 0.4256 -0.5101 -0.7474
vn 0.4675 -0.3295 -0.8203
vn 0.7616 -0.2603 -0.5935
vn 0.6514 -0.4704 0.5953
vn 0.6965 -0.5034 0.5114
vn 0.3660 -0.7507 0.5499
vn 0.5081 -0.7571 0.4105
vn 0.7053 -0.4613 0.5383
vn -0.0223 0.2322 -0.9724
vn -0.1229 0.2283 -0.9658
vn -0.0097 -0.1701 -0.9854
vn -0.1942 -0.0955 -0.9763
vn -0.0915 0.2677 -0.9591
vn 0.1705 -0.9142 0.3676
vn 0.0827 -0.9416 0.3263
vn -0.0289 -0.7406 0.6713
vn -0.1469 -0.8300 0.5381
vn 0.1294 -0.9430 0.3067
vn -0.0194 -0.6426 -0.7659
vn -0.1085 -0.6025 -0.7907
vn -0.1987 -0.8568 -0.4759
vn -0.3242 -0.7451 -0.5829
vn -0.0619 -0.5892 -0.8056
vn -0.3038 -0.1306 0.9437
vn -0.3769 -0.1894 0.9067
vn -0.5138 0.1954 0.8353
vn -0.6058 0.0233 0.7953
vn -0.3301 -0.2018 0.9221
vn 0.5568 -0.7695 -0.3129
vn 0.4874 -0.7839 -0.3847
vn 0.3146 -0.9481 -0.0455
vn 0.2406 -0.9429 -0.2304
vn 0.5295 -0.7556 -0.3857
vn 0.3111 0.0811 0.9469
vn 0.3941 0.0314 0.9185
vn 0.1086 -0.2667 0.9576
vn 0.3009 -0.2868 0.9095
vn 0.3850 0.0813 0.9193
vn -0.2302 -0.9666 0.1124
vn -0.2946 -0.9377 0.1844
vn 0.0751 -0.9254 0.3715
vn -0.1035 -0.8867 0.4507
vn -0.3024 -0.9436 0.1346
vn 0.7945 0.3863 -0.4686
vn 0.7650 0.3349 -0.5502
vn 0.9484 0.0482 -0.3134
vn 0.8688 0.0248 -0.4945
vn 0.7531 0.3820 -0.5357
vn -0.4502 -0.8895 -0.0782
vn -0.4609 -0.8697 -0.1765
vn -0.7619 -0.6477 0.0023
vn -0.7216 -0.6652 -0.1920
vn -0.4230 -0.8932 -0.1522
vn -0.6750 -0.1728 -0.7173
vn -0.6156 -0.1196 -0.7789
vn -0.8128 0.1699 -0.5572
vn -0.6817 0.1969 -0.7047
vn -0.6158 -0.1694 -0.7694
vn 0.5164 -0.4165 -0.7482
vn 0.4374 -0.4776 -0.7619
vn 0.6331 -0.6405 -0.4347
vn 0.4698 -0.7088 -0.5262
vn 0.4473 -0.4324 -0.7829
vn -0.7241 0.0315 0.6889
vn -0.7891 0.0430 0.6127
vn -0.6236 0.4202 0.6592
vn -0.7653 0.3636 0.5312
vn -0.7726 0.0005 0.6349
vn -0.2298 -0.9278 0.2939
vn -0.3263 -0.8987 0.2931
vn -0.1783 -0.7413 0.6470
vn -0.3645 -0.7310 0.5768
vn -0.2986 -0.9194 0.2561
vn 0.1569 -0.0522 -0.9862
vn 0.1011 0.0314 -0.9944
vn -0.1791 -0.2703 -0.9460
vn -0.2122 -0.0759 -0.9743
vn 0.1512 0.0265 -0.9881
vn 0.3476 -0.8702 0.3491
vn 0.3268 -0.9091 0.2585
vn -0.0423 -0.8937 0.4467
vn -0.0002 -0.9642 0.2652
vn 0.3695 -0.8875 0.2753
vn 0.2100 0.1852 -0.9600
vn 0.1637 0.2739 -0.9477
vn -0.1484 0.0041 -0.9889
vn -0.1596 0.2017 -0.9664
vn 0.2126 0.2618 -0.9414
vn 0.2794 -0.9154 -0.2897
vn 0.2028 -0.9125 -0.3552
vn 0.0205 -0.9998 0.0069
vn -0.0649 -0.9829 -0.1723
vn 0.2510 -0.8980 -0.3613
vn 0.3037 -0.0801 0.9494
vn 0.2103 -0.1108 0.9713
vn 0.1737 0.3008 0.9377
vn 0.0323 0.1688 0.9851
vn 0.2509 -0.1381 0.9581
vn 0.0548 -0.2273 -0.9723
vn -0.0458 -0.2222 -0.9739
vn 0.0318 -0.5927 -0.8048
vn -0.1454 -0.5119 -0.8467
vn -0.0115 -0.1858 -0.9825
vn 0.5567 -0.7882 -0.2625
vn 0.4730 -0.8274 -0.3027
vn 0.4295 -0.8971 0.1037
vn 0.3066 -0.9508 -0.0436
vn 0.5083 -0.7979 -0.3241
vn 0.3890 -0.6239 0.6778
vn 0.4797 -0.5920 0.6476
vn 0.3663 -0.8609 0.3531
vn 0.5371 -0.7595 0.3670
vn 0.4497 -0.5740 0.6843
vn -0.7474 0.2643 -0.6096
vn -0.6834 0.3300 -0.6512
vn -0.8020 0.5163 -0.3004
vn -0.6794 0.5865 -0.4409
vn -0.6928 0.2818 -0.6638
vn 0.0993 -0.3553 -0.9295
vn 0.0003 -0.3402 -0.9404
vn 0.0231 -0.6917 -0.7218
vn -0.1404 -0.5992 -0.7882
vn 0.0390 -0.3089 -0.9503
vn 0.0580 -0.8316 0.5524
vn -0.0421 -0.8389 0.5426
vn 0.0076 -0.5496 0.8354
vn -0.1630 -0.6239 0.7643
vn -0.0053 -0.8581 0.5134
vn -0.2830 -0.2657 -0.9216
vn -0.3729 -0.2255 -0.9001
vn -0.3807 -0.5934 -0.7091
vn -0.5255 -0.4569 -0.7178
vn -0.3320 -0.2039 -0.9210
vn -0.2013 -0.9795 -0.0046
vn -0.2966 -0.9546 -0.0263
vn -0.2665 -0.8852 0.3813
vn -0.4270 -0.8645 0.2651
vn -0.2579 -0.9645 -0.0576
vn -0.4386 -0.8229 0.3613
vn -0.4376 -0.7777 0.4514
vn -0.0486 -0.9133 0.4045
vn -0.1271 -0.8181 0.5609
vn -0.4732 -0.7769 0.4153
vn 0.8487 0.4485 0.2804
vn 0.8976 0.3738 0.2337
vn 0.7787 0.2046 0.5931
vn 0.8860 0.1206 0.4478
vn 0.8822 0.4186 0.2156
vn -0.1888 -0.6197 0.7618
vn -0.0920 -0.6091 0.7878
vn -0.0808 -0.8778 0.4722
vn 0.0718 -0.8105 0.5813
vn -0.1324 -0.5821 0.8023
vn 0.0069 0.0242 -0.9997
vn -0.0792 0.0764 -0.9939
vn -0.1969 -0.3156 -0.9282
vn -0.3119 -0.1532 -0.9377
vn -0.0313 0.0931 -0.9952
vt 0.468584 0.160589
vt 0.750347 0.273058
vt 0.440768 0.165820
vt 0.779235 0.268474
vt 0.741037 0.101334
vt 0.613865 0.105336
vt 0.735983 0.213835
vt 0.641918 0.111642
vt 0.741052 0.188687
vt 0.759051 0.188687
vt 0.469443 0.120572
vt 0.465533 0.576264
vt 0.440768 0.569667
vt 0.441934 0.111642
vt 0.703970 0.101334
vt 0.479069 0.517074
vt 0.613416 0.065253
vt 0.641302 0.057379
vt 0.703985 0.188687
vt 0.459800 0.489966
vt 0.686695 0.145011
vt 0.456918 0.526308
vt 0.743330 0.238550
vt 0.477206 0.544057
vt 0.769360 0.221924
vt 0.758327 0.145011
vt 0.668459 0.265090
vt 0.538423 0.091121
vt 0.542532 0.571345
vt 0.537812 0.062759
vt 0.671973 0.283395
vt 0.543126 0.591301
vt 0.548146 0.119977
vt 0.536464 0.615024
vt 0.547224 0.148267
vt 0.674912 0.308528
vt 0.459284 0.088656
vt 0.584300 0.277655
vt 0.459059 0.060283
vt 0.620774 0.591072
vt 0.589724 0.295019
vt 0.619159 0.609997
vt 0.610685 0.632647
vt 0.625048 0.121511
vt 0.595005 0.319296
vt 0.624536 0.149840
vt 0.513456 0.344030
vt 0.858687 0.593947
vt 0.846665 0.577177
vt 0.689327 0.658399
vt 0.881261 0.356738
vt 0.519959 0.357398
vt 0.952287 0.673836
vt 0.880587 0.309798
vt 0.685366 0.672805
vt 0.982566 0.672868
vt 0.686695 0.111642
vt 0.969799 0.169459
vt 0.659600 0.695448
vt 0.686490 0.139984
vt 0.973742 0.141685
vt 0.544497 0.380247
vt 0.464571 0.359469
vt 0.812771 0.624440
vt 0.802597 0.610413
vt 0.741548 0.666442
vt 0.467187 0.373411
vt 0.932893 0.327128
vt 0.932964 0.287790
vt 0.741887 0.679988
vt 0.781559 0.659434
vt 0.949676 0.681391
vt 0.881278 0.020377
vt 0.772758 0.647243
vt 0.871379 0.064507
vt 0.887885 0.035255
vt 0.897110 0.593130
vt 0.975514 0.318482
vt 0.951589 0.693493
vt 0.902072 0.561638
vt 0.975514 0.284373
vt 0.866372 0.054093
vt 0.703210 0.713374
vt 0.880544 0.789437
vt 0.692282 0.722971
vt 0.780342 0.452075
vt 0.513996 0.413865
vt 0.792981 0.458841
vt 0.505147 0.403125
vt 0.854693 0.794273
vt 0.733674 0.739243
vt 0.885884 0.738615
vt 0.720700 0.751791
vt 0.783326 0.403048
vt 0.485673 0.443277
vt 0.801119 0.410900
vt 0.902736 0.417627
vt 0.479628 0.429656
vt 0.852869 0.748942
vt 0.911951 0.429126
vt 0.764118 0.821943
vt 0.958414 0.103980
vt 0.810208 0.148995
vt 0.717193 0.101334
vt 0.752189 0.825144
vt 0.955916 0.697622
vt 0.952910 0.090635
vt 0.972051 0.697622
vt 0.823694 0.316254
vt 0.952858 0.067606
vt 0.813471 0.117168
vt 0.834642 0.314000
vt 0.907900 0.114357
vt 0.960256 0.209627
vt 0.857919 0.179316
vt 0.956351 0.201206
vt 0.908164 0.102433
vt 0.787787 0.270019
vt 0.907824 0.090003
vt 0.794111 0.260732
vt 0.862105 0.152329
vt 0.771032 0.490385
vt 0.888035 0.204013
vt 0.903264 0.715878
vt 0.772097 0.493083
vt 0.888611 0.201206
vt 0.955457 0.755560
vt 0.774291 0.493029
vt 0.956102 0.756955
vt 0.955569 0.759815
vt 0.775276 0.490385
vt 0.902148 0.719289
vt 0.902148 0.674419
vt 0.924967 0.020377
vt 0.961297 0.795266
vt 0.929262 0.033950
vt 0.832119 0.115472
vt 0.961297 0.780369
vt 0.941238 0.588556
vt 0.959696 0.803340
vt 0.905267 0.682362
vt 0.951553 0.644930
vt 0.942649 0.561638
vt 0.830200 0.104891
vt 0.951553 0.673836
vt 0.760875 0.161047
vt 0.902305 0.791053
vt 0.766130 0.161047
vt 0.779376 0.054616
vt 0.902380 0.782984
vt 0.902148 0.796061
vt 0.758327 0.154419
vt 0.897110 0.654593
vt 0.768483 0.154420
vt 0.779235 0.048448
vt 0.897356 0.670344
vt 0.763774 0.664536
vt 0.967130 0.825144
vt 0.787030 0.627654
vt 0.765473 0.680013
vt 0.954497 0.280798
vt 0.964862 0.803339
vt 0.768855 0.493083
vt 0.440768 0.355678
vt 0.976154 0.035255
vt 0.800312 0.648096
vt 0.442008 0.368214
vt 0.955232 0.330150
vt 0.981609 0.049323
vt 0.881278 0.061892
vt 0.779225 0.635625
vt 0.975382 0.543342
vt 0.961295 0.674419
vt 0.890493 0.504793
vt 0.794681 0.654706
vt 0.875321 0.048448
vt 0.965029 0.278335
vt 0.765473 0.509309
vt 0.972492 0.561638
vt 0.963769 0.686552
vt 0.963284 0.329006
vt 0.887203 0.520491
vt 0.896850 0.696124
vt 0.753951 0.779824
vt 0.779235 0.366229
vt 0.974613 0.603770
vt 0.737637 0.788571
vt 0.683622 0.032804
vt 0.835959 0.366229
vt 0.859697 0.698778
vt 0.675168 0.042009
vt 0.826172 0.363363
vt 0.953160 0.603770
vt 0.801435 0.367951
vt 0.902148 0.674354
vt 0.763642 0.802570
vt 0.712243 0.085163
vt 0.875621 0.673836
vt 0.838562 0.335101
vt 0.686695 0.094810
vt 0.958491 0.714326
vt 0.981368 0.613936
vt 0.744970 0.805423
vt 0.977730 0.715878
vt 0.822249 0.340627
vt 0.962809 0.619876
vt 0.730303 0.771719
vt 0.780684 0.382478
vt 0.936578 0.367550
vt 0.872560 0.042010
vt 0.803852 0.381211
vt 0.746110 0.759947
vt 0.892834 0.714447
vt 0.932977 0.378045
vt 0.856159 0.718102
vt 0.866073 0.033229
vt 0.923426 0.764847
vt 0.939152 0.736463
vt 0.919662 0.780369
vt 0.949250 0.716414
vt 0.921921 0.229322
vt 0.917616 0.755560
vt 0.916972 0.217636
vt 0.954292 0.730717
vt 0.904040 0.776277
vt 0.786518 0.234705
vt 0.888035 0.134194
vt 0.902148 0.757610
vt 0.929280 0.225784
vt 0.881278 0.076024
vt 0.906686 0.764470
vt 0.779235 0.241521
vt 0.882604 0.067606
vt 0.962221 0.715878
vt 0.933127 0.234705
vt 0.888035 0.153176
vt 0.819045 0.296314
vt 0.829826 0.133494
vt 0.942044 0.106439
vt 0.825850 0.159260
vt 0.940476 0.096370
vt 0.811991 0.302132
vt 0.940350 0.083691
vt 0.803419 0.271510
vt 0.850980 0.145892
vt 0.918690 0.103099
vt 0.919399 0.115472
vt 0.846513 0.175584
vt 0.795878 0.279966
vt 0.918491 0.088995
vt 0.964231 0.360508
vt 0.908001 0.532597
vt 0.774619 0.185468
vt 0.957207 0.366229
vt 0.778524 0.176383
vt 0.956815 0.067515
vt 0.816136 0.670841
vt 0.954234 0.053296
vt 0.808968 0.673836
vt 0.908728 0.517343
vt 0.954921 0.046942
vt 0.771357 0.176383
vt 0.902736 0.378045
vt 0.935642 0.525791
vt 0.902808 0.429126
vt 0.758327 0.169544
vt 0.908245 0.392002
vt 0.930694 0.066547
vt 0.934794 0.412149
vt 0.930037 0.057050
vt 0.953306 0.693493
vt 0.935611 0.402848
vt 0.932480 0.035255
vt 0.933882 0.506166
vt 0.905792 0.746754
vt 0.951423 0.619067
vt 0.787205 0.142150
vt 0.785914 0.115472
vt 0.860041 0.324103
vt 0.953160 0.593130
vt 0.898964 0.644704
vt 0.902148 0.736463
vt 0.779235 0.140501
vt 0.712648 0.056698
vt 0.897110 0.619876
vt 0.695018 0.056625
vt 0.865026 0.333542
vt 0.937353 0.619876
vt 0.925903 0.755560
vt 0.859086 0.289774
vt 0.936669 0.599374
vt 0.916937 0.644930
vt 0.925655 0.746085
vt 0.864531 0.293594
vt 0.917683 0.625726
vt 0.568907 0.348184
vt 0.655914 0.145184
vt 0.641918 0.085759
vt 0.561334 0.325844
vt 0.641918 0.064955
vt 0.641918 0.111642
vt 0.645966 0.641720
vt 0.880960 0.239885
vt 0.635500 0.662638
vt 0.655910 0.116841
vt 0.880587 0.266353
vt 0.971246 0.593130
vt 0.555640 0.310067
vt 0.897110 0.551266
vt 0.559533 0.028015
vt 0.882530 0.532597
vt 0.555008 0.053404
vt 0.648499 0.625469
vt 0.555858 0.362627
vt 0.934794 0.392002
vt 0.671603 0.142856
vt 0.659370 0.657582
vt 0.963245 0.169459
vt 0.540092 0.325215
vt 0.883202 0.569254
vt 0.547140 0.341257
vt 0.934794 0.417627
vt 0.652023 0.085759
vt 0.647907 0.677633
vt 0.671341 0.114507
vt 0.971246 0.569492
vt 0.962566 0.195588
vt 0.663241 0.640241
vt 0.869064 0.549854
vt 0.902736 0.414632
vt 0.771876 0.161291
vt 0.677160 0.071343
vt 0.777301 0.161291
vt 0.674058 0.064955
vt 0.672446 0.102630
vt 0.776379 0.168828
vt 0.676124 0.188687
vt 0.672446 0.094684
vt 0.902736 0.406765
vt 0.771357 0.168896
vt 0.680941 0.187973
vt 0.777121 0.161291
vt 0.957639 0.378045
vt 0.976193 0.513756
vt 0.777121 0.154300
vt 0.958654 0.383814
vt 0.882169 0.064503
vt 0.771423 0.154388
vt 0.881278 0.056511
vt 0.881422 0.051157
vt 0.771357 0.160949
vt 0.975434 0.504793
vt 0.887229 0.235874
vt 0.897395 0.601657
vt 0.968030 0.740403
vt 0.878322 0.234705
vt 0.881108 0.235874
vt 0.897110 0.593130
vt 0.886677 0.239482
vt 0.956636 0.627863
vt 0.967928 0.736463
vt 0.880587 0.236294
vt 0.880587 0.239885
vt 0.956946 0.619876
vt 0.968702 0.489966
vt 0.897110 0.558653
vt 0.820292 0.532597
vt 0.902148 0.803340
vt 0.960873 0.445138
vt 0.820826 0.517681
vt 0.907072 0.821386
vt 0.772564 0.532597
vt 0.961658 0.460947
vt 0.901924 0.543342
vt 0.968702 0.474524
vt 0.765473 0.535211
vt 0.903592 0.543342
vt 0.897110 0.533208
vt 0.902736 0.485515
vt 0.758327 0.154419
vt 0.887203 0.499692
vt 0.758521 0.148279
vt 0.902736 0.445138
vt 0.886306 0.493083
vt 0.764322 0.148279
vt 0.904532 0.452600
vt 0.963936 0.537932
vt 0.904319 0.478193
vt 0.764176 0.154093
vt 0.962752 0.533208
vt 0.931919 0.420197
vt 0.825567 0.434592
vt 0.827327 0.768663
vt 0.939630 0.428667
vt 0.907524 0.367550
vt 0.971869 0.394636
vt 0.828040 0.424012
vt 0.902736 0.376934
vt 0.826262 0.755132
vt 0.964851 0.402848
vt 0.766115 0.148465
vt 0.970559 0.417627
vt 0.860576 0.458351
vt 0.792880 0.779714
vt 0.764322 0.154419
vt 0.974588 0.422003
vt 0.770282 0.148465
vt 0.938429 0.394636
vt 0.861952 0.452850
vt 0.792228 0.772650
vt 0.769257 0.154371
vt 0.934794 0.398880
vt 0.779684 0.480821
vt 0.676307 0.703734
vt 0.974383 0.117596
vt 0.796130 0.489966
vt 0.529097 0.391411
vt 0.974572 0.141685
vt 0.845916 0.825144
vt 0.519881 0.377795
vt 0.951553 0.656772
vt 0.879799 0.819763
vt 0.687559 0.691504
vt 0.983561 0.656772
vt 0.658768 0.756904
vt 0.929145 0.164997
vt 0.931610 0.149871
vt 0.546624 0.446676
vt 0.931870 0.136726
vt 0.540049 0.456862
vt 0.666393 0.765339
vt 0.931395 0.123350
vt 0.622302 0.788983
vt 0.892340 0.149783
vt 0.893702 0.141685
vt 0.584599 0.482303
vt 0.889249 0.144094
vt 0.888460 0.125023
vt 0.583935 0.489966
vt 0.623815 0.795583
vt 0.888035 0.151501
vt 0.888035 0.117596
vt 0.821652 0.701953
vt 0.833870 0.040713
vt 0.821857 0.688329
vt 0.721710 0.040458
vt 0.842211 0.366229
vt 0.715790 0.048448
vt 0.842255 0.375472
vt 0.838425 0.048448
vt 0.771357 0.176231
vt 0.765473 0.681904
vt 0.779235 0.033229
vt 0.777892 0.176383
vt 0.766443 0.673836
vt 0.779235 0.032804
vt 0.902101 0.371245
vt 0.777892 0.168896
vt 0.776003 0.038199
vt 0.902736 0.376377
vt 0.772787 0.170624
vt 0.781373 0.038209
vt 0.575529 0.310432
vt 0.623093 0.647642
vt 0.640479 0.119176
vt 0.440768 0.057379
vt 0.565544 0.055616
vt 0.635784 0.606665
vt 0.581956 0.333740
vt 0.640225 0.147512
vt 0.632563 0.625859
vt 0.441341 0.085728
vt 0.569046 0.292032
vt 0.559533 0.028644
vt 0.552136 0.279754
vt 0.583165 0.043016
vt 0.544051 0.287933
vt 0.532925 0.041297
vt 0.661967 0.594978
vt 0.530270 0.055047
vt 0.654176 0.586545
vt 0.586633 0.057379
vt 0.612455 0.036372
vt 0.547483 0.239389
vt 0.506371 0.044133
vt 0.541452 0.250096
vt 0.504258 0.057379
vt 0.666507 0.554876
vt 0.615336 0.050663
vt 0.660903 0.543620
vt 0.672944 0.028644
vt 0.441131 0.028887
vt 0.493261 0.188687
vt 0.445280 0.028015
vt 0.492689 0.195391
vt 0.444885 0.034754
vt 0.715035 0.497173
vt 0.673714 0.036223
vt 0.440768 0.035607
vt 0.714764 0.489966
vt 0.902736 0.440642
vt 0.759236 0.161047
vt 0.758327 0.176383
vt 0.937553 0.067606
vt 0.955916 0.708135
vt 0.936542 0.059099
vt 0.952727 0.701612
vt 0.921305 0.511754
vt 0.943700 0.041099
vt 0.771287 0.161047
vt 0.921822 0.529194
vt 0.760104 0.188687
vt 0.918001 0.433725
vt 0.952263 0.417627
vt 0.938223 0.700970
vt 0.952844 0.408690
vt 0.936578 0.369765
vt 0.939772 0.715878
vt 0.918857 0.445138
vt 0.938724 0.378045
vt 0.936789 0.708879
vt 0.966213 0.369765
vt 0.956324 0.429126
vt 0.983847 0.406810
vt 0.967314 0.374148
vt 0.903199 0.693493
vt 0.983986 0.402848
vt 0.963561 0.370099
vt 0.957145 0.434294
vt 0.964675 0.373966
vt 0.902148 0.697007
vt 0.948060 0.580386
vt 0.933847 0.201206
vt 0.889823 0.504793
vt 0.942649 0.591487
vt 0.912571 0.278335
vt 0.887203 0.491365
vt 0.632752 0.667630
vt 0.912985 0.262669
vt 0.975233 0.460947
vt 0.640938 0.670744
vt 0.933381 0.185121
vt 0.971882 0.474524
vt 0.891598 0.174990
vt 0.962001 0.495989
vt 0.888153 0.175176
vt 0.972533 0.245157
vt 0.962830 0.491365
vt 0.888035 0.169707
vt 0.972079 0.239885
vt 0.902736 0.460947
vt 0.891729 0.169459
vt 0.903453 0.465647
vt 0.929817 0.022837
vt 0.769769 0.493083
vt 0.771029 0.056625
vt 0.771032 0.490269
vt 0.771889 0.059433
vt 0.787089 0.234705
vt 0.929262 0.027444
vt 0.765473 0.491244
vt 0.781709 0.233230
vt 0.766676 0.490269
vt 0.783094 0.233516
vt 0.979647 0.035255
vt 0.785376 0.158006
vt 0.723244 0.064095
vt 0.981142 0.022837
vt 0.723055 0.077423
vt 0.789108 0.158778
vt 0.799879 0.161983
vt 0.725372 0.084995
vt 0.006397 0.496064
vt 0.506397 0.796064
vt 0.006397 0.839956
vt 0.006397 0.834131
vt 0.335299 0.896064
vt 0.176580 0.896064
vt 0.243602 0.496064
vt 0.506397 0.862653
vt 0.023470 0.796064
vt 0.006397 0.554851
vt 0.331934 0.996064
vt 0.184993 0.996064
vt 0.391664 0.696064
vt 0.132834 0.696064
vt 0.006397 0.760857
vt 0.006397 0.759336
vt 0.461488 0.596064
vt 0.164802 0.596064
vt 0.006397 0.496064
vt 0.506397 0.796064
vt 0.006397 0.839956
vt 0.006397 0.834131
vt 0.335299 0.896064
vt 0.176580 0.896064
vt 0.243602 0.496064
vt 0.506397 0.862653
vt 0.023470 0.796064
vt 0.006397 0.554851
vt 0.331934 0.996064
vt 0.184993 0.996064
vt 0.391664 0.696064
vt 0.132834 0.696064
vt 0.006397 0.760857
vt 0.006397 0.759336
vt 0.461488 0.596064
vt 0.164802 0.596064
vt 0.006397 0.496064
vt 0.506397 0.796064
vt 0.006397 0.839956
vt 0.006397 0.834131
vt 0.335299 0.896064
vt 0.176580 0.896064
vt 0.243602 0.496064
vt 0.506397 0.862653
vt 0.023470 0.796064
vt 0.006397 0.554851
vt 0.331934 0.996064
vt 0.184993 0.996064
vt 0.391664 0.696064
vt 0.132834 0.696064
vt 0.006397 0.760857
vt 0.006397 0.759336
vt 0.461488 0.596064
vt 0.164802 0.596064
vt 0.006397 0.496064
vt 0.506397 0.796064
vt 0.006397 0.839956
vt 0.006397 0.834131
vt 0.335299 0.896064
vt 0.176580 0.896064
vt 0.243602 0.496064
vt 0.506397 0.862653
vt 0.023470 0.796064
vt 0.006397 0.554851
vt 0.331934 0.996064
vt 0.184993 0.996064
vt 0.391664 0.696064
vt 0.132834 0.696064
vt 0.006397 0.760857
vt 0.006397 0.759336
vt 0.461488 0.596064
vt 0.164802 0.596064
vt 0.006397 0.496064
vt 0.506397 0.796064
vt 0.006397 0.839956
vt 0.006397 0.834131
vt 0.335299 0.896064
vt 0.176580 0.896064
vt 0.243602 0.496064
vt 0.506397 0.862653
vt 0.023470 0.796064
vt 0.006397 0.554851
vt 0.331934 0.996064
vt 0.184993 0.996064
vt 0.391664 0.696064
vt 0.132834 0.696064
vt 0.006397 0.760857
vt 0.006397 0.759336
vt 0.461488 0.596064
vt 0.164802 0.596064
vt 0.006397 0.496064
vt 0.506397 0.796064
vt 0.006397 0.839956
vt 0.006397 0.834131
vt 0.335299 0.896064
vt 0.176580 0.896064
vt 0.243602 0.496064
vt 0.506397 0.862653
vt 0.023470 0.796064
vt 0.006397 0.554851
vt 0.331934 0.996064
vt 0.184993 0.996064
vt 0.391664 0.696064
vt 0.132834 0.696064
vt 0.006397 0.760857
vt 0.006397 0.759336
vt 0.461488 0.596064
vt 0.164802 0.596064
vt 0.006397 0.496064
vt 0.506397 0.796064
vt 0.006397 0.839956
vt 0.006397 0.834131
vt 0.335299 0.896064
vt 0.176580 0.896064
vt 0.243602 0.496064
vt 0.506397 0.862653
vt 0.023470 0.796064
vt 0.006397 0.554851
vt 0.331934 0.996064
vt 0.184993 0.996064
vt 0.391664 0.696064
vt 0.132834 0.696064
vt 0.006397 0.760857
vt 0.006397 0.759336
vt 0.461488 0.596064
vt 0.164802 0.596064
vt 0.006397 0.496064
vt 0.506397 0.796064
vt 0.006397 0.839956
vt 0.006397 0.834131
vt 0.335299 0.896064
vt 0.176580 0.896064
vt 0.243602 0.496064
vt 0.506397 0.862653
vt 0.023470 0.796064
vt 0.006397 0.554851
vt 0.331934 0.996064
vt 0.184993 0.996064
vt 0.391664 0.696064
vt 0.132834 0.696064
vt 0.006397 0.760857
vt 0.006397 0.759336
vt 0.461488 0.596064
vt 0.164802 0.596064
vt 0.006397 0.496064
vt 0.506397 0.796064
vt 0.006397 0.839956
vt 0.006397 0.834131
vt 0.335299 0.896064
vt 0.176580 0.896064
vt 0.243602 0.496064
vt 0.506397 0.862653
vt 0.023470 0.796064
vt 0.006397 0.554851
vt 0.331934 0.996064
vt 0.184993 0.996064
vt 0.391664 0.696064
vt 0.132834 0.696064
vt 0.006397 0.760857
vt 0.006397 0.759336
vt 0.461488 0.596064
vt 0.164802 0.596064
vt 0.006397 0.496064
vt 0.506397 0.796064
vt 0.006397 0.839956
vt 0.006397 0.834131
vt 0.335299 0.896064
vt 0.176580 0.896064
vt 0.243602 0.496064
vt 0.506397 0.862653
vt 0.023470 0.796064
vt 0.006397 0.554851
vt 0.331934 0.996064
vt 0.184993 0.996064
vt 0.391664 0.696064
vt 0.132834 0.696064
vt 0.006397 0.760857
vt 0.006397 0.759336
vt 0.461488 0.596064
vt 0.164802 0.596064
vt 0.006397 0.496064
vt 0.506397 0.796064
vt 0.006397 0.839956
vt 0.006397 0.834131
vt 0.335299 0.896064
vt 0.176580 0.896064
vt 0.243602 0.496064
vt 0.506397 0.862653
vt 0.023470 0.796064
vt 0.006397 0.554851
vt 0.331934 0.996064
vt 0.184993 0.996064
vt 0.391664 0.696064
vt 0.132834 0.696064
vt 0.006397 0.760857
vt 0.006397 0.759336
vt 0.461488 0.596064
vt 0.164802 0.596064
vt 0.006397 0.496064
vt 0.506397 0.796064
vt 0.006397 0.839956
vt 0.006397 0.834131
vt 0.335299 0.896064
vt 0.176580 0.896064
vt 0.243602 0.496064
vt 0.506397 0.862653
vt 0.023470 0.796064
vt 0.006397 0.554851
vt 0.331934 0.996064
vt 0.184993 0.996064
vt 0.391664 0.696064
vt 0.132834 0.696064
vt 0.006397 0.760857
vt 0.006397 0.759336
vt 0.461488 0.596064
vt 0.164802 0.596064
vt 0.006397 0.496064
vt 0.506397 0.796064
vt 0.006397 0.839956
vt 0.006397 0.834131
vt 0.335299 0.896064
vt 0.176580 0.896064
vt 0.243602 0.496064
vt 0.506397 0.862653
vt 0.023470 0.796064
vt 0.006397 0.554851
vt 0.331934 0.996064
vt 0.184993 0.996064
vt 0.391664 0.696064
vt 0.132834 0.696064
vt 0.006397 0.760857
vt 0.006397 0.759336
vt 0.461488 0.596064
vt 0.164802 0.596064
vt 0.006397 0.496064
vt 0.506397 0.796064
vt 0.006397 0.839956
vt 0.006397 0.834131
vt 0.335299 0.896064
vt 0.176580 0.896064
vt 0.243602 0.496064
vt 0.506397 0.862653
vt 0.023470 0.796064
vt 0.006397 0.554851
vt 0.331934 0.996064
vt 0.184993 0.996064
vt 0.391664 0.696064
vt 0.132834 0.696064
vt 0.006397 0.760857
vt 0.006397 0.759336
vt 0.461488 0.596064
vt 0.164802 0.596064
vt 0.006397 0.496064
vt 0.506397 0.796064
vt 0.006397 0.839956
vt 0.006397 0.834131
vt 0.335299 0.896064
vt 0.176580 0.896064
vt 0.243602 0.496064
vt 0.506397 0.862653
vt 0.023470 0.796064
vt 0.006397 0.554851
vt 0.331934 0.996064
vt 0.184993 0.996064
vt 0.391664 0.696064
vt 0.132834 0.696064
vt 0.006397 0.760857
vt 0.006397 0.759336
vt 0.461488 0.596064
vt 0.164802 0.596064
vt 0.006397 0.496064
vt 0.506397 0.796064
vt 0.006397 0.839956
vt 0.006397 0.834131
vt 0.335299 0.896064
vt 0.176580 0.896064
vt 0.243602 0.496064
vt 0.506397 0.862653
vt 0.023470 0.796064
vt 0.006397 0.554851
vt 0.331934 0.996064
vt 0.184993 0.996064
vt 0.391664 0.696064
vt 0.132834 0.696064
vt 0.006397 0.760857
vt 0.006397 0.759336
vt 0.461488 0.596064
vt 0.164802 0.596064
vt 0.006397 0.496064
vt 0.506397 0.796064
vt 0.006397 0.839956
vt 0.006397 0.834131
vt 0.335299 0.896064
vt 0.176580 0.896064
vt 0.243602 0.496064
vt 0.506397 0.862653
vt 0.023470 0.796064
vt 0.006397 0.554851
vt 0.331934 0.996064
vt 0.184993 0.996064
vt 0.391664 0.696064
vt 0.132834 0.696064
vt 0.006397 0.760857
vt 0.006397 0.759336
vt 0.461488 0.596064
vt 0.164802 0.596064
vt 0.006397 0.496064
vt 0.506397 0.796064
vt 0.006397 0.839956
vt 0.006397 0.834131
vt 0.335299 0.896064
vt 0.176580 0.896064
vt 0.243602 0.496064
vt 0.506397 0.862653
vt 0.023470 0.796064
vt 0.006397 0.554851
vt 0.331934 0.996064
vt 0.184993 0.996064
vt 0.391664 0.696064
vt 0.132834 0.696064
vt 0.006397 0.760857
vt 0.006397 0.759336
vt 0.461488 0.596064
vt 0.164802 0.596064
vt 0.006397 0.496064
vt 0.506397 0.796064
vt 0.006397 0.839956
vt 0.006397 0.834131
vt 0.335299 0.896064
vt 0.176580 0.896064
vt 0.243602 0.496064
vt 0.506397 0.862653
vt 0.023470 0.796064
vt 0.006397 0.554851
vt 0.331934 0.996064
vt 0.184993 0.996064
vt 0.391664 0.696064
vt 0.132834 0.696064
vt 0.006397 0.760857
vt 0.006397 0.759336
vt 0.461488 0.596064
vt 0.164802 0.596064
vt 0.006397 0.496064
vt 0.506397 0.796064
vt 0.006397 0.839956
vt 0.006397 0.834131
vt 0.335299 0.896064
vt 0.176580 0.896064
vt 0.243602 0.496064
vt 0.506397 0.862653
vt 0.023470 0.796064
vt 0.006397 0.554851
vt 0.331934 0.996064
vt 0.184993 0.996064
vt 0.391664 0.696064
vt 0.132834 0.696064
vt 0.006397 0.760857
vt 0.006397 0.759336
vt 0.461488 0.596064
vt 0.164802 0.596064
vt 0.006397 0.496064
vt 0.506397 0.796064
vt 0.006397 0.839956
vt 0.006397 0.834131
vt 0.335299 0.896064
vt 0.176580 0.896064
vt 0.243602 0.496064
vt 0.506397 0.862653
vt 0.023470 0.796064
vt 0.006397 0.554851
vt 0.331934 0.996064
vt 0.184993 0.996064
vt 0.391664 0.696064
vt 0.132834 0.696064
vt 0.006397 0.760857
vt 0.006397 0.759336
vt 0.461488 0.596064
vt 0.164802 0.596064
vt 0.006397 0.496064
vt 0.506397 0.796064
vt 0.006397 0.839956
vt 0.006397 0.834131
vt 0.335299 0.896064
vt 0.176580 0.896064
vt 0.243602 0.496064
vt 0.506397 0.862653
vt 0.023470 0.796064
vt 0.006397 0.554851
vt 0.331934 0.996064
vt 0.184993 0.996064
vt 0.391664 0.696064
vt 0.132834 0.696064
vt 0.006397 0.760857
vt 0.006397 0.759336
vt 0.461488 0.596064
vt 0.164802 0.596064
vt 0.006397 0.496064
vt 0.506397 0.796064
vt 0.006397 0.839956
vt 0.006397 0.834131
vt 0.335299 0.896064
vt 0.176580 0.896064
vt 0.243602 0.496064
vt 0.506397 0.862653
vt 0.023470 0.796064
vt 0.006397 0.554851
vt 0.331934 0.996064
vt 0.184993 0.996064
vt 0.391664 0.696064
vt 0.132834 0.696064
vt 0.006397 0.760857
vt 0.006397 0.759336
vt 0.461488 0.596064
vt 0.164802 0.596064
vt 0.006397 0.496064
vt 0.506397 0.796064
vt 0.006397 0.839956
vt 0.006397 0.834131
vt 0.335299 0.896064
vt 0.176580 0.896064
vt 0.243602 0.496064
vt 0.506397 0.862653
vt 0.023470 0.796064
vt 0.006397 0.554851
vt 0.331934 0.996064
vt 0.184993 0.996064
vt 0.391664 0.696064
vt 0.132834 0.696064
vt 0.006397 0.760857
vt 0.006397 0.759336
vt 0.461488 0.596064
vt 0.164802 0.596064
vt 0.006397 0.496064
vt 0.506397 0.796064
vt 0.006397 0.839956
vt 0.006397 0.834131
vt 0.335299 0.896064
vt 0.176580 0.896064
vt 0.243602 0.496064
vt 0.506397 0.862653
vt 0.023470 0.796064
vt 0.006397 0.554851
vt 0.331934 0.996064
vt 0.184993 0.996064
vt 0.391664 0.696064
vt 0.132834 0.696064
vt 0.006397 0.760857
vt 0.006397 0.759336
vt 0.461488 0.596064
vt 0.164802 0.596064
vt 0.006397 0.496064
vt 0.506397 0.796064
vt 0.006397 0.839956
vt 0.006397 0.834131
vt 0.335299 0.896064
vt 0.176580 0.896064
vt 0.243602 0.496064
vt 0.506397 0.862653
vt 0.023470 0.796064
vt 0.006397 0.554851
vt 0.331934 0.996064
vt 0.184993 0.996064
vt 0.391664 0.696064
vt 0.132834 0.696064
vt 0.006397 0.760857
vt 0.006397 0.759336
vt 0.461488 0.596064
vt 0.164802 0.596064
vt 0.006397 0.496064
vt 0.506397 0.796064
vt 0.006397 0.839956
vt 0.006397 0.834131
vt 0.335299 0.896064
vt 0.176580 0.896064
vt 0.243602 0.496064
vt 0.506397 0.862653
vt 0.023470 0.796064
vt 0.006397 0.554851
vt 0.331934 0.996064
vt 0.184993 0.996064
vt 0.391664 0.696064
vt 0.132834 0.696064
vt 0.006397 0.760857
vt 0.006397 0.759336
vt 0.461488 0.596064
vt 0.164802 0.596064
vt 0.006397 0.496064
vt 0.506397 0.796064
vt 0.006397 0.839956
vt 0.006397 0.834131
vt 0.335299 0.896064
vt 0.176580 0.896064
vt 0.243602 0.496064
vt 0.506397 0.862653
vt 0.023470 0.796064
vt 0.006397 0.554851
vt 0.331934 0.996064
vt 0.184993 0.996064
vt 0.391664 0.696064
vt 0.132834 0.696064
vt 0.006397 0.760857
vt 0.006397 0.759336
vt 0.461488 0.596064
vt 0.164802 0.596064
vt 0.006397 0.496064
vt 0.506397 0.796064
vt 0.006397 0.839956
vt 0.006397 0.834131
vt 0.335299 0.896064
vt 0.176580 0.896064
vt 0.243602 0.496064
vt 0.506397 0.862653
vt 0.023470 0.796064
vt 0.006397 0.554851
vt 0.331934 0.996064
vt 0.184993 0.996064
vt 0.391664 0.696064
vt 0.132834 0.696064
vt 0.006397 0.760857
vt 0.006397 0.759336
vt 0.461488 0.596064
vt 0.164802 0.596064
vt 0.006397 0.496064
vt 0.506397 0.796064
vt 0.006397 0.839956
vt 0.006397 0.834131
vt 0.335299 0.896064
vt 0.176580 0.896064
vt 0.243602 0.496064
vt 0.506397 0.862653
vt 0.023470 0.796064
vt 0.006397 0.554851
vt 0.331934 0.996064
vt 0.184993 0.996064
vt 0.391664 0.696064
vt 0.132834 0.696064
vt 0.006397 0.760857
vt 0.006397 0.759336
vt 0.461488 0.596064
vt 0.164802 0.596064
vt 0.006397 0.496064
vt 0.506397 0.796064
vt 0.006397 0.839956
vt 0.006397 0.834131
vt 0.335299 0.896064
vt 0.176580 0.896064
vt 0.243602 0.496064
vt 0.506397 0.862653
vt 0.023470 0.796064
vt 0.006397 0.554851
vt 0.331934 0.996064
vt 0.184993 0.996064
vt 0.391664 0.696064
vt 0.132834 0.696064
vt 0.006397 0.760857
vt 0.006397 0.759336
vt 0.461488 0.596064
vt 0.164802 0.596064
vt 0.006397 0.496064
vt 0.506397 0.796064
vt 0.006397 0.839956
vt 0.006397 0.834131
vt 0.335299 0.896064
vt 0.176580 0.896064
vt 0.243602 0.496064
vt 0.506397 0.862653
vt 0.023470 0.796064
vt 0.006397 0.554851
vt 0.331934 0.996064
vt 0.184993 0.996064
vt 0.391664 0.696064
vt 0.132834 0.696064
vt 0.006397 0.760857
vt 0.006397 0.759336
vt 0.461488 0.596064
vt 0.164802 0.596064
vt 0.006397 0.496064
vt 0.506397 0.796064
vt 0.006397 0.839956
vt 0.006397 0.834131
vt 0.335299 0.896064
vt 0.176580 0.896064
vt 0.243602 0.496064
vt 0.506397 0.862653
vt 0.023470 0.796064
vt 0.006397 0.554851
vt 0.331934 0.996064
vt 0.184993 0.996064
vt 0.391664 0.696064
vt 0.132834 0.696064
vt 0.006397 0.760857
vt 0.006397 0.759336
vt 0.461488 0.596064
vt 0.164802 0.596064
vt 0.006397 0.496064
vt 0.506397 0.796064
vt 0.006397 0.839956
vt 0.006397 0.834131
vt 0.335299 0.896064
vt 0.176580 0.896064
vt 0.243602 0.496064
vt 0.506397 0.862653
vt 0.023470 0.796064
vt 0.006397 0.554851
vt 0.331934 0.996064
vt 0.184993 0.996064
vt 0.391664 0.696064
vt 0.132834 0.696064
vt 0.006397 0.760857
vt 0.006397 0.759336
vt 0.461488 0.596064
vt 0.164802 0.596064
vt 0.006397 0.496064
vt 0.506397 0.796064
vt 0.006397 0.839956
vt 0.006397 0.834131
vt 0.335299 0.896064
vt 0.176580 0.896064
vt 0.243602 0.496064
vt 0.506397 0.862653
vt 0.023470 0.796064
vt 0.006397 0.554851
vt 0.331934 0.996064
vt 0.184993 0.996064
vt 0.391664 0.696064
vt 0.132834 0.696064
vt 0.006397 0.760857
vt 0.006397 0.759336
vt 0.461488 0.596064
vt 0.164802 0.596064
vt 0.006397 0.496064
vt 0.506397 0.796064
vt 0.006397 0.839956
vt 0.006397 0.834131
vt 0.335299 0.896064
vt 0.176580 0.896064
vt 0.243602 0.496064
vt 0.506397 0.862653
vt 0.023470 0.796064
vt 0.006397 0.554851
vt 0.331934 0.996064
vt 0.184993 0.996064
vt 0.391664 0.696064
vt 0.132834 0.696064
vt 0.006397 0.760857
vt 0.006397 0.759336
vt 0.461488 0.596064
vt 0.164802 0.596064
vt 0.006397 0.496064
vt 0.506397 0.796064
vt 0.006397 0.839956
vt 0.006397 0.834131
vt 0.335299 0.896064
vt 0.176580 0.896064
vt 0.243602 0.496064
vt 0.506397 0.862653
vt 0.023470 0.796064
vt 0.006397 0.554851
vt 0.331934 0.996064
vt 0.184993 0.996064
vt 0.391664 0.696064
vt 0.132834 0.696064
vt 0.006397 0.760857
vt 0.006397 0.759336
vt 0.461488 0.596064
vt 0.164802 0.596064
vt 0.006397 0.496064
vt 0.506397 0.796064
vt 0.006397 0.839956
vt 0.006397 0.834131
vt 0.335299 0.896064
vt 0.176580 0.896064
vt 0.243602 0.496064
vt 0.506397 0.862653
vt 0.023470 0.796064
vt 0.006397 0.554851
vt 0.331934 0.996064
vt 0.184993 0.996064
vt 0.391664 0.696064
vt 0.132834 0.696064
vt 0.006397 0.760857
vt 0.006397 0.759336
vt 0.461488 0.596064
vt 0.164802 0.596064
vt 0.006397 0.496064
vt 0.506397 0.796064
vt 0.006397 0.839956
vt 0.006397 0.834131
vt 0.335299 0.896064
vt 0.176580 0.896064
vt 0.243602 0.496064
vt 0.506397 0.862653
vt 0.023470 0.796064
vt 0.006397 0.554851
vt 0.331934 0.996064
vt 0.184993 0.996064
vt 0.391664 0.696064
vt 0.132834 0.696064
vt 0.006397 0.760857
vt 0.006397 0.759336
vt 0.461488 0.596064
vt 0.164802 0.596064
vt 0.006397 0.496064
vt 0.506397 0.796064
vt 0.006397 0.839956
vt 0.006397 0.834131
vt 0.335299 0.896064
vt 0.176580 0.896064
vt 0.243602 0.496064
vt 0.506397 0.862653
vt 0.023470 0.796064
vt 0.006397 0.554851
vt 0.331934 0.996064
vt 0.184993 0.996064
vt 0.391664 0.696064
vt 0.132834 0.696064
vt 0.006397 0.760857
vt 0.006397 0.759336
vt 0.461488 0.596064
vt 0.164802 0.596064
vt 0.006397 0.496064
vt 0.506397 0.796064
vt 0.006397 0.839956
vt 0.006397 0.834131
vt 0.335299 0.896064
vt 0.176580 0.896064
vt 0.243602 0.496064
vt 0.506397 0.862653
vt 0.023470 0.796064
vt 0.006397 0.554851
vt 0.331934 0.996064
vt 0.184993 0.996064
vt 0.391664 0.696064
vt 0.132834 0.696064
vt 0.006397 0.760857
vt 0.006397 0.759336
vt 0.461488 0.596064
vt 0.164802 0.596064
vt 0.006397 0.496064
vt 0.506397 0.796064
vt 0.006397 0.839956
vt 0.006397 0.834131
vt 0.335299 0.896064
vt 0.176580 0.896064
vt 0.243602 0.496064
vt 0.506397 0.862653
vt 0.023470 0.796064
vt 0.006397 0.554851
vt 0.331934 0.996064
vt 0.184993 0.996064
vt 0.391664 0.696064
vt 0.132834 0.696064
vt 0.006397 0.760857
vt 0.006397 0.759336
vt 0.461488 0.596064
vt 0.164802 0.596064
vt 0.006397 0.496064
vt 0.506397 0.796064
vt 0.006397 0.839956
vt 0.006397 0.834131
vt 0.335299 0.896064
vt 0.176580 0.896064
vt 0.243602 0.496064
vt 0.506397 0.862653
vt 0.023470 0.796064
vt 0.006397 0.554851
vt 0.331934 0.996064
vt 0.184993 0.996064
vt 0.391664 0.696064
vt 0.132834 0.696064
vt 0.006397 0.760857
vt 0.006397 0.759336
vt 0.461488 0.596064
vt 0.164802 0.596064
vt 0.006397 0.496064
vt 0.506397 0.796064
vt 0.006397 0.839956
vt 0.006397 0.834131
vt 0.335299 0.896064
vt 0.176580 0.896064
vt 0.243602 0.496064
vt 0.506397 0.862653
vt 0.023470 0.796064
vt 0.006397 0.554851
vt 0.331934 0.996064
vt 0.184993 0.996064
vt 0.391664 0.696064
vt 0.132834 0.696064
vt 0.006397 0.760857
vt 0.006397 0.759336
vt 0.461488 0.596064
vt 0.164802 0.596064
vt 0.006397 0.496064
vt 0.506397 0.796064
vt 0.006397 0.839956
vt 0.006397 0.834131
vt 0.335299 0.896064
vt 0.176580 0.896064
vt 0.243602 0.496064
vt 0.506397 0.862653
vt 0.023470 0.796064
vt 0.006397 0.554851
vt 0.331934 0.996064
vt 0.184993 0.996064
vt 0.391664 0.696064
vt 0.132834 0.696064
vt 0.006397 0.760857
vt 0.006397 0.759336
vt 0.461488 0.596064
vt 0.164802 0.596064
vt 0.006397 0.496064
vt 0.506397 0.796064
vt 0.006397 0.839956
vt 0.006397 0.834131
vt 0.335299 0.896064
vt 0.176580 0.896064
vt 0.243602 0.496064
vt 0.506397 0.862653
vt 0.023470 0.796064
vt 0.006397 0.554851
vt 0.331934 0.996064
vt 0.184993 0.996064
vt 0.391664 0.696064
vt 0.132834 0.696064
vt 0.006397 0.760857
vt 0.006397 0.759336
vt 0.461488 0.596064
vt 0.164802 0.596064
vt 0.006397 0.496064
vt 0.506397 0.796064
vt 0.006397 0.839956
vt 0.006397 0.834131
vt 0.335299 0.896064
vt 0.176580 0.896064
vt 0.243602 0.496064
vt 0.506397 0.862653
vt 0.023470 0.796064
vt 0.006397 0.554851
vt 0.331934 0.996064
vt 0.184993 0.996064
vt 0.391664 0.696064
vt 0.132834 0.696064
vt 0.006397 0.760857
vt 0.006397 0.759336
vt 0.461488 0.596064
vt 0.164802 0.596064
vt 0.006397 0.496064
vt 0.506397 0.796064
vt 0.006397 0.839956
vt 0.006397 0.834131
vt 0.335299 0.896064
vt 0.176580 0.896064
vt 0.243602 0.496064
vt 0.506397 0.862653
vt 0.023470 0.796064
vt 0.006397 0.554851
vt 0.331934 0.996064
vt 0.184993 0.996064
vt 0.391664 0.696064
vt 0.132834 0.696064
vt 0.006397 0.760857
vt 0.006397 0.759336
vt 0.461488 0.596064
vt 0.164802 0.596064
vt 0.006397 0.496064
vt 0.506397 0.796064
vt 0.006397 0.839956
vt 0.006397 0.834131
vt 0.335299 0.896064
vt 0.176580 0.896064
vt 0.243602 0.496064
vt 0.506397 0.862653
vt 0.023470 0.796064
vt 0.006397 0.554851
vt 0.331934 0.996064
vt 0.184993 0.996064
vt 0.391664 0.696064
vt 0.132834 0.696064
vt 0.006397 0.760857
vt 0.006397 0.759336
vt 0.461488 0.596064
vt 0.164802 0.596064
vt 0.006397 0.496064
vt 0.506397 0.796064
vt 0.006397 0.839956
vt 0.006397 0.834131
vt 0.335299 0.896064
vt 0.176580 0.896064
vt 0.243602 0.496064
vt 0.506397 0.862653
vt 0.023470 0.796064
vt 0.006397 0.554851
vt 0.331934 0.996064
vt 0.184993 0.996064
vt 0.391664 0.696064
vt 0.132834 0.696064
vt 0.006397 0.760857
vt 0.006397 0.759336
vt 0.461488 0.596064
vt 0.164802 0.596064
vt 0.006397 0.496064
vt 0.506397 0.796064
vt 0.006397 0.839956
vt 0.006397 0.834131
vt 0.335299 0.896064
vt 0.176580 0.896064
vt 0.243602 0.496064
vt 0.506397 0.862653
vt 0.023470 0.796064
vt 0.006397 0.554851
vt 0.331934 0.996064
vt 0.184993 0.996064
vt 0.391664 0.696064
vt 0.132834 0.696064
vt 0.006397 0.760857
vt 0.006397 0.759336
vt 0.461488 0.596064
vt 0.164802 0.596064
vt 0.006397 0.496064
vt 0.506397 0.796064
vt 0.006397 0.839956
vt 0.006397 0.834131
vt 0.335299 0.896064
vt 0.176580 0.896064
vt 0.243602 0.496064
vt 0.506397 0.862653
vt 0.023470 0.796064
vt 0.006397 0.554851
vt 0.331934 0.996064
vt 0.184993 0.996064
vt 0.391664 0.696064
vt 0.132834 0.696064
vt 0.006397 0.760857
vt 0.006397 0.759336
vt 0.461488 0.596064
vt 0.164802 0.596064
vt 0.006397 0.496064
vt 0.506397 0.796064
vt 0.006397 0.839956
vt 0.006397 0.834131
vt 0.335299 0.896064
vt 0.176580 0.896064
vt 0.243602 0.496064
vt 0.506397 0.862653
vt 0.023470 0.796064
vt 0.006397 0.554851
vt 0.331934 0.996064
vt 0.184993 0.996064
vt 0.391664 0.696064
vt 0.132834 0.696064
vt 0.006397 0.760857
vt 0.006397 0.759336
vt 0.461488 0.596064
vt 0.164802 0.596064
vt 0.006397 0.496064
vt 0.506397 0.796064
vt 0.006397 0.839956
vt 0.006397 0.834131
vt 0.335299 0.896064
vt 0.176580 0.896064
vt 0.243602 0.496064
vt 0.506397 0.862653
vt 0.023470 0.796064
vt 0.006397 0.554851
vt 0.331934 0.996064
vt 0.184993 0.996064
vt 0.391664 0.696064
vt 0.132834 0.696064
vt 0.006397 0.760857
vt 0.006397 0.759336
vt 0.461488 0.596064
vt 0.164802 0.596064
vt 0.006397 0.496064
vt 0.506397 0.796064
vt 0.006397 0.839956
vt 0.006397 0.834131
vt 0.335299 0.896064
vt 0.176580 0.896064
vt 0.243602 0.496064
vt 0.506397 0.862653
vt 0.023470 0.796064
vt 0.006397 0.554851
vt 0.331934 0.996064
vt 0.184993 0.996064
vt 0.391664 0.696064
vt 0.132834 0.696064
vt 0.006397 0.760857
vt 0.006397 0.759336
vt 0.461488 0.596064
vt 0.164802 0.596064
vt 0.006397 0.496064
vt 0.506397 0.796064
vt 0.006397 0.839956
vt 0.006397 0.834131
vt 0.335299 0.896064
vt 0.176580 0.896064
vt 0.243602 0.496064
vt 0.506397 0.862653
vt 0.023470 0.796064
vt 0.006397 0.554851
vt 0.331934 0.996064
vt 0.184993 0.996064
vt 0.391664 0.696064
vt 0.132834 0.696064
vt 0.006397 0.760857
vt 0.006397 0.759336
vt 0.461488 0.596064
vt 0.164802 0.596064
vt 0.006397 0.496064
vt 0.506397 0.796064
vt 0.006397 0.839956
vt 0.006397 0.834131
vt 0.335299 0.896064
vt 0.176580 0.896064
vt 0.243602 0.496064
vt 0.506397 0.862653
vt 0.023470 0.796064
vt 0.006397 0.554851
vt 0.331934 0.996064
vt 0.184993 0.996064
vt 0.391664 0.696064
vt 0.132834 0.696064
vt 0.006397 0.760857
vt 0.006397 0.759336
vt 0.461488 0.596064
vt 0.164802 0.596064
vt 0.006397 0.496064
vt 0.506397 0.796064
vt 0.006397 0.839956
vt 0.006397 0.834131
vt 0.335299 0.896064
vt 0.176580 0.896064
vt 0.243602 0.496064
vt 0.506397 0.862653
vt 0.023470 0.796064
vt 0.006397 0.554851
vt 0.331934 0.996064
vt 0.184993 0.996064
vt 0.391664 0.696064
vt 0.132834 0.696064
vt 0.006397 0.760857
vt 0.006397 0.759336
vt 0.461488 0.596064
vt 0.164802 0.596064
vt 0.006397 0.496064
vt 0.506397 0.796064
vt 0.006397 0.839956
vt 0.006397 0.834131
vt 0.335299 0.896064
vt 0.176580 0.896064
vt 0.243602 0.496064
vt 0.506397 0.862653
vt 0.023470 0.796064
vt 0.006397 0.554851
vt 0.331934 0.996064
vt 0.184993 0.996064
vt 0.391664 0.696064
vt 0.132834 0.696064
vt 0.006397 0.760857
vt 0.006397 0.759336
vt 0.461488 0.596064
vt 0.164802 0.596064
vt 0.006397 0.496064
vt 0.506397 0.796064
vt 0.006397 0.839956
vt 0.006397 0.834131
vt 0.335299 0.896064
vt 0.176580 0.896064
vt 0.243602 0.496064
vt 0.506397 0.862653
vt 0.023470 0.796064
vt 0.006397 0.554851
vt 0.331934 0.996064
vt 0.184993 0.996064
vt 0.391664 0.696064
vt 0.132834 0.696064
vt 0.006397 0.760857
vt 0.006397 0.759336
vt 0.461488 0.596064
vt 0.164802 0.596064
vt 0.006397 0.496064
vt 0.506397 0.796064
vt 0.006397 0.839956
vt 0.006397 0.834131
vt 0.335299 0.896064
vt 0.176580 0.896064
vt 0.243602 0.496064
vt 0.506397 0.862653
vt 0.023470 0.796064
vt 0.006397 0.554851
vt 0.331934 0.996064
vt 0.184993 0.996064
vt 0.391664 0.696064
vt 0.132834 0.696064
vt 0.006397 0.760857
vt 0.006397 0.759336
vt 0.461488 0.596064
vt 0.164802 0.596064
vt 0.006397 0.496064
vt 0.506397 0.796064
vt 0.006397 0.839956
vt 0.006397 0.834131
vt 0.335299 0.896064
vt 0.176580 0.896064
vt 0.243602 0.496064
vt 0.506397 0.862653
vt 0.023470 0.796064
vt 0.006397 0.554851
vt 0.331934 0.996064
vt 0.184993 0.996064
vt 0.391664 0.696064
vt 0.132834 0.696064
vt 0.006397 0.760857
vt 0.006397 0.759336
vt 0.461488 0.596064
vt 0.164802 0.596064
vt 0.006397 0.496064
vt 0.506397 0.796064
vt 0.006397 0.839956
vt 0.006397 0.834131
vt 0.335299 0.896064
vt 0.176580 0.896064
vt 0.243602 0.496064
vt 0.506397 0.862653
vt 0.023470 0.796064
vt 0.006397 0.554851
vt 0.331934 0.996064
vt 0.184993 0.996064
vt 0.391664 0.696064
vt 0.132834 0.696064
vt 0.006397 0.760857
vt 0.006397 0.759336
vt 0.461488 0.596064
vt 0.164802 0.596064
vt 0.006397 0.496064
vt 0.506397 0.796064
vt 0.006397 0.839956
vt 0.006397 0.834131
vt 0.335299 0.896064
vt 0.176580 0.896064
vt 0.243602 0.496064
vt 0.506397 0.862653
vt 0.023470 0.796064
vt 0.006397 0.554851
vt 0.331934 0.996064
vt 0.184993 0.996064
vt 0.391664 0.696064
vt 0.132834 0.696064
vt 0.006397 0.760857
vt 0.006397 0.759336
vt 0.461488 0.596064
vt 0.164802 0.596064
vt 0.006397 0.496064
vt 0.506397 0.796064
vt 0.006397 0.839956
vt 0.006397 0.834131
vt 0.335299 0.896064
vt 0.176580 0.896064
vt 0.243602 0.496064
vt 0.506397 0.862653
vt 0.023470 0.796064
vt 0.006397 0.554851
vt 0.331934 0.996064
vt 0.184993 0.996064
vt 0.391664 0.696064
vt 0.132834 0.696064
vt 0.006397 0.760857
vt 0.006397 0.759336
vt 0.461488 0.596064
vt 0.164802 0.596064
vt 0.006397 0.496064
vt 0.506397 0.796064
vt 0.006397 0.839956
vt 0.006397 0.834131
vt 0.335299 0.896064
vt 0.176580 0.896064
vt 0.243602 0.496064
vt 0.506397 0.862653
vt 0.023470 0.796064
vt 0.006397 0.554851
vt 0.331934 0.996064
vt 0.184993 0.996064
vt 0.391664 0.696064
vt 0.132834 0.696064
vt 0.006397 0.760857
vt 0.006397 0.759336
vt 0.461488 0.596064
vt 0.164802 0.596064
vt 0.006397 0.496064
vt 0.506397 0.796064
vt 0.006397 0.839956
vt 0.006397 0.834131
vt 0.335299 0.896064
vt 0.176580 0.896064
vt 0.243602 0.496064
vt 0.506397 0.862653
vt 0.023470 0.796064
vt 0.006397 0.554851
vt 0.331934 0.996064
vt 0.184993 0.996064
vt 0.391664 0.696064
vt 0.132834 0.696064
vt 0.006397 0.760857
vt 0.006397 0.759336
vt 0.461488 0.596064
vt 0.164802 0.596064
vt 0.006397 0.496064
vt 0.506397 0.796064
vt 0.006397 0.839956
vt 0.006397 0.834131
vt 0.335299 0.896064
vt 0.176580 0.896064
vt 0.243602 0.496064
vt 0.506397 0.862653
vt 0.023470 0.796064
vt 0.006397 0.554851
vt 0.331934 0.996064
vt 0.184993 0.996064
vt 0.391664 0.696064
vt 0.132834 0.696064
vt 0.006397 0.760857
vt 0.006397 0.759336
vt 0.461488 0.596064
vt 0.164802 0.596064
vt 0.006397 0.496064
vt 0.506397 0.796064
vt 0.006397 0.839956
vt 0.006397 0.834131
vt 0.335299 0.896064
vt 0.176580 0.896064
vt 0.243602 0.496064
vt 0.506397 0.862653
vt 0.023470 0.796064
vt 0.006397 0.554851
vt 0.331934 0.996064
vt 0.184993 0.996064
vt 0.391664 0.696064
vt 0.132834 0.696064
vt 0.006397 0.760857
vt 0.006397 0.759336
vt 0.461488 0.596064
vt 0.164802 0.596064
vt 0.006397 0.496064
vt 0.506397 0.796064
vt 0.006397 0.839956
vt 0.006397 0.834131
vt 0.335299 0.896064
vt 0.176580 0.896064
vt 0.243602 0.496064
vt 0.506397 0.862653
vt 0.023470 0.796064
vt 0.006397 0.554851
vt 0.331934 0.996064
vt 0.184993 0.996064
vt 0.391664 0.696064
vt 0.132834 0.696064
vt 0.006397 0.760857
vt 0.006397 0.759336
vt 0.461488 0.596064
vt 0.164802 0.596064
vt 0.006397 0.496064
vt 0.506397 0.796064
vt 0.006397 0.839956
vt 0.006397 0.834131
vt 0.335299 0.896064
vt 0.176580 0.896064
vt 0.243602 0.496064
vt 0.506397 0.862653
vt 0.023470 0.796064
vt 0.006397 0.554851
vt 0.331934 0.996064
vt 0.184993 0.996064
vt 0.391664 0.696064
vt 0.132834 0.696064
vt 0.006397 0.760857
vt 0.006397 0.759336
vt 0.461488 0.596064
vt 0.164802 0.596064
vt 0.006397 0.496064
vt 0.506397 0.796064
vt 0.006397 0.839956
vt 0.006397 0.834131
vt 0.335299 0.896064
vt 0.176580 0.896064
vt 0.243602 0.496064
vt 0.506397 0.862653
vt 0.023470 0.796064
vt 0.006397 0.554851
vt 0.331934 0.996064
vt 0.184993 0.996064
vt 0.391664 0.696064
vt 0.132834 0.696064
vt 0.006397 0.760857
vt 0.006397 0.759336
vt 0.461488 0.596064
vt 0.164802 0.596064
vt 0.006397 0.496064
vt 0.506397 0.796064
vt 0.006397 0.839956
vt 0.006397 0.834131
vt 0.335299 0.896064
vt 0.176580 0.896064
vt 0.243602 0.496064
vt 0.506397 0.862653
vt 0.023470 0.796064
vt 0.006397 0.554851
vt 0.331934 0.996064
vt 0.184993 0.996064
vt 0.391664 0.696064
vt 0.132834 0.696064
vt 0.006397 0.760857
vt 0.006397 0.759336
vt 0.461488 0.596064
vt 0.164802 0.596064
vt 0.006397 0.496064
vt 0.506397 0.796064
vt 0.006397 0.839956
vt 0.006397 0.834131
vt 0.335299 0.896064
vt 0.176580 0.896064
vt 0.243602 0.496064
vt 0.506397 0.862653
vt 0.023470 0.796064
vt 0.006397 0.554851
vt 0.331934 0.996064
vt 0.184993 0.996064
vt 0.391664 0.696064
vt 0.132834 0.696064
vt 0.006397 0.760857
vt 0.006397 0.759336
vt 0.461488 0.596064
vt 0.164802 0.596064
vt 0.006397 0.496064
vt 0.506397 0.796064
vt 0.006397 0.839956
vt 0.006397 0.834131
vt 0.335299 0.896064
vt 0.176580 0.896064
vt 0.243602 0.496064
vt 0.506397 0.862653
vt 0.023470 0.796064
vt 0.006397 0.554851
vt 0.331934 0.996064
vt 0.184993 0.996064
vt 0.391664 0.696064
vt 0.132834 0.696064
vt 0.006397 0.760857
vt 0.006397 0.759336
vt 0.461488 0.596064
vt 0.164802 0.596064
vt 0.006397 0.496064
vt 0.506397 0.796064
vt 0.006397 0.839956
vt 0.006397 0.834131
vt 0.335299 0.896064
vt 0.176580 0.896064
vt 0.243602 0.496064
vt 0.506397 0.862653
vt 0.023470 0.796064
vt 0.006397 0.554851
vt 0.331934 0.996064
vt 0.184993 0.996064
vt 0.391664 0.696064
vt 0.132834 0.696064
vt 0.006397 0.760857
vt 0.006397 0.759336
vt 0.461488 0.596064
vt 0.164802 0.596064
vt 0.006397 0.496064
vt 0.506397 0.796064
vt 0.006397 0.839956
vt 0.006397 0.834131
vt 0.335299 0.896064
vt 0.176580 0.896064
vt 0.243602 0.496064
vt 0.506397 0.862653
vt 0.023470 0.796064
vt 0.006397 0.554851
vt 0.331934 0.996064
vt 0.184993 0.996064
vt 0.391664 0.696064
vt 0.132834 0.696064
vt 0.006397 0.760857
vt 0.006397 0.759336
vt 0.461488 0.596064
vt 0.164802 0.596064
vt 0.006397 0.496064
vt 0.506397 0.796064
vt 0.006397 0.839956
vt 0.006397 0.834131
vt 0.335299 0.896064
vt 0.176580 0.896064
vt 0.243602 0.496064
vt 0.506397 0.862653
vt 0.023470 0.796064
vt 0.006397 0.554851
vt 0.331934 0.996064
vt 0.184993 0.996064
vt 0.391664 0.696064
vt 0.132834 0.696064
vt 0.006397 0.760857
vt 0.006397 0.759336
vt 0.461488 0.596064
vt 0.164802 0.596064
vt 0.006397 0.496064
vt 0.506397 0.796064
vt 0.006397 0.839956
vt 0.006397 0.834131
vt 0.335299 0.896064
vt 0.176580 0.896064
vt 0.243602 0.496064
vt 0.506397 0.862653
vt 0.023470 0.796064
vt 0.006397 0.554851
vt 0.331934 0.996064
vt 0.184993 0.996064
vt 0.391664 0.696064
vt 0.132834 0.696064
vt 0.006397 0.760857
vt 0.006397 0.759336
vt 0.461488 0.596064
vt 0.164802 0.596064
vt 0.006397 0.496064
vt 0.506397 0.796064
vt 0.006397 0.839956
vt 0.006397 0.834131
vt 0.335299 0.896064
vt 0.176580 0.896064
vt 0.243602 0.496064
vt 0.506397 0.862653
vt 0.023470 0.796064
vt 0.006397 0.554851
vt 0.331934 0.996064
vt 0.184993 0.996064
vt 0.391664 0.696064
vt 0.132834 0.696064
vt 0.006397 0.760857
vt 0.006397 0.759336
vt 0.461488 0.596064
vt 0.164802 0.596064
vt 0.006397 0.496064
vt 0.506397 0.796064
vt 0.006397 0.839956
vt 0.006397 0.834131
vt 0.335299 0.896064
vt 0.176580 0.896064
vt 0.243602 0.496064
vt 0.506397 0.862653
vt 0.023470 0.796064
vt 0.006397 0.554851
vt 0.331934 0.996064
vt 0.184993 0.996064
vt 0.391664 0.696064
vt 0.132834 0.696064
vt 0.006397 0.760857
vt 0.006397 0.759336
vt 0.461488 0.596064
vt 0.164802 0.596064
vt 0.006397 0.496064
vt 0.506397 0.796064
vt 0.006397 0.839956
vt 0.006397 0.834131
vt 0.335299 0.896064
vt 0.176580 0.896064
vt 0.243602 0.496064
vt 0.506397 0.862653
vt 0.023470 0.796064
vt 0.006397 0.554851
vt 0.331934 0.996064
vt 0.184993 0.996064
vt 0.391664 0.696064
vt 0.132834 0.696064
vt 0.006397 0.760857
vt 0.006397 0.759336
vt 0.461488 0.596064
vt 0.164802 0.596064
vt 0.006397 0.496064
vt 0.506397 0.796064
vt 0.006397 0.839956
vt 0.006397 0.834131
vt 0.335299 0.896064
vt 0.176580 0.896064
vt 0.243602 0.496064
vt 0.506397 0.862653
vt 0.023470 0.796064
vt 0.006397 0.554851
vt 0.331934 0.996064
vt 0.184993 0.996064
vt 0.391664 0.696064
vt 0.132834 0.696064
vt 0.006397 0.760857
vt 0.006397 0.759336
vt 0.461488 0.596064
vt 0.164802 0.596064
vt 0.006397 0.496064
vt 0.506397 0.796064
vt 0.006397 0.839956
vt 0.006397 0.834131
vt 0.335299 0.896064
vt 0.176580 0.896064
vt 0.243602 0.496064
vt 0.506397 0.862653
vt 0.023470 0.796064
vt 0.006397 0.554851
vt 0.331934 0.996064
vt 0.184993 0.996064
vt 0.391664 0.696064
vt 0.132834 0.696064
vt 0.006397 0.760857
vt 0.006397 0.759336
vt 0.461488 0.596064
vt 0.164802 0.596064
vt 0.006397 0.496064
vt 0.506397 0.796064
vt 0.006397 0.839956
vt 0.006397 0.834131
vt 0.335299 0.896064
vt 0.176580 0.896064
vt 0.243602 0.496064
vt 0.506397 0.862653
vt 0.023470 0.796064
vt 0.006397 0.554851
vt 0.331934 0.996064
vt 0.184993 0.996064
vt 0.391664 0.696064
vt 0.132834 0.696064
vt 0.006397 0.760857
vt 0.006397 0.759336
vt 0.461488 0.596064
vt 0.164802 0.596064
vt 0.006397 0.496064
vt 0.506397 0.796064
vt 0.006397 0.839956
vt 0.006397 0.834131
vt 0.335299 0.896064
vt 0.176580 0.896064
vt 0.243602 0.496064
vt 0.506397 0.862653
vt 0.023470 0.796064
vt 0.006397 0.554851
vt 0.331934 0.996064
vt 0.184993 0.996064
vt 0.391664 0.696064
vt 0.132834 0.696064
vt 0.006397 0.760857
vt 0.006397 0.759336
vt 0.461488 0.596064
vt 0.164802 0.596064
vt 0.006397 0.496064
vt 0.506397 0.796064
vt 0.006397 0.839956
vt 0.006397 0.834131
vt 0.335299 0.896064
vt 0.176580 0.896064
vt 0.243602 0.496064
vt 0.506397 0.862653
vt 0.023470 0.796064
vt 0.006397 0.554851
vt 0.331934 0.996064
vt 0.184993 0.996064
vt 0.391664 0.696064
vt 0.132834 0.696064
vt 0.006397 0.760857
vt 0.006397 0.759336
vt 0.461488 0.596064
vt 0.164802 0.596064
vt 0.006397 0.496064
vt 0.506397 0.796064
vt 0.006397 0.839956
vt 0.006397 0.834131
vt 0.335299 0.896064
vt 0.176580 0.896064
vt 0.243602 0.496064
vt 0.506397 0.862653
vt 0.023470 0.796064
vt 0.006397 0.554851
vt 0.331934 0.996064
vt 0.184993 0.996064
vt 0.391664 0.696064
vt 0.132834 0.696064
vt 0.006397 0.760857
vt 0.006397 0.759336
vt 0.461488 0.596064
vt 0.164802 0.596064
vt 0.006397 0.496064
vt 0.506397 0.796064
vt 0.006397 0.839956
vt 0.006397 0.834131
vt 0.335299 0.896064
vt 0.176580 0.896064
vt 0.243602 0.496064
vt 0.506397 0.862653
vt 0.023470 0.796064
vt 0.006397 0.554851
vt 0.331934 0.996064
vt 0.184993 0.996064
vt 0.391664 0.696064
vt 0.132834 0.696064
vt 0.006397 0.760857
vt 0.006397 0.759336
vt 0.461488 0.596064
vt 0.164802 0.596064
vt 0.006397 0.496064
vt 0.506397 0.796064
vt 0.006397 0.839956
vt 0.006397 0.834131
vt 0.335299 0.896064
vt 0.176580 0.896064
vt 0.243602 0.496064
vt 0.506397 0.862653
vt 0.023470 0.796064
vt 0.006397 0.554851
vt 0.331934 0.996064
vt 0.184993 0.996064
vt 0.391664 0.696064
vt 0.132834 0.696064
vt 0.006397 0.760857
vt 0.006397 0.759336
vt 0.461488 0.596064
vt 0.164802 0.596064
vt 0.006397 0.496064
vt 0.506397 0.796064
vt 0.006397 0.839956
vt 0.006397 0.834131
vt 0.335299 0.896064
vt 0.176580 0.896064
vt 0.243602 0.496064
vt 0.506397 0.862653
vt 0.023470 0.796064
vt 0.006397 0.554851
vt 0.331934 0.996064
vt 0.184993 0.996064
vt 0.391664 0.696064
vt 0.132834 0.696064
vt 0.006397 0.760857
vt 0.006397 0.759336
vt 0.461488 0.596064
vt 0.164802 0.596064
vt 0.006397 0.496064
vt 0.506397 0.796064
vt 0.006397 0.839956
vt 0.006397 0.834131
vt 0.335299 0.896064
vt 0.176580 0.896064
vt 0.243602 0.496064
vt 0.506397 0.862653
vt 0.023470 0.796064
vt 0.006397 0.554851
vt 0.331934 0.996064
vt 0.184993 0.996064
vt 0.391664 0.696064
vt 0.132834 0.696064
vt 0.006397 0.760857
vt 0.006397 0.759336
vt 0.461488 0.596064
vt 0.164802 0.596064
vt 0.006397 0.496064
vt 0.506397 0.796064
vt 0.006397 0.839956
vt 0.006397 0.834131
vt 0.335299 0.896064
vt 0.176580 0.896064
vt 0.243602 0.496064
vt 0.506397 0.862653
vt 0.023470 0.796064
vt 0.006397 0.554851
vt 0.331934 0.996064
vt 0.184993 0.996064
vt 0.391664 0.696064
vt 0.132834 0.696064
vt 0.006397 0.760857
vt 0.006397 0.759336
vt 0.461488 0.596064
vt 0.164802 0.596064
vt 0.006397 0.496064
vt 0.506397 0.796064
vt 0.006397 0.839956
vt 0.006397 0.834131
vt 0.335299 0.896064
vt 0.176580 0.896064
vt 0.243602 0.496064
vt 0.506397 0.862653
vt 0.023470 0.796064
vt 0.006397 0.554851
vt 0.331934 0.996064
vt 0.184993 0.996064
vt 0.391664 0.696064
vt 0.132834 0.696064
vt 0.006397 0.760857
vt 0.006397 0.759336
vt 0.461488 0.596064
vt 0.164802 0.596064
vt 0.006397 0.496064
vt 0.506397 0.796064
vt 0.006397 0.839956
vt 0.006397 0.834131
vt 0.335299 0.896064
vt 0.176580 0.896064
vt 0.243602 0.496064
vt 0.506397 0.862653
vt 0.023470 0.796064
vt 0.006397 0.554851
vt 0.331934 0.996064
vt 0.184993 0.996064
vt 0.391664 0.696064
vt 0.132834 0.696064
vt 0.006397 0.760857
vt 0.006397 0.759336
vt 0.461488 0.596064
vt 0.164802 0.596064
vt 0.006397 0.496064
vt 0.506397 0.796064
vt 0.006397 0.839956
vt 0.006397 0.834131
vt 0.335299 0.896064
vt 0.176580 0.896064
vt 0.243602 0.496064
vt 0.506397 0.862653
vt 0.023470 0.796064
vt 0.006397 0.554851
vt 0.331934 0.996064
vt 0.184993 0.996064
vt 0.391664 0.696064
vt 0.132834 0.696064
vt 0.006397 0.760857
vt 0.006397 0.759336
vt 0.461488 0.596064
vt 0.164802 0.596064
vt 0.006397 0.496064
vt 0.506397 0.796064
vt 0.006397 0.839956
vt 0.006397 0.834131
vt 0.335299 0.896064
vt 0.176580 0.896064
vt 0.243602 0.496064
vt 0.506397 0.862653
vt 0.023470 0.796064
vt 0.006397 0.554851
vt 0.331934 0.996064
vt 0.184993 0.996064
vt 0.391664 0.696064
vt 0.132834 0.696064
vt 0.006397 0.760857
vt 0.006397 0.759336
vt 0.461488 0.596064
vt 0.164802 0.596064
vt 0.006397 0.496064
vt 0.506397 0.796064
vt 0.006397 0.839956
vt 0.006397 0.834131
vt 0.335299 0.896064
vt 0.176580 0.896064
vt 0.243602 0.496064
vt 0.506397 0.862653
vt 0.023470 0.796064
vt 0.006397 0.554851
vt 0.331934 0.996064
vt 0.184993 0.996064
vt 0.391664 0.696064
vt 0.132834 0.696064
vt 0.006397 0.760857
vt 0.006397 0.759336
vt 0.461488 0.596064
vt 0.164802 0.596064
vt 0.006397 0.496064
vt 0.506397 0.796064
vt 0.006397 0.839956
vt 0.006397 0.834131
vt 0.335299 0.896064
vt 0.176580 0.896064
vt 0.243602 0.496064
vt 0.506397 0.862653
vt 0.023470 0.796064
vt 0.006397 0.554851
vt 0.331934 0.996064
vt 0.184993 0.996064
vt 0.391664 0.696064
vt 0.132834 0.696064
vt 0.006397 0.760857
vt 0.006397 0.759336
vt 0.461488 0.596064
vt 0.164802 0.596064
vt 0.006397 0.496064
vt 0.506397 0.796064
vt 0.006397 0.839956
vt 0.006397 0.834131
vt 0.335299 0.896064
vt 0.176580 0.896064
vt 0.243602 0.496064
vt 0.506397 0.862653
vt 0.023470 0.796064
vt 0.006397 0.554851
vt 0.331934 0.996064
vt 0.184993 0.996064
vt 0.391664 0.696064
vt 0.132834 0.696064
vt 0.006397 0.760857
vt 0.006397 0.759336
vt 0.461488 0.596064
vt 0.164802 0.596064
vt 0.006397 0.496064
vt 0.506397 0.796064
vt 0.006397 0.839956
vt 0.006397 0.834131
vt 0.335299 0.896064
vt 0.176580 0.896064
vt 0.243602 0.496064
vt 0.506397 0.862653
vt 0.023470 0.796064
vt 0.006397 0.554851
vt 0.331934 0.996064
vt 0.184993 0.996064
vt 0.391664 0.696064
vt 0.132834 0.696064
vt 0.006397 0.760857
vt 0.006397 0.759336
vt 0.461488 0.596064
vt 0.164802 0.596064
vt 0.006397 0.496064
vt 0.506397 0.796064
vt 0.006397 0.839956
vt 0.006397 0.834131
vt 0.335299 0.896064
vt 0.176580 0.896064
vt 0.243602 0.496064
vt 0.506397 0.862653
vt 0.023470 0.796064
vt 0.006397 0.554851
vt 0.331934 0.996064
vt 0.184993 0.996064
vt 0.391664 0.696064
vt 0.132834 0.696064
vt 0.006397 0.760857
vt 0.006397 0.759336
vt 0.461488 0.596064
vt 0.164802 0.596064
vt 0.006397 0.496064
vt 0.506397 0.796064
vt 0.006397 0.839956
vt 0.006397 0.834131
vt 0.335299 0.896064
vt 0.176580 0.896064
vt 0.243602 0.496064
vt 0.506397 0.862653
vt 0.023470 0.796064
vt 0.006397 0.554851
vt 0.331934 0.996064
vt 0.184993 0.996064
vt 0.391664 0.696064
vt 0.132834 0.696064
vt 0.006397 0.760857
vt 0.006397 0.759336
vt 0.461488 0.596064
vt 0.164802 0.596064
vt 0.006397 0.496064
vt 0.506397 0.796064
vt 0.006397 0.839956
vt 0.006397 0.834131
vt 0.335299 0.896064
vt 0.176580 0.896064
vt 0.243602 0.496064
vt 0.506397 0.862653
vt 0.023470 0.796064
vt 0.006397 0.554851
vt 0.331934 0.996064
vt 0.184993 0.996064
vt 0.391664 0.696064
vt 0.132834 0.696064
vt 0.006397 0.760857
vt 0.006397 0.759336
vt 0.461488 0.596064
vt 0.164802 0.596064
vt 0.006397 0.496064
vt 0.506397 0.796064
vt 0.006397 0.839956
vt 0.006397 0.834131
vt 0.335299 0.896064
vt 0.176580 0.896064
vt 0.243602 0.496064
vt 0.506397 0.862653
vt 0.023470 0.796064
vt 0.006397 0.554851
vt 0.331934 0.996064
vt 0.184993 0.996064
vt 0.391664 0.696064
vt 0.132834 0.696064
vt 0.006397 0.760857
vt 0.006397 0.759336
vt 0.461488 0.596064
vt 0.164802 0.596064
vt 0.006397 0.496064
vt 0.506397 0.796064
vt 0.006397 0.839956
vt 0.006397 0.834131
vt 0.335299 0.896064
vt 0.176580 0.896064
vt 0.243602 0.496064
vt 0.506397 0.862653
vt 0.023470 0.796064
vt 0.006397 0.554851
vt 0.331934 0.996064
vt 0.184993 0.996064
vt 0.391664 0.696064
vt 0.132834 0.696064
vt 0.006397 0.760857
vt 0.006397 0.759336
vt 0.461488 0.596064
vt 0.164802 0.596064
vt 0.006397 0.496064
vt 0.506397 0.796064
vt 0.006397 0.839956
vt 0.006397 0.834131
vt 0.335299 0.896064
vt 0.176580 0.896064
vt 0.243602 0.496064
vt 0.506397 0.862653
vt 0.023470 0.796064
vt 0.006397 0.554851
vt 0.331934 0.996064
vt 0.184993 0.996064
vt 0.391664 0.696064
vt 0.132834 0.696064
vt 0.006397 0.760857
vt 0.006397 0.759336
vt 0.461488 0.596064
vt 0.164802 0.596064
vt 0.006397 0.496064
vt 0.506397 0.796064
vt 0.006397 0.839956
vt 0.006397 0.834131
vt 0.335299 0.896064
vt 0.176580 0.896064
vt 0.243602 0.496064
vt 0.506397 0.862653
vt 0.023470 0.796064
vt 0.006397 0.554851
vt 0.331934 0.996064
vt 0.184993 0.996064
vt 0.391664 0.696064
vt 0.132834 0.696064
vt 0.006397 0.760857
vt 0.006397 0.759336
vt 0.461488 0.596064
vt 0.164802 0.596064
vt 0.006397 0.496064
vt 0.506397 0.796064
vt 0.006397 0.839956
vt 0.006397 0.834131
vt 0.335299 0.896064
vt 0.176580 0.896064
vt 0.243602 0.496064
vt 0.506397 0.862653
vt 0.023470 0.796064
vt 0.006397 0.554851
vt 0.331934 0.996064
vt 0.184993 0.996064
vt 0.391664 0.696064
vt 0.132834 0.696064
vt 0.006397 0.760857
vt 0.006397 0.759336
vt 0.461488 0.596064
vt 0.164802 0.596064
vt 0.006397 0.496064
vt 0.506397 0.796064
vt 0.006397 0.839956
vt 0.006397 0.834131
vt 0.335299 0.896064
vt 0.176580 0.896064
vt 0.243602 0.496064
vt 0.506397 0.862653
vt 0.023470 0.796064
vt 0.006397 0.554851
vt 0.331934 0.996064
vt 0.184993 0.996064
vt 0.391664 0.696064
vt 0.132834 0.696064
vt 0.006397 0.760857
vt 0.006397 0.759336
vt 0.461488 0.596064
vt 0.164802 0.596064
vt 0.006397 0.496064
vt 0.506397 0.796064
vt 0.006397 0.839956
vt 0.006397 0.834131
vt 0.335299 0.896064
vt 0.176580 0.896064
vt 0.243602 0.496064
vt 0.506397 0.862653
vt 0.023470 0.796064
vt 0.006397 0.554851
vt 0.331934 0.996064
vt 0.184993 0.996064
vt 0.391664 0.696064
vt 0.132834 0.696064
vt 0.006397 0.760857
vt 0.006397 0.759336
vt 0.461488 0.596064
vt 0.164802 0.596064
vt 0.006397 0.496064
vt 0.506397 0.796064
vt 0.006397 0.839956
vt 0.006397 0.834131
vt 0.335299 0.896064
vt 0.176580 0.896064
vt 0.243602 0.496064
vt 0.506397 0.862653
vt 0.023470 0.796064
vt 0.006397 0.554851
vt 0.331934 0.996064
vt 0.184993 0.996064
vt 0.391664 0.696064
vt 0.132834 0.696064
vt 0.006397 0.760857
vt 0.006397 0.759336
vt 0.461488 0.596064
vt 0.164802 0.596064
vt 0.006397 0.496064
vt 0.506397 0.796064
vt 0.006397 0.839956
vt 0.006397 0.834131
vt 0.335299 0.896064
vt 0.176580 0.896064
vt 0.243602 0.496064
vt 0.506397 0.862653
vt 0.023470 0.796064
vt 0.006397 0.554851
vt 0.331934 0.996064
vt 0.184993 0.996064
vt 0.391664 0.696064
vt 0.132834 0.696064
vt 0.006397 0.760857
vt 0.006397 0.759336
vt 0.461488 0.596064
vt 0.164802 0.596064
vt 0.006397 0.496064
vt 0.506397 0.796064
vt 0.006397 0.839956
vt 0.006397 0.834131
vt 0.335299 0.896064
vt 0.176580 0.896064
vt 0.243602 0.496064
vt 0.506397 0.862653
vt 0.023470 0.796064
vt 0.006397 0.554851
vt 0.331934 0.996064
vt 0.184993 0.996064
vt 0.391664 0.696064
vt 0.132834 0.696064
vt 0.006397 0.760857
vt 0.006397 0.759336
vt 0.461488 0.596064
vt 0.164802 0.596064
vt 0.006397 0.496064
vt 0.506397 0.796064
vt 0.006397 0.839956
vt 0.006397 0.834131
vt 0.335299 0.896064
vt 0.176580 0.896064
vt 0.243602 0.496064
vt 0.506397 0.862653
vt 0.023470 0.796064
vt 0.006397 0.554851
vt 0.331934 0.996064
vt 0.184993 0.996064
vt 0.391664 0.696064
vt 0.132834 0.696064
vt 0.006397 0.760857
vt 0.006397 0.759336
vt 0.461488 0.596064
vt 0.164802 0.596064
vt 0.006397 0.496064
vt 0.506397 0.796064
vt 0.006397 0.839956
vt 0.006397 0.834131
vt 0.335299 0.896064
vt 0.176580 0.896064
vt 0.243602 0.496064
vt 0.506397 0.862653
vt 0.023470 0.796064
vt 0.006397 0.554851
vt 0.331934 0.996064
vt 0.184993 0.996064
vt 0.391664 0.696064
vt 0.132834 0.696064
vt 0.006397 0.760857
vt 0.006397 0.759336
vt 0.461488 0.596064
vt 0.164802 0.596064
vt 0.006397 0.496064
vt 0.506397 0.796064
vt 0.006397 0.839956
vt 0.006397 0.834131
vt 0.335299 0.896064
vt 0.176580 0.896064
vt 0.243602 0.496064
vt 0.506397 0.862653
vt 0.023470 0.796064
vt 0.006397 0.554851
vt 0.331934 0.996064
vt 0.184993 0.996064
vt 0.391664 0.696064
vt 0.132834 0.696064
vt 0.006397 0.760857
vt 0.006397 0.759336
vt 0.461488 0.596064
vt 0.164802 0.596064
vt 0.006397 0.496064
vt 0.506397 0.796064
vt 0.006397 0.839956
vt 0.006397 0.834131
vt 0.335299 0.896064
vt 0.176580 0.896064
vt 0.243602 0.496064
vt 0.506397 0.862653
vt 0.023470 0.796064
vt 0.006397 0.554851
vt 0.331934 0.996064
vt 0.184993 0.996064
vt 0.391664 0.696064
vt 0.132834 0.696064
vt 0.006397 0.760857
vt 0.006397 0.759336
vt 0.461488 0.596064
vt 0.164802 0.596064
vt 0.006397 0.496064
vt 0.506397 0.796064
vt 0.006397 0.839956
vt 0.006397 0.834131
vt 0.335299 0.896064
vt 0.176580 0.896064
vt 0.243602 0.496064
vt 0.506397 0.862653
vt 0.023470 0.796064
vt 0.006397 0.554851
vt 0.331934 0.996064
vt 0.184993 0.996064
vt 0.391664 0.696064
vt 0.132834 0.696064
vt 0.006397 0.760857
vt 0.006397 0.759336
vt 0.461488 0.596064
vt 0.164802 0.596064
vt 0.006397 0.496064
vt 0.506397 0.796064
vt 0.006397 0.839956
vt 0.006397 0.834131
vt 0.335299 0.896064
vt 0.176580 0.896064
vt 0.243602 0.496064
vt 0.506397 0.862653
vt 0.023470 0.796064
vt 0.006397 0.554851
vt 0.331934 0.996064
vt 0.184993 0.996064
vt 0.391664 0.696064
vt 0.132834 0.696064
vt 0.006397 0.760857
vt 0.006397 0.759336
vt 0.461488 0.596064
vt 0.164802 0.596064
vt 0.006397 0.496064
vt 0.506397 0.796064
vt 0.006397 0.839956
vt 0.006397 0.834131
vt 0.335299 0.896064
vt 0.176580 0.896064
vt 0.243602 0.496064
vt 0.506397 0.862653
vt 0.023470 0.796064
vt 0.006397 0.554851
vt 0.331934 0.996064
vt 0.184993 0.996064
vt 0.391664 0.696064
vt 0.132834 0.696064
vt 0.006397 0.760857
vt 0.006397 0.759336
vt 0.461488 0.596064
vt 0.164802 0.596064
vt 0.006397 0.496064
vt 0.506397 0.796064
vt 0.006397 0.839956
vt 0.006397 0.834131
vt 0.335299 0.896064
vt 0.176580 0.896064
vt 0.243602 0.496064
vt 0.506397 0.862653
vt 0.023470 0.796064
vt 0.006397 0.554851
vt 0.331934 0.996064
vt 0.184993 0.996064
vt 0.391664 0.696064
vt 0.132834 0.696064
vt 0.006397 0.760857
vt 0.006397 0.759336
vt 0.461488 0.596064
vt 0.164802 0.596064
vt 0.006397 0.496064
vt 0.506397 0.796064
vt 0.006397 0.839956
vt 0.006397 0.834131
vt 0.335299 0.896064
vt 0.176580 0.896064
vt 0.243602 0.496064
vt 0.506397 0.862653
vt 0.023470 0.796064
vt 0.006397 0.554851
vt 0.331934 0.996064
vt 0.184993 0.996064
vt 0.391664 0.696064
vt 0.132834 0.696064
vt 0.006397 0.760857
vt 0.006397 0.759336
vt 0.461488 0.596064
vt 0.164802 0.596064
vt 0.006397 0.496064
vt 0.506397 0.796064
vt 0.006397 0.839956
vt 0.006397 0.834131
vt 0.335299 0.896064
vt 0.176580 0.896064
vt 0.243602 0.496064
vt 0.506397 0.862653
vt 0.023470 0.796064
vt 0.006397 0.554851
vt 0.331934 0.996064
vt 0.184993 0.996064
vt 0.391664 0.696064
vt 0.132834 0.696064
vt 0.006397 0.760857
vt 0.006397 0.759336
vt 0.461488 0.596064
vt 0.164802 0.596064
vt 0.006397 0.496064
vt 0.506397 0.796064
vt 0.006397 0.839956
vt 0.006397 0.834131
vt 0.335299 0.896064
vt 0.176580 0.896064
vt 0.243602 0.496064
vt 0.506397 0.862653
vt 0.023470 0.796064
vt 0.006397 0.554851
vt 0.331934 0.996064
vt 0.184993 0.996064
vt 0.391664 0.696064
vt 0.132834 0.696064
vt 0.006397 0.760857
vt 0.006397 0.759336
vt 0.461488 0.596064
vt 0.164802 0.596064
vt 0.006397 0.496064
vt 0.506397 0.796064
vt 0.006397 0.839956
vt 0.006397 0.834131
vt 0.335299 0.896064
vt 0.176580 0.896064
vt 0.243602 0.496064
vt 0.506397 0.862653
vt 0.023470 0.796064
vt 0.006397 0.554851
vt 0.331934 0.996064
vt 0.184993 0.996064
vt 0.391664 0.696064
vt 0.132834 0.696064
vt 0.006397 0.760857
vt 0.006397 0.759336
vt 0.461488 0.596064
vt 0.164802 0.596064
vt 0.006397 0.496064
vt 0.506397 0.796064
vt 0.006397 0.839956
vt 0.006397 0.834131
vt 0.335299 0.896064
vt 0.176580 0.896064
vt 0.243602 0.496064
vt 0.506397 0.862653
vt 0.023470 0.796064
vt 0.006397 0.554851
vt 0.331934 0.996064
vt 0.184993 0.996064
vt 0.391664 0.696064
vt 0.132834 0.696064
vt 0.006397 0.760857
vt 0.006397 0.759336
vt 0.461488 0.596064
vt 0.164802 0.596064
vt 0.006397 0.496064
vt 0.506397 0.796064
vt 0.006397 0.839956
vt 0.006397 0.834131
vt 0.335299 0.896064
vt 0.176580 0.896064
vt 0.243602 0.496064
vt 0.506397 0.862653
vt 0.023470 0.796064
vt 0.006397 0.554851
vt 0.331934 0.996064
vt 0.184993 0.996064
vt 0.391664 0.696064
vt 0.132834 0.696064
vt 0.006397 0.760857
vt 0.006397 0.759336
vt 0.461488 0.596064
vt 0.164802 0.596064
vt 0.006397 0.496064
vt 0.506397 0.796064
vt 0.006397 0.839956
vt 0.006397 0.834131
vt 0.335299 0.896064
vt 0.176580 0.896064
vt 0.243602 0.496064
vt 0.506397 0.862653
vt 0.023470 0.796064
vt 0.006397 0.554851
vt 0.331934 0.996064
vt 0.184993 0.996064
vt 0.391664 0.696064
vt 0.132834 0.696064
vt 0.006397 0.760857
vt 0.006397 0.759336
vt 0.461488 0.596064
vt 0.164802 0.596064
vt 0.006397 0.496064
vt 0.506397 0.796064
vt 0.006397 0.839956
vt 0.006397 0.834131
vt 0.335299 0.896064
vt 0.176580 0.896064
vt 0.243602 0.496064
vt 0.506397 0.862653
vt 0.023470 0.796064
vt 0.006397 0.554851
vt 0.331934 0.996064
vt 0.184993 0.996064
vt 0.391664 0.696064
vt 0.132834 0.696064
vt 0.006397 0.760857
vt 0.006397 0.759336
vt 0.461488 0.596064
vt 0.164802 0.596064
vt 0.006397 0.496064
vt 0.506397 0.796064
vt 0.006397 0.839956
vt 0.006397 0.834131
vt 0.335299 0.896064
vt 0.176580 0.896064
vt 0.243602 0.496064
vt 0.506397 0.862653
vt 0.023470 0.796064
vt 0.006397 0.554851
vt 0.331934 0.996064
vt 0.184993 0.996064
vt 0.391664 0.696064
vt 0.132834 0.696064
vt 0.006397 0.760857
vt 0.006397 0.759336
vt 0.461488 0.596064
vt 0.164802 0.596064
vt 0.006397 0.496064
vt 0.506397 0.796064
vt 0.006397 0.839956
vt 0.006397 0.834131
vt 0.335299 0.896064
vt 0.176580 0.896064
vt 0.243602 0.496064
vt 0.506397 0.862653
vt 0.023470 0.796064
vt 0.006397 0.554851
vt 0.331934 0.996064
vt 0.184993 0.996064
vt 0.391664 0.696064
vt 0.132834 0.696064
vt 0.006397 0.760857
vt 0.006397 0.759336
vt 0.461488 0.596064
vt 0.164802 0.596064
vt 0.006397 0.496064
vt 0.506397 0.796064
vt 0.006397 0.839956
vt 0.006397 0.834131
vt 0.335299 0.896064
vt 0.176580 0.896064
vt 0.243602 0.496064
vt 0.506397 0.862653
vt 0.023470 0.796064
vt 0.006397 0.554851
vt 0.331934 0.996064
vt 0.184993 0.996064
vt 0.391664 0.696064
vt 0.132834 0.696064
vt 0.006397 0.760857
vt 0.006397 0.759336
vt 0.461488 0.596064
vt 0.164802 0.596064
vt 0.006397 0.496064
vt 0.506397 0.796064
vt 0.006397 0.839956
vt 0.006397 0.834131
vt 0.335299 0.896064
vt 0.176580 0.896064
vt 0.243602 0.496064
vt 0.506397 0.862653
vt 0.023470 0.796064
vt 0.006397 0.554851
vt 0.331934 0.996064
vt 0.184993 0.996064
vt 0.391664 0.696064
vt 0.132834 0.696064
vt 0.006397 0.760857
vt 0.006397 0.759336
vt 0.461488 0.596064
vt 0.164802 0.596064
vt 0.006397 0.496064
vt 0.506397 0.796064
vt 0.006397 0.839956
vt 0.006397 0.834131
vt 0.335299 0.896064
vt 0.176580 0.896064
vt 0.243602 0.496064
vt 0.506397 0.862653
vt 0.023470 0.796064
vt 0.006397 0.554851
vt 0.331934 0.996064
vt 0.184993 0.996064
vt 0.391664 0.696064
vt 0.132834 0.696064
vt 0.006397 0.760857
vt 0.006397 0.759336
vt 0.461488 0.596064
vt 0.164802 0.596064
vt 0.006397 0.496064
vt 0.506397 0.796064
vt 0.006397 0.839956
vt 0.006397 0.834131
vt 0.335299 0.896064
vt 0.176580 0.896064
vt 0.243602 0.496064
vt 0.506397 0.862653
vt 0.023470 0.796064
vt 0.006397 0.554851
vt 0.331934 0.996064
vt 0.184993 0.996064
vt 0.391664 0.696064
vt 0.132834 0.696064
vt 0.006397 0.760857
vt 0.006397 0.759336
vt 0.461488 0.596064
vt 0.164802 0.596064
vt 0.006397 0.496064
vt 0.506397 0.796064
vt 0.006397 0.839956
vt 0.006397 0.834131
vt 0.335299 0.896064
vt 0.176580 0.896064
vt 0.243602 0.496064
vt 0.506397 0.862653
vt 0.023470 0.796064
vt 0.006397 0.554851
vt 0.331934 0.996064
vt 0.184993 0.996064
vt 0.391664 0.696064
vt 0.132834 0.696064
vt 0.006397 0.760857
vt 0.006397 0.759336
vt 0.461488 0.596064
vt 0.164802 0.596064
vt 0.006397 0.496064
vt 0.506397 0.796064
vt 0.006397 0.839956
vt 0.006397 0.834131
vt 0.335299 0.896064
vt 0.176580 0.896064
vt 0.243602 0.496064
vt 0.506397 0.862653
vt 0.023470 0.796064
vt 0.006397 0.554851
vt 0.331934 0.996064
vt 0.184993 0.996064
vt 0.391664 0.696064
vt 0.132834 0.696064
vt 0.006397 0.760857
vt 0.006397 0.759336
vt 0.461488 0.596064
vt 0.164802 0.596064
vt 0.006397 0.496064
vt 0.506397 0.796064
vt 0.006397 0.839956
vt 0.006397 0.834131
vt 0.335299 0.896064
vt 0.176580 0.896064
vt 0.243602 0.496064
vt 0.506397 0.862653
vt 0.023470 0.796064
vt 0.006397 0.554851
vt 0.331934 0.996064
vt 0.184993 0.996064
vt 0.391664 0.696064
vt 0.132834 0.696064
vt 0.006397 0.760857
vt 0.006397 0.759336
vt 0.461488 0.596064
vt 0.164802 0.596064
vt 0.006397 0.496064
vt 0.506397 0.796064
vt 0.006397 0.839956
vt 0.006397 0.834131
vt 0.335299 0.896064
vt 0.176580 0.896064
vt 0.243602 0.496064
vt 0.506397 0.862653
vt 0.023470 0.796064
vt 0.006397 0.554851
vt 0.331934 0.996064
vt 0.184993 0.996064
vt 0.391664 0.696064
vt 0.132834 0.696064
vt 0.006397 0.760857
vt 0.006397 0.759336
vt 0.461488 0.596064
vt 0.164802 0.596064
vt 0.006397 0.496064
vt 0.506397 0.796064
vt 0.006397 0.839956
vt 0.006397 0.834131
vt 0.335299 0.896064
vt 0.176580 0.896064
vt 0.243602 0.496064
vt 0.506397 0.862653
vt 0.023470 0.796064
vt 0.006397 0.554851
vt 0.331934 0.996064
vt 0.184993 0.996064
vt 0.391664 0.696064
vt 0.132834 0.696064
vt 0.006397 0.760857
vt 0.006397 0.759336
vt 0.461488 0.596064
vt 0.164802 0.596064
vt 0.006397 0.496064
vt 0.506397 0.796064
vt 0.006397 0.839956
vt 0.006397 0.834131
vt 0.335299 0.896064
vt 0.176580 0.896064
vt 0.243602 0.496064
vt 0.506397 0.862653
vt 0.023470 0.796064
vt 0.006397 0.554851
vt 0.331934 0.996064
vt 0.184993 0.996064
vt 0.391664 0.696064
vt 0.132834 0.696064
vt 0.006397 0.760857
vt 0.006397 0.759336
vt 0.461488 0.596064
vt 0.164802 0.596064
vt 0.006397 0.496064
vt 0.506397 0.796064
vt 0.006397 0.839956
vt 0.006397 0.834131
vt 0.335299 0.896064
vt 0.176580 0.896064
vt 0.243602 0.496064
vt 0.506397 0.862653
vt 0.023470 0.796064
vt 0.006397 0.554851
vt 0.331934 0.996064
vt 0.184993 0.996064
vt 0.391664 0.696064
vt 0.132834 0.696064
vt 0.006397 0.760857
vt 0.006397 0.759336
vt 0.461488 0.596064
vt 0.164802 0.596064
vt 0.006397 0.496064
vt 0.506397 0.796064
vt 0.006397 0.839956
vt 0.006397 0.834131
vt 0.335299 0.896064
vt 0.176580 0.896064
vt 0.243602 0.496064
vt 0.506397 0.862653
vt 0.023470 0.796064
vt 0.006397 0.554851
vt 0.331934 0.996064
vt 0.184993 0.996064
vt 0.391664 0.696064
vt 0.132834 0.696064
vt 0.006397 0.760857
vt 0.006397 0.759336
vt 0.461488 0.596064
vt 0.164802 0.596064
vt 0.006397 0.496064
vt 0.506397 0.796064
vt 0.006397 0.839956
vt 0.006397 0.834131
vt 0.335299 0.896064
vt 0.176580 0.896064
vt 0.243602 0.496064
vt 0.506397 0.862653
vt 0.023470 0.796064
vt 0.006397 0.554851
vt 0.331934 0.996064
vt 0.184993 0.996064
vt 0.391664 0.696064
vt 0.132834 0.696064
vt 0.006397 0.760857
vt 0.006397 0.759336
vt 0.461488 0.596064
vt 0.164802 0.596064
vt 0.006397 0.496064
vt 0.506397 0.796064
vt 0.006397 0.839956
vt 0.006397 0.834131
vt 0.335299 0.896064
vt 0.176580 0.896064
vt 0.243602 0.496064
vt 0.506397 0.862653
vt 0.023470 0.796064
vt 0.006397 0.554851
vt 0.331934 0.996064
vt 0.184993 0.996064
vt 0.391664 0.696064
vt 0.132834 0.696064
vt 0.006397 0.760857
vt 0.006397 0.759336
vt 0.461488 0.596064
vt 0.164802 0.596064
vt 0.006397 0.496064
vt 0.506397 0.796064
vt 0.006397 0.839956
vt 0.006397 0.834131
vt 0.335299 0.896064
vt 0.176580 0.896064
vt 0.243602 0.496064
vt 0.506397 0.862653
vt 0.023470 0.796064
vt 0.006397 0.554851
vt 0.331934 0.996064
vt 0.184993 0.996064
vt 0.391664 0.696064
vt 0.132834 0.696064
vt 0.006397 0.760857
vt 0.006397 0.759336
vt 0.461488 0.596064
vt 0.164802 0.596064
vt 0.006397 0.496064
vt 0.506397 0.796064
vt 0.006397 0.839956
vt 0.006397 0.834131
vt 0.335299 0.896064
vt 0.176580 0.896064
vt 0.243602 0.496064
vt 0.506397 0.862653
vt 0.023470 0.796064
vt 0.006397 0.554851
vt 0.331934 0.996064
vt 0.184993 0.996064
vt 0.391664 0.696064
vt 0.132834 0.696064
vt 0.006397 0.760857
vt 0.006397 0.759336
vt 0.461488 0.596064
vt 0.164802 0.596064
vt 0.006397 0.496064
vt 0.506397 0.796064
vt 0.006397 0.839956
vt 0.006397 0.834131
vt 0.335299 0.896064
vt 0.176580 0.896064
vt 0.243602 0.496064
vt 0.506397 0.862653
vt 0.023470 0.796064
vt 0.006397 0.554851
vt 0.331934 0.996064
vt 0.184993 0.996064
vt 0.391664 0.696064
vt 0.132834 0.696064
vt 0.006397 0.760857
vt 0.006397 0.759336
vt 0.461488 0.596064
vt 0.164802 0.596064
vt 0.006397 0.496064
vt 0.506397 0.796064
vt 0.006397 0.839956
vt 0.006397 0.834131
vt 0.335299 0.896064
vt 0.176580 0.896064
vt 0.243602 0.496064
vt 0.506397 0.862653
vt 0.023470 0.796064
vt 0.006397 0.554851
vt 0.331934 0.996064
vt 0.184993 0.996064
vt 0.391664 0.696064
vt 0.132834 0.696064
vt 0.006397 0.760857
vt 0.006397 0.759336
vt 0.461488 0.596064
vt 0.164802 0.596064
s 1
usemtl Material.001
f 1/1/1 5/11/2 17/33/3 18/35/4
f 4/8/5 3/6/6 7/17/7 8/18/8
f 9/22/9 11/24/10 5/12/2 6/13/11
f 9/21/9 12/26/12 4/9/5 8/19/8
f 12/25/12 10/23/13 3/7/6 4/10/5
f 6/14/11 5/11/2 1/1/1 2/3/14
f 2/4/14 1/2/1 10/23/13 12/25/12
f 6/15/11 2/5/14 12/26/12 9/21/9
f 8/20/8 7/16/7 11/24/10 9/22/9
f 11/24/10 7/16/7 14/29/15 16/32/16
f 18/35/4 17/33/3 23/44/17 24/46/18
f 16/32/16 14/29/15 20/40/19 22/42/20
f 7/17/7 3/6/6 13/28/21 14/30/15
f 10/23/13 1/2/1 18/36/4 15/31/22
f 5/12/2 11/24/10 16/32/16 17/34/3
f 3/7/6 10/23/13 15/31/22 13/27/21
f 129/324/23 126/317/24 28/55/25 29/59/26
f 128/321/27 125/314/28 30/62/29 27/52/30
f 13/27/21 15/31/22 21/41/31 19/38/32
f 15/31/22 18/36/4 24/45/18 21/41/31
f 17/34/3 16/32/16 22/42/20 23/43/17
f 14/30/15 13/28/21 19/37/32 20/39/19
f 25/47/33 27/52/30 33/67/34 31/63/35
f 160/416/36 159/413/37 40/86/38 41/88/39
f 130/329/40 127/320/41 25/48/33 26/49/42
f 126/317/24 130/328/40 26/50/42 28/55/25
f 125/316/28 129/325/23 29/57/26 30/60/29
f 127/319/41 128/321/27 27/52/30 25/47/33
f 73/176/43 71/170/44 36/75/45 38/82/46
f 27/51/30 28/54/25 34/69/47 33/68/34
f 26/49/42 25/48/33 31/64/35 32/65/48
f 28/55/25 26/50/42 32/66/48 34/70/47
f 37/77/49 38/80/46 62/143/50 61/139/51
f 71/171/44 72/175/52 35/71/53 36/74/45
f 74/181/54 73/177/43 38/81/46 37/78/49
f 72/173/52 74/180/54 37/79/49 35/72/53
f 42/89/55 41/87/39 45/95/56 46/98/57
f 162/422/58 161/419/59 42/90/55 39/84/60
f 161/420/59 160/417/36 41/87/39 42/89/55
f 159/414/37 162/423/58 39/83/60 40/85/38
f 81/203/61 79/196/62 47/101/63 48/105/64
f 40/85/38 39/83/60 43/91/65 44/93/66
f 39/84/60 42/90/55 46/99/57 43/92/65
f 41/88/39 40/86/38 44/94/66 45/96/56
f 101/248/67 99/245/68 54/121/69 51/115/70
f 50/111/71 47/103/63 111/277/72 112/278/73
f 82/204/74 81/201/61 48/106/64 49/108/75
f 80/199/76 82/205/74 49/109/75 50/112/71
f 88/219/77 87/217/78 57/129/79 58/130/80
f 102/250/81 100/246/82 52/117/83 53/119/84
f 99/244/68 102/249/81 53/118/84 54/120/69
f 100/246/82 101/247/67 51/113/70 52/117/83
f 57/128/79 56/125/85 55/122/86 58/131/80
f 90/223/87 89/221/88 55/123/86 56/126/85
f 89/220/88 88/218/77 58/132/80 55/124/86
f 87/217/78 90/222/87 56/127/85 57/129/79
f 59/135/89 61/140/51 65/151/90 63/147/91
f 35/72/53 37/79/49 61/141/51 59/133/89
f 38/82/46 36/75/45 60/137/92 62/144/50
f 36/76/45 35/73/53 59/134/89 60/136/92
f 65/152/90 66/154/93 64/148/94 63/146/91
f 62/144/50 60/137/92 64/149/94 66/155/93
f 60/138/92 59/135/89 63/147/91 64/150/94
f 61/142/51 62/145/50 66/156/93 65/153/90
f 31/63/35 33/67/34 70/167/95 69/164/96
f 33/68/34 34/69/47 68/161/97 70/168/95
f 32/65/48 31/64/35 69/166/96 67/159/98
f 34/70/47 32/66/48 67/157/98 68/160/97
f 70/168/95 74/181/54 103/251/99 104/254/100
f 70/168/95 68/161/97 73/177/43 74/181/54
f 67/159/98 69/166/96 72/175/52 71/171/44
f 68/162/97 67/158/98 145/371/101 144/368/102
f 78/191/103 77/188/104 172/446/105 173/448/106
f 84/211/107 83/208/108 76/185/109 78/194/103
f 85/213/110 86/215/111 77/190/104 75/183/112
f 83/207/108 85/212/110 75/184/112 76/187/109
f 77/189/104 78/192/103 82/205/74 80/199/76
f 78/193/103 76/186/109 81/202/61 82/206/74
f 75/183/112 77/190/104 80/198/76 79/195/62
f 76/187/109 75/184/112 79/196/62 81/203/61
f 44/93/66 43/91/65 85/212/110 83/207/108
f 43/92/65 46/99/57 86/215/111 85/213/110
f 45/96/56 44/94/66 83/208/108 84/211/107
f 84/209/107 86/214/111 154/398/113 153/395/114
f 93/231/115 92/228/116 90/222/87 87/217/78
f 94/234/117 91/224/118 88/218/77 89/220/88
f 92/229/116 94/235/117 89/221/88 90/223/87
f 91/225/118 93/231/115 87/217/78 88/219/77
f 54/120/69 53/118/84 93/232/115 91/226/118
f 52/116/83 51/114/70 94/235/117 92/229/116
f 51/115/70 54/121/69 91/227/118 94/236/117
f 53/119/84 52/117/83 92/230/116 93/233/115
f 48/107/64 47/102/63 96/239/119 97/241/120
f 50/112/71 49/109/75 98/242/121 95/237/122
f 49/110/75 48/107/64 97/241/120 98/243/121
f 47/103/63 50/111/71 95/238/122 96/240/119
f 97/241/120 96/239/119 101/247/67 100/246/82
f 95/237/122 98/242/121 102/249/81 99/244/68
f 98/243/121 97/241/120 100/246/82 102/250/81
f 96/240/119 95/238/122 99/245/68 101/248/67
f 197/501/123 108/265/124 201/513/125 203/519/126
f 74/182/54 72/174/52 106/260/127 103/252/99
f 69/165/96 70/169/95 104/256/100 105/258/128
f 72/175/52 69/166/96 105/257/128 106/259/127
f 110/273/129 109/270/130 137/349/131 138/350/132
f 199/509/133 198/506/134 109/270/130 110/273/129
f 197/502/123 200/510/135 107/262/136 108/266/124
f 200/511/135 199/508/133 110/274/129 107/264/136
f 113/281/137 114/285/138 118/295/139 117/292/140
f 80/199/76 50/112/71 112/279/73 114/287/138
f 222/568/141 221/565/142 219/560/143 217/554/144
f 79/197/62 80/200/76 114/286/138 113/284/137
f 118/294/139 116/290/145 140/356/146 142/362/147
f 111/275/72 113/282/137 117/293/140 115/289/148
f 114/287/138 112/279/73 116/290/145 118/294/139
f 112/280/73 111/276/72 115/288/148 116/291/145
f 184/473/149 179/463/150 120/299/151 123/308/152
f 182/470/153 180/465/154 122/305/155 119/297/156
f 183/471/157 181/468/158 124/313/159 121/302/160
f 184/473/149 123/308/152 186/477/161 185/475/162
f 179/463/150 182/469/153 119/296/156 120/299/151
f 180/464/154 183/471/157 121/302/160 122/304/155
f 123/308/152 120/299/151 128/321/27 127/319/41
f 119/297/156 122/305/155 129/325/23 125/316/28
f 121/302/160 124/313/159 130/328/40 126/317/24
f 124/311/159 123/309/152 127/320/41 130/329/40
f 125/315/28 128/322/27 131/330/163 134/339/164
f 121/302/160 126/317/24 212/541/165 211/538/166
f 132/333/167 133/336/168 134/340/164 131/331/163
f 128/323/27 120/300/151 132/334/167 131/332/163
f 119/297/156 125/316/28 134/341/164 133/337/168
f 120/301/151 119/298/156 133/338/168 132/335/167
f 137/348/131 136/345/169 135/342/170 138/351/132
f 108/267/124 107/263/136 135/343/170 136/346/169
f 107/264/136 110/274/129 138/352/132 135/344/170
f 109/270/130 108/268/124 136/347/169 137/349/131
f 141/359/171 142/363/147 140/357/146 139/353/172
f 116/291/145 115/288/148 139/354/172 140/358/146
f 117/292/140 118/295/139 142/364/147 141/360/171
f 115/289/148 117/293/140 141/361/171 139/355/172
f 146/375/173 143/365/174 147/379/175 150/388/176
f 73/178/43 68/163/97 144/370/102 143/367/174
f 67/159/98 71/171/44 146/376/173 145/372/101
f 71/172/44 73/179/43 143/366/174 146/377/173
f 148/382/177 149/385/178 150/389/176 147/380/175
f 144/369/102 145/373/101 149/386/178 148/383/177
f 145/374/101 146/378/173 150/390/176 149/387/178
f 143/367/174 144/370/102 148/384/177 147/381/175
f 154/399/113 152/393/179 156/404/180 158/410/181
f 86/215/111 46/99/57 152/393/179 154/399/113
f 45/96/56 84/211/107 153/397/114 151/392/182
f 46/100/57 45/97/56 151/391/182 152/394/179
f 156/405/180 155/401/183 157/407/184 158/411/181
f 152/394/179 151/391/182 155/402/183 156/406/180
f 153/396/114 154/400/113 158/412/181 157/408/184
f 151/392/182 153/397/114 157/409/184 155/403/183
f 29/59/26 28/55/25 162/423/58 159/414/37
f 27/52/30 30/62/29 160/417/36 161/420/59
f 28/56/25 27/53/30 161/421/59 162/424/58
f 30/61/29 29/58/26 163/426/185 164/427/186
f 163/425/185 166/431/187 170/440/188 167/433/189
f 29/59/26 159/414/37 166/431/187 163/425/185
f 160/417/36 30/62/29 164/428/186 165/430/190
f 159/415/37 160/418/36 165/429/190 166/432/187
f 168/435/191 167/434/189 170/441/188 169/437/192
f 164/427/186 163/426/185 167/434/189 168/435/191
f 166/432/187 165/429/190 169/438/192 170/442/188
f 165/430/190 164/428/186 168/436/191 169/439/192
f 174/449/193 173/447/106 177/457/194 178/460/195
f 77/190/104 86/215/111 171/443/196 172/445/105
f 86/216/111 84/210/107 174/450/193 171/444/196
f 84/211/107 78/194/103 173/447/106 174/449/193
f 175/451/197 178/461/195 177/458/194 176/454/198
f 172/445/105 171/443/196 175/452/197 176/455/198
f 171/444/196 174/450/193 178/462/195 175/453/197
f 173/448/106 172/446/105 176/456/198 177/459/194
f 23/43/17 22/42/20 183/471/157 180/464/154
f 21/41/31 24/45/18 182/469/153 179/463/150
f 20/39/19 19/37/32 184/472/149 181/466/158
f 22/42/20 20/40/19 181/468/158 183/471/157
f 24/46/18 23/44/17 180/465/154 182/470/153
f 19/38/32 21/41/31 179/463/150 184/473/149
f 187/479/199 188/481/200 192/490/201 191/488/202
f 123/310/152 124/312/159 187/480/199 186/478/161
f 181/467/158 184/474/149 185/476/162 188/482/200
f 124/313/159 181/468/158 188/481/200 187/479/199
f 192/489/201 189/483/203 193/491/204 196/498/205
f 185/475/162 186/477/161 190/486/206 189/484/203
f 188/482/200 185/476/162 189/483/203 192/489/201
f 186/478/161 187/480/199 191/487/202 190/485/206
f 196/499/205 193/492/204 194/494/207 195/496/208
f 190/485/206 191/487/202 195/496/208 194/494/207
f 191/488/202 192/490/201 196/500/205 195/497/208
f 189/484/203 190/486/206 194/495/207 193/493/204
f 103/252/99 106/260/127 199/508/133 200/511/135
f 104/255/100 103/253/99 200/512/135 197/503/123
f 106/261/127 105/258/128 198/506/134 199/509/133
f 105/258/128 104/256/100 197/504/123 198/506/134
f 204/520/209 203/517/126 207/528/210 208/530/211
f 198/507/134 197/505/123 203/518/126 204/521/209
f 109/271/130 198/507/134 204/521/209 202/515/212
f 108/269/124 109/272/130 202/516/212 201/514/125
f 208/530/211 207/528/210 205/522/213 206/525/214
f 203/519/126 201/513/125 205/523/213 207/529/210
f 202/515/212 204/521/209 208/531/211 206/526/214
f 201/514/125 202/516/212 206/527/214 205/524/213
f 212/542/165 209/533/215 213/544/216 216/552/217
f 122/306/155 121/303/160 211/539/166 210/536/218
f 129/326/23 122/307/155 210/535/218 209/532/215
f 126/318/24 129/327/23 209/533/215 212/542/165
f 214/546/219 215/549/220 216/552/217 213/544/216
f 210/536/218 211/539/166 215/550/220 214/547/219
f 211/540/166 212/543/165 216/553/217 215/551/220
f 209/534/215 210/537/218 214/548/219 213/545/216
f 218/557/221 217/555/144 219/561/143 220/563/222
f 221/566/142 223/570/223 220/564/222 219/562/143
f 224/572/224 222/569/141 217/556/144 218/558/221
f 223/570/223 224/571/224 218/559/221 220/564/222
f 111/277/72 47/103/63 224/571/224 223/570/223
f 47/104/63 79/197/62 222/569/141 224/572/224
f 113/283/137 111/277/72 223/570/223 221/566/142
f 79/197/62 113/284/137 221/567/142 222/569/141
s 0
usemtl Tree_Branch
f 225/573/225 231/579/225 241/589/225 242/590/225 234/582/225
f 238/586/226 242/590/226 241/589/226 237/585/226
f 240/588/227 238/586/227 237/585/227 226/574/227 233/581/227 239/587/227
f 236/584/228 230/578/228 229/577/228 235/583/228
f 228/576/229 233/581/229 226/574/229 232/580/229 229/577/229 230/578/229 227/575/229
f 243/591/230 249/597/230 259/607/230 260/608/230 252/600/230
f 256/604/231 260/608/231 259/607/231 255/603/231
f 258/606/232 256/604/232 255/603/232 244/592/232 251/599/232 257/605/232
f 254/602/233 248/596/233 247/595/233 253/601/233
f 246/594/234 251/599/234 244/592/234 250/598/234 247/595/234 248/596/234 245/593/234
f 261/609/235 267/615/235 277/625/235 278/626/235 270/618/235
f 274/622/236 278/626/236 277/625/236 273/621/236
f 276/624/237 274/622/237 273/621/237 262/610/237 269/617/237 275/623/237
f 272/620/238 266/614/238 265/613/238 271/619/238
f 264/612/239 269/617/239 262/610/239 268/616/239 265/613/239 266/614/239 263/611/239
f 279/627/240 285/633/240 295/643/240 296/644/240 288/636/240
f 292/640/241 296/644/241 295/643/241 291/639/241
f 294/642/242 292/640/242 291/639/242 280/628/242 287/635/242 293/641/242
f 290/638/243 284/632/243 283/631/243 289/637/243
f 282/630/244 287/635/244 280/628/244 286/634/244 283/631/244 284/632/244 281/629/244
f 297/645/245 303/651/245 313/661/245 314/662/245 306/654/245
f 310/658/246 314/662/246 313/661/246 309/657/246
f 312/660/247 310/658/247 309/657/247 298/646/247 305/653/247 311/659/247
f 308/656/248 302/650/248 301/649/248 307/655/248
f 300/648/249 305/653/249 298/646/249 304/652/249 301/649/249 302/650/249 299/647/249
f 315/663/250 321/669/250 331/679/250 332/680/250 324/672/250
f 328/676/251 332/680/251 331/679/251 327/675/251
f 330/678/252 328/676/252 327/675/252 316/664/252 323/671/252 329/677/252
f 326/674/253 320/668/253 319/667/253 325/673/253
f 318/666/254 323/671/254 316/664/254 322/670/254 319/667/254 320/668/254 317/665/254
f 333/681/255 339/687/255 349/697/255 350/698/255 342/690/255
f 346/694/256 350/698/256 349/697/256 345/693/256
f 348/696/257 346/694/257 345/693/257 334/682/257 341/689/257 347/695/257
f 344/692/258 338/686/258 337/685/258 343/691/258
f 336/684/259 341/689/259 334/682/259 340/688/259 337/685/259 338/686/259 335/683/259
f 351/699/260 357/705/260 367/715/260 368/716/260 360/708/260
f 364/712/261 368/716/261 367/715/261 363/711/261
f 366/714/262 364/712/262 363/711/262 352/700/262 359/707/262 365/713/262
f 362/710/263 356/704/263 355/703/263 361/709/263
f 354/702/264 359/707/264 352/700/264 358/706/264 355/703/264 356/704/264 353/701/264
f 369/717/265 375/723/265 385/733/265 386/734/265 378/726/265
f 382/730/266 386/734/266 385/733/266 381/729/266
f 384/732/267 382/730/267 381/729/267 370/718/267 377/725/267 383/731/267
f 380/728/268 374/722/268 373/721/268 379/727/268
f 372/720/269 377/725/269 370/718/269 376/724/269 373/721/269 374/722/269 371/719/269
f 387/735/270 393/741/270 403/751/270 404/752/270 396/744/270
f 400/748/271 404/752/271 403/751/271 399/747/271
f 402/750/272 400/748/272 399/747/272 388/736/272 395/743/272 401/749/272
f 398/746/273 392/740/273 391/739/273 397/745/273
f 390/738/274 395/743/274 388/736/274 394/742/274 391/739/274 392/740/274 389/737/274
f 405/753/275 411/759/275 421/769/275 422/770/275 414/762/275
f 418/766/276 422/770/276 421/769/276 417/765/276
f 420/768/277 418/766/277 417/765/277 406/754/277 413/761/277 419/767/277
f 416/764/278 410/758/278 409/757/278 415/763/278
f 408/756/279 413/761/279 406/754/279 412/760/279 409/757/279 410/758/279 407/755/279
f 423/771/280 429/777/280 439/787/280 440/788/280 432/780/280
f 436/784/281 440/788/281 439/787/281 435/783/281
f 438/786/282 436/784/282 435/783/282 424/772/282 431/779/282 437/785/282
f 434/782/283 428/776/283 427/775/283 433/781/283
f 426/774/284 431/779/284 424/772/284 430/778/284 427/775/284 428/776/284 425/773/284
f 441/789/285 447/795/285 457/805/285 458/806/285 450/798/285
f 454/802/286 458/806/286 457/805/286 453/801/286
f 456/804/287 454/802/287 453/801/287 442/790/287 449/797/287 455/803/287
f 452/800/288 446/794/288 445/793/288 451/799/288
f 444/792/289 449/797/289 442/790/289 448/796/289 445/793/289 446/794/289 443/791/289
f 459/807/290 465/813/290 475/823/290 476/824/290 468/816/290
f 472/820/291 476/824/291 475/823/291 471/819/291
f 474/822/292 472/820/292 471/819/292 460/808/292 467/815/292 473/821/292
f 470/818/293 464/812/293 463/811/293 469/817/293
f 462/810/294 467/815/294 460/808/294 466/814/294 463/811/294 464/812/294 461/809/294
f 477/825/295 483/831/295 493/841/295 494/842/295 486/834/295
f 490/838/296 494/842/296 493/841/296 489/837/296
f 492/840/297 490/838/297 489/837/297 478/826/297 485/833/297 491/839/297
f 488/836/298 482/830/298 481/829/298 487/835/298
f 480/828/299 485/833/299 478/826/299 484/832/299 481/829/299 482/830/299 479/827/299
f 495/843/300 501/849/300 511/859/300 512/860/300 504/852/300
f 508/856/301 512/860/301 511/859/301 507/855/301
f 510/858/302 508/856/302 507/855/302 496/844/302 503/851/302 509/857/302
f 506/854/303 500/848/303 499/847/303 505/853/303
f 498/846/304 503/851/304 496/844/304 502/850/304 499/847/304 500/848/304 497/845/304
f 513/861/305 519/867/305 529/877/305 530/878/305 522/870/305
f 526/874/306 530/878/306 529/877/306 525/873/306
f 528/876/307 526/874/307 525/873/307 514/862/307 521/869/307 527/875/307
f 524/872/308 518/866/308 517/865/308 523/871/308
f 516/864/309 521/869/309 514/862/309 520/868/309 517/865/309 518/866/309 515/863/309
f 531/879/310 537/885/310 547/895/310 548/896/310 540/888/310
f 544/892/311 548/896/311 547/895/311 543/891/311
f 546/894/312 544/892/312 543/891/312 532/880/312 539/887/312 545/893/312
f 542/890/313 536/884/313 535/883/313 541/889/313
f 534/882/314 539/887/314 532/880/314 538/886/314 535/883/314 536/884/314 533/881/314
f 549/897/315 555/903/315 565/913/315 566/914/315 558/906/315
f 562/910/316 566/914/316 565/913/316 561/909/316
f 564/912/317 562/910/317 561/909/317 550/898/317 557/905/317 563/911/317
f 560/908/318 554/902/318 553/901/318 559/907/318
f 552/900/319 557/905/319 550/898/319 556/904/319 553/901/319 554/902/319 551/899/319
f 567/915/320 573/921/320 583/931/320 584/932/320 576/924/320
f 580/928/321 584/932/321 583/931/321 579/927/321
f 582/930/322 580/928/322 579/927/322 568/916/322 575/923/322 581/929/322
f 578/926/323 572/920/323 571/919/323 577/925/323
f 570/918/324 575/923/324 568/916/324 574/922/324 571/919/324 572/920/324 569/917/324
f 585/933/325 591/939/325 601/949/325 602/950/325 594/942/325
f 598/946/326 602/950/326 601/949/326 597/945/326
f 600/948/327 598/946/327 597/945/327 586/934/327 593/941/327 599/947/327
f 596/944/328 590/938/328 589/937/328 595/943/328
f 588/936/329 593/941/329 586/934/329 592/940/329 589/937/329 590/938/329 587/935/329
f 603/951/330 609/957/330 619/967/330 620/968/330 612/960/330
f 616/964/331 620/968/331 619/967/331 615/963/331
f 618/966/332 616/964/332 615/963/332 604/952/332 611/959/332 617/965/332
f 614/962/333 608/956/333 607/955/333 613/961/333
f 606/954/334 611/959/334 604/952/334 610/958/334 607/955/334 608/956/334 605/953/334
f 621/969/335 627/975/335 637/985/335 638/986/335 630/978/335
f 634/982/336 638/986/336 637/985/336 633/981/336
f 636/984/337 634/982/337 633/981/337 622/970/337 629/977/337 635/983/337
f 632/980/338 626/974/338 625/973/338 631/979/338
f 624/972/339 629/977/339 622/970/339 628/976/339 625/973/339 626/974/339 623/971/339
f 639/987/340 645/993/340 655/1003/340 656/1004/340 648/996/340
f 652/1000/341 656/1004/341 655/1003/341 651/999/341
f 654/1002/342 652/1000/342 651/999/342 640/988/342 647/995/342 653/1001/342
f 650/998/343 644/992/343 643/991/343 649/997/343
f 642/990/344 647/995/344 640/988/344 646/994/344 643/991/344 644/992/344 641/989/344
f 657/1005/345 663/1011/345 673/1021/345 674/1022/345 666/1014/345
f 670/1018/346 674/1022/346 673/1021/346 669/1017/346
f 672/1020/347 670/1018/347 669/1017/347 658/1006/347 665/1013/347 671/1019/347
f 668/1016/348 662/1010/348 661/1009/348 667/1015/348
f 660/1008/349 665/1013/349 658/1006/349 664/1012/349 661/1009/349 662/1010/349 659/1007/349
f 675/1023/350 681/1029/350 691/1039/350 692/1040/350 684/1032/350
f 688/1036/351 692/1040/351 691/1039/351 687/1035/351
f 690/1038/352 688/1036/352 687/1035/352 676/1024/352 683/1031/352 689/1037/352
f 686/1034/353 680/1028/353 679/1027/353 685/1033/353
f 678/1026/354 683/1031/354 676/1024/354 682/1030/354 679/1027/354 680/1028/354 677/1025/354
f 693/1041/355 699/1047/355 709/1057/355 710/1058/355 702/1050/355
f 706/1054/356 710/1058/356 709/1057/356 705/1053/356
f 708/1056/357 706/1054/357 705/1053/357 694/1042/357 701/1049/357 707/1055/357
f 704/1052/358 698/1046/358 697/1045/358 703/1051/358
f 696/1044/359 701/1049/359 694/1042/359 700/1048/359 697/1045/359 698/1046/359 695/1043/359
f 711/1059/360 717/1065/360 727/1075/360 728/1076/360 720/1068/360
f 724/1072/361 728/1076/361 727/1075/361 723/1071/361
f 726/1074/362 724/1072/362 723/1071/362 712/1060/362 719/1067/362 725/1073/362
f 722/1070/363 716/1064/363 715/1063/363 721/1069/363
f 714/1062/364 719/1067/364 712/1060/364 718/1066/364 715/1063/364 716/1064/364 713/1061/364
f 729/1077/365 735/1083/365 745/1093/365 746/1094/365 738/1086/365
f 742/1090/366 746/1094/366 745/1093/366 741/1089/366
f 744/1092/367 742/1090/367 741/1089/367 730/1078/367 737/1085/367 743/1091/367
f 740/1088/368 734/1082/368 733/1081/368 739/1087/368
f 732/1080/369 737/1085/369 730/1078/369 736/1084/369 733/1081/369 734/1082/369 731/1079/369
f 747/1095/370 753/1101/370 763/1111/370 764/1112/370 756/1104/370
f 760/1108/371 764/1112/371 763/1111/371 759/1107/371
f 762/1110/372 760/1108/372 759/1107/372 748/1096/372 755/1103/372 761/1109/372
f 758/1106/373 752/1100/373 751/1099/373 757/1105/373
f 750/1098/374 755/1103/374 748/1096/374 754/1102/374 751/1099/374 752/1100/374 749/1097/374
f 765/1113/375 771/1119/375 781/1129/375 782/1130/375 774/1122/375
f 778/1126/376 782/1130/376 781/1129/376 777/1125/376
f 780/1128/377 778/1126/377 777/1125/377 766/1114/377 773/1121/377 779/1127/377
f 776/1124/378 770/1118/378 769/1117/378 775/1123/378
f 768/1116/379 773/1121/379 766/1114/379 772/1120/379 769/1117/379 770/1118/379 767/1115/379
f 783/1131/380 789/1137/380 799/1147/380 800/1148/380 792/1140/380
f 796/1144/381 800/1148/381 799/1147/381 795/1143/381
f 798/1146/382 796/1144/382 795/1143/382 784/1132/382 791/1139/382 797/1145/382
f 794/1142/383 788/1136/383 787/1135/383 793/1141/383
f 786/1134/384 791/1139/384 784/1132/384 790/1138/384 787/1135/384 788/1136/384 785/1133/384
f 801/1149/385 807/1155/385 817/1165/385 818/1166/385 810/1158/385
f 814/1162/386 818/1166/386 817/1165/386 813/1161/386
f 816/1164/387 814/1162/387 813/1161/387 802/1150/387 809/1157/387 815/1163/387
f 812/1160/388 806/1154/388 805/1153/388 811/1159/388
f 804/1152/389 809/1157/389 802/1150/389 808/1156/389 805/1153/389 806/1154/389 803/1151/389
f 819/1167/390 825/1173/390 835/1183/390 836/1184/390 828/1176/390
f 832/1180/391 836/1184/391 835/1183/391 831/1179/391
f 834/1182/392 832/1180/392 831/1179/392 820/1168/392 827/1175/392 833/1181/392
f 830/1178/393 824/1172/393 823/1171/393 829/1177/393
f 822/1170/394 827/1175/394 820/1168/394 826/1174/394 823/1171/394 824/1172/394 821/1169/394
f 837/1185/395 843/1191/395 853/1201/395 854/1202/395 846/1194/395
f 850/1198/396 854/1202/396 853/1201/396 849/1197/396
f 852/1200/397 850/1198/397 849/1197/397 838/1186/397 845/1193/397 851/1199/397
f 848/1196/398 842/1190/398 841/1189/398 847/1195/398
f 840/1188/399 845/1193/399 838/1186/399 844/1192/399 841/1189/399 842/1190/399 839/1187/399
f 855/1203/400 861/1209/400 871/1219/400 872/1220/400 864/1212/400
f 868/1216/401 872/1220/401 871/1219/401 867/1215/401
f 870/1218/402 868/1216/402 867/1215/402 856/1204/402 863/1211/402 869/1217/402
f 866/1214/403 860/1208/403 859/1207/403 865/1213/403
f 858/1206/404 863/1211/404 856/1204/404 862/1210/404 859/1207/404 860/1208/404 857/1205/404
f 873/1221/405 879/1227/405 889/1237/405 890/1238/405 882/1230/405
f 886/1234/406 890/1238/406 889/1237/406 885/1233/406
f 888/1236/407 886/1234/407 885/1233/407 874/1222/407 881/1229/407 887/1235/407
f 884/1232/408 878/1226/408 877/1225/408 883/1231/408
f 876/1224/409 881/1229/409 874/1222/409 880/1228/409 877/1225/409 878/1226/409 875/1223/409
f 891/1239/410 897/1245/410 907/1255/410 908/1256/410 900/1248/410
f 904/1252/411 908/1256/411 907/1255/411 903/1251/411
f 906/1254/412 904/1252/412 903/1251/412 892/1240/412 899/1247/412 905/1253/412
f 902/1250/413 896/1244/413 895/1243/413 901/1249/413
f 894/1242/414 899/1247/414 892/1240/414 898/1246/414 895/1243/414 896/1244/414 893/1241/414
f 909/1257/415 915/1263/415 925/1273/415 926/1274/415 918/1266/415
f 922/1270/416 926/1274/416 925/1273/416 921/1269/416
f 924/1272/417 922/1270/417 921/1269/417 910/1258/417 917/1265/417 923/1271/417
f 920/1268/418 914/1262/418 913/1261/418 919/1267/418
f 912/1260/419 917/1265/419 910/1258/419 916/1264/419 913/1261/419 914/1262/419 911/1259/419
f 927/1275/420 933/1281/420 943/1291/420 944/1292/420 936/1284/420
f 940/1288/421 944/1292/421 943/1291/421 939/1287/421
f 942/1290/422 940/1288/422 939/1287/422 928/1276/422 935/1283/422 941/1289/422
f 938/1286/423 932/1280/423 931/1279/423 937/1285/423
f 930/1278/424 935/1283/424 928/1276/424 934/1282/424 931/1279/424 932/1280/424 929/1277/424
f 945/1293/425 951/1299/425 961/1309/425 962/1310/425 954/1302/425
f 958/1306/426 962/1310/426 961/1309/426 957/1305/426
f 960/1308/427 958/1306/427 957/1305/427 946/1294/427 953/1301/427 959/1307/427
f 956/1304/428 950/1298/428 949/1297/428 955/1303/428
f 948/1296/429 953/1301/429 946/1294/429 952/1300/429 949/1297/429 950/1298/429 947/1295/429
f 963/1311/430 969/1317/430 979/1327/430 980/1328/430 972/1320/430
f 976/1324/431 980/1328/431 979/1327/431 975/1323/431
f 978/1326/432 976/1324/432 975/1323/432 964/1312/432 971/1319/432 977/1325/432
f 974/1322/433 968/1316/433 967/1315/433 973/1321/433
f 966/1314/434 971/1319/434 964/1312/434 970/1318/434 967/1315/434 968/1316/434 965/1313/434
f 981/1329/435 987/1335/435 997/1345/435 998/1346/435 990/1338/435
f 994/1342/436 998/1346/436 997/1345/436 993/1341/436
f 996/1344/437 994/1342/437 993/1341/437 982/1330/437 989/1337/437 995/1343/437
f 992/1340/438 986/1334/438 985/1333/438 991/1339/438
f 984/1332/439 989/1337/439 982/1330/439 988/1336/439 985/1333/439 986/1334/439 983/1331/439
f 999/1347/440 1005/1353/440 1015/1363/440 1016/1364/440 1008/1356/440
f 1012/1360/441 1016/1364/441 1015/1363/441 1011/1359/441
f 1014/1362/442 1012/1360/442 1011/1359/442 1000/1348/442 1007/1355/442 1013/1361/442
f 1010/1358/443 1004/1352/443 1003/1351/443 1009/1357/443
f 1002/1350/444 1007/1355/444 1000/1348/444 1006/1354/444 1003/1351/444 1004/1352/444 1001/1349/444
f 1017/1365/445 1023/1371/445 1033/1381/445 1034/1382/445 1026/1374/445
f 1030/1378/446 1034/1382/446 1033/1381/446 1029/1377/446
f 1032/1380/447 1030/1378/447 1029/1377/447 1018/1366/447 1025/1373/447 1031/1379/447
f 1028/1376/448 1022/1370/448 1021/1369/448 1027/1375/448
f 1020/1368/449 1025/1373/449 1018/1366/449 1024/1372/449 1021/1369/449 1022/1370/449 1019/1367/449
f 1035/1383/450 1041/1389/450 1051/1399/450 1052/1400/450 1044/1392/450
f 1048/1396/451 1052/1400/451 1051/1399/451 1047/1395/451
f 1050/1398/452 1048/1396/452 1047/1395/452 1036/1384/452 1043/1391/452 1049/1397/452
f 1046/1394/453 1040/1388/453 1039/1387/453 1045/1393/453
f 1038/1386/454 1043/1391/454 1036/1384/454 1042/1390/454 1039/1387/454 1040/1388/454 1037/1385/454
f 1053/1401/455 1059/1407/455 1069/1417/455 1070/1418/455 1062/1410/455
f 1066/1414/456 1070/1418/456 1069/1417/456 1065/1413/456
f 1068/1416/457 1066/1414/457 1065/1413/457 1054/1402/457 1061/1409/457 1067/1415/457
f 1064/1412/458 1058/1406/458 1057/1405/458 1063/1411/458
f 1056/1404/459 1061/1409/459 1054/1402/459 1060/1408/459 1057/1405/459 1058/1406/459 1055/1403/459
f 1071/1419/460 1077/1425/460 1087/1435/460 1088/1436/460 1080/1428/460
f 1084/1432/461 1088/1436/461 1087/1435/461 1083/1431/461
f 1086/1434/462 1084/1432/462 1083/1431/462 1072/1420/462 1079/1427/462 1085/1433/462
f 1082/1430/463 1076/1424/463 1075/1423/463 1081/1429/463
f 1074/1422/464 1079/1427/464 1072/1420/464 1078/1426/464 1075/1423/464 1076/1424/464 1073/1421/464
f 1089/1437/465 1095/1443/465 1105/1453/465 1106/1454/465 1098/1446/465
f 1102/1450/466 1106/1454/466 1105/1453/466 1101/1449/466
f 1104/1452/467 1102/1450/467 1101/1449/467 1090/1438/467 1097/1445/467 1103/1451/467
f 1100/1448/468 1094/1442/468 1093/1441/468 1099/1447/468
f 1092/1440/469 1097/1445/469 1090/1438/469 1096/1444/469 1093/1441/469 1094/1442/469 1091/1439/469
f 1107/1455/470 1113/1461/470 1123/1471/470 1124/1472/470 1116/1464/470
f 1120/1468/471 1124/1472/471 1123/1471/471 1119/1467/471
f 1122/1470/472 1120/1468/472 1119/1467/472 1108/1456/472 1115/1463/472 1121/1469/472
f 1118/1466/473 1112/1460/473 1111/1459/473 1117/1465/473
f 1110/1458/474 1115/1463/474 1108/1456/474 1114/1462/474 1111/1459/474 1112/1460/474 1109/1457/474
f 1125/1473/475 1131/1479/475 1141/1489/475 1142/1490/475 1134/1482/475
f 1138/1486/476 1142/1490/476 1141/1489/476 1137/1485/476
f 1140/1488/477 1138/1486/477 1137/1485/477 1126/1474/477 1133/1481/477 1139/1487/477
f 1136/1484/478 1130/1478/478 1129/1477/478 1135/1483/478
f 1128/1476/479 1133/1481/479 1126/1474/479 1132/1480/479 1129/1477/479 1130/1478/479 1127/1475/479
f 1143/1491/480 1149/1497/480 1159/1507/480 1160/1508/480 1152/1500/480
f 1156/1504/481 1160/1508/481 1159/1507/481 1155/1503/481
f 1158/1506/482 1156/1504/482 1155/1503/482 1144/1492/482 1151/1499/482 1157/1505/482
f 1154/1502/483 1148/1496/483 1147/1495/483 1153/1501/483
f 1146/1494/484 1151/1499/484 1144/1492/484 1150/1498/484 1147/1495/484 1148/1496/484 1145/1493/484
f 1161/1509/485 1167/1515/485 1177/1525/485 1178/1526/485 1170/1518/485
f 1174/1522/486 1178/1526/486 1177/1525/486 1173/1521/486
f 1176/1524/487 1174/1522/487 1173/1521/487 1162/1510/487 1169/1517/487 1175/1523/487
f 1172/1520/488 1166/1514/488 1165/1513/488 1171/1519/488
f 1164/1512/489 1169/1517/489 1162/1510/489 1168/1516/489 1165/1513/489 1166/1514/489 1163/1511/489
f 1179/1527/490 1185/1533/490 1195/1543/490 1196/1544/490 1188/1536/490
f 1192/1540/491 1196/1544/491 1195/1543/491 1191/1539/491
f 1194/1542/492 1192/1540/492 1191/1539/492 1180/1528/492 1187/1535/492 1193/1541/492
f 1190/1538/493 1184/1532/493 1183/1531/493 1189/1537/493
f 1182/1530/494 1187/1535/494 1180/1528/494 1186/1534/494 1183/1531/494 1184/1532/494 1181/1529/494
f 1197/1545/495 1203/1551/495 1213/1561/495 1214/1562/495 1206/1554/495
f 1210/1558/496 1214/1562/496 1213/1561/496 1209/1557/496
f 1212/1560/497 1210/1558/497 1209/1557/497 1198/1546/497 1205/1553/497 1211/1559/497
f 1208/1556/498 1202/1550/498 1201/1549/498 1207/1555/498
f 1200/1548/499 1205/1553/499 1198/1546/499 1204/1552/499 1201/1549/499 1202/1550/499 1199/1547/499
f 1215/1563/500 1221/1569/500 1231/1579/500 1232/1580/500 1224/1572/500
f 1228/1576/501 1232/1580/501 1231/1579/501 1227/1575/501
f 1230/1578/502 1228/1576/502 1227/1575/502 1216/1564/502 1223/1571/502 1229/1577/502
f 1226/1574/503 1220/1568/503 1219/1567/503 1225/1573/503
f 1218/1566/504 1223/1571/504 1216/1564/504 1222/1570/504 1219/1567/504 1220/1568/504 1217/1565/504
f 1233/1581/505 1239/1587/505 1249/1597/505 1250/1598/505 1242/1590/505
f 1246/1594/506 1250/1598/506 1249/1597/506 1245/1593/506
f 1248/1596/507 1246/1594/507 1245/1593/507 1234/1582/507 1241/1589/507 1247/1595/507
f 1244/1592/508 1238/1586/508 1237/1585/508 1243/1591/508
f 1236/1584/509 1241/1589/509 1234/1582/509 1240/1588/509 1237/1585/509 1238/1586/509 1235/1583/509
f 1251/1599/510 1257/1605/510 1267/1615/510 1268/1616/510 1260/1608/510
f 1264/1612/511 1268/1616/511 1267/1615/511 1263/1611/511
f 1266/1614/512 1264/1612/512 1263/1611/512 1252/1600/512 1259/1607/512 1265/1613/512
f 1262/1610/513 1256/1604/513 1255/1603/513 1261/1609/513
f 1254/1602/514 1259/1607/514 1252/1600/514 1258/1606/514 1255/1603/514 1256/1604/514 1253/1601/514
f 1269/1617/515 1275/1623/515 1285/1633/515 1286/1634/515 1278/1626/515
f 1282/1630/516 1286/1634/516 1285/1633/516 1281/1629/516
f 1284/1632/517 1282/1630/517 1281/1629/517 1270/1618/517 1277/1625/517 1283/1631/517
f 1280/1628/518 1274/1622/518 1273/1621/518 1279/1627/518
f 1272/1620/519 1277/1625/519 1270/1618/519 1276/1624/519 1273/1621/519 1274/1622/519 1271/1619/519
f 1287/1635/520 1293/1641/520 1303/1651/520 1304/1652/520 1296/1644/520
f 1300/1648/521 1304/1652/521 1303/1651/521 1299/1647/521
f 1302/1650/522 1300/1648/522 1299/1647/522 1288/1636/522 1295/1643/522 1301/1649/522
f 1298/1646/523 1292/1640/523 1291/1639/523 1297/1645/523
f 1290/1638/524 1295/1643/524 1288/1636/524 1294/1642/524 1291/1639/524 1292/1640/524 1289/1637/524
f 1305/1653/525 1311/1659/525 1321/1669/525 1322/1670/525 1314/1662/525
f 1318/1666/526 1322/1670/526 1321/1669/526 1317/1665/526
f 1320/1668/527 1318/1666/527 1317/1665/527 1306/1654/527 1313/1661/527 1319/1667/527
f 1316/1664/528 1310/1658/528 1309/1657/528 1315/1663/528
f 1308/1656/529 1313/1661/529 1306/1654/529 1312/1660/529 1309/1657/529 1310/1658/529 1307/1655/529
f 1323/1671/530 1329/1677/530 1339/1687/530 1340/1688/530 1332/1680/530
f 1336/1684/531 1340/1688/531 1339/1687/531 1335/1683/531
f 1338/1686/532 1336/1684/532 1335/1683/532 1324/1672/532 1331/1679/532 1337/1685/532
f 1334/1682/533 1328/1676/533 1327/1675/533 1333/1681/533
f 1326/1674/534 1331/1679/534 1324/1672/534 1330/1678/534 1327/1675/534 1328/1676/534 1325/1673/534
f 1341/1689/535 1347/1695/535 1357/1705/535 1358/1706/535 1350/1698/535
f 1354/1702/536 1358/1706/536 1357/1705/536 1353/1701/536
f 1356/1704/537 1354/1702/537 1353/1701/537 1342/1690/537 1349/1697/537 1355/1703/537
f 1352/1700/538 1346/1694/538 1345/1693/538 1351/1699/538
f 1344/1692/539 1349/1697/539 1342/1690/539 1348/1696/539 1345/1693/539 1346/1694/539 1343/1691/539
f 1359/1707/540 1365/1713/540 1375/1723/540 1376/1724/540 1368/1716/540
f 1372/1720/541 1376/1724/541 1375/1723/541 1371/1719/541
f 1374/1722/542 1372/1720/542 1371/1719/542 1360/1708/542 1367/1715/542 1373/1721/542
f 1370/1718/543 1364/1712/543 1363/1711/543 1369/1717/543
f 1362/1710/544 1367/1715/544 1360/1708/544 1366/1714/544 1363/1711/544 1364/1712/544 1361/1709/544
f 1377/1725/545 1383/1731/545 1393/1741/545 1394/1742/545 1386/1734/545
f 1390/1738/546 1394/1742/546 1393/1741/546 1389/1737/546
f 1392/1740/547 1390/1738/547 1389/1737/547 1378/1726/547 1385/1733/547 1391/1739/547
f 1388/1736/548 1382/1730/548 1381/1729/548 1387/1735/548
f 1380/1728/549 1385/1733/549 1378/1726/549 1384/1732/549 1381/1729/549 1382/1730/549 1379/1727/549
f 1395/1743/550 1401/1749/550 1411/1759/550 1412/1760/550 1404/1752/550
f 1408/1756/551 1412/1760/551 1411/1759/551 1407/1755/551
f 1410/1758/552 1408/1756/552 1407/1755/552 1396/1744/552 1403/1751/552 1409/1757/552
f 1406/1754/553 1400/1748/553 1399/1747/553 1405/1753/553
f 1398/1746/554 1403/1751/554 1396/1744/554 1402/1750/554 1399/1747/554 1400/1748/554 1397/1745/554
f 1413/1761/555 1419/1767/555 1429/1777/555 1430/1778/555 1422/1770/555
f 1426/1774/556 1430/1778/556 1429/1777/556 1425/1773/556
f 1428/1776/557 1426/1774/557 1425/1773/557 1414/1762/557 1421/1769/557 1427/1775/557
f 1424/1772/558 1418/1766/558 1417/1765/558 1423/1771/558
f 1416/1764/559 1421/1769/559 1414/1762/559 1420/1768/559 1417/1765/559 1418/1766/559 1415/1763/559
f 1431/1779/560 1437/1785/560 1447/1795/560 1448/1796/560 1440/1788/560
f 1444/1792/561 1448/1796/561 1447/1795/561 1443/1791/561
f 1446/1794/562 1444/1792/562 1443/1791/562 1432/1780/562 1439/1787/562 1445/1793/562
f 1442/1790/563 1436/1784/563 1435/1783/563 1441/1789/563
f 1434/1782/564 1439/1787/564 1432/1780/564 1438/1786/564 1435/1783/564 1436/1784/564 1433/1781/564
f 1449/1797/565 1455/1803/565 1465/1813/565 1466/1814/565 1458/1806/565
f 1462/1810/566 1466/1814/566 1465/1813/566 1461/1809/566
f 1464/1812/567 1462/1810/567 1461/1809/567 1450/1798/567 1457/1805/567 1463/1811/567
f 1460/1808/568 1454/1802/568 1453/1801/568 1459/1807/568
f 1452/1800/569 1457/1805/569 1450/1798/569 1456/1804/569 1453/1801/569 1454/1802/569 1451/1799/569
f 1467/1815/570 1473/1821/570 1483/1831/570 1484/1832/570 1476/1824/570
f 1480/1828/571 1484/1832/571 1483/1831/571 1479/1827/571
f 1482/1830/572 1480/1828/572 1479/1827/572 1468/1816/572 1475/1823/572 1481/1829/572
f 1478/1826/573 1472/1820/573 1471/1819/573 1477/1825/573
f 1470/1818/574 1475/1823/574 1468/1816/574 1474/1822/574 1471/1819/574 1472/1820/574 1469/1817/574
f 1485/1833/575 1491/1839/575 1501/1849/575 1502/1850/575 1494/1842/575
f 1498/1846/576 1502/1850/576 1501/1849/576 1497/1845/576
f 1500/1848/577 1498/1846/577 1497/1845/577 1486/1834/577 1493/1841/577 1499/1847/577
f 1496/1844/578 1490/1838/578 1489/1837/578 1495/1843/578
f 1488/1836/579 1493/1841/579 1486/1834/579 1492/1840/579 1489/1837/579 1490/1838/579 1487/1835/579
f 1503/1851/580 1509/1857/580 1519/1867/580 1520/1868/580 1512/1860/580
f 1516/1864/581 1520/1868/581 1519/1867/581 1515/1863/581
f 1518/1866/582 1516/1864/582 1515/1863/582 1504/1852/582 1511/1859/582 1517/1865/582
f 1514/1862/583 1508/1856/583 1507/1855/583 1513/1861/583
f 1506/1854/584 1511/1859/584 1504/1852/584 1510/1858/584 1507/1855/584 1508/1856/584 1505/1853/584
f 1521/1869/585 1527/1875/585 1537/1885/585 1538/1886/585 1530/1878/585
f 1534/1882/586 1538/1886/586 1537/1885/586 1533/1881/586
f 1536/1884/587 1534/1882/587 1533/1881/587 1522/1870/587 1529/1877/587 1535/1883/587
f 1532/1880/588 1526/1874/588 1525/1873/588 1531/1879/588
f 1524/1872/589 1529/1877/589 1522/1870/589 1528/1876/589 1525/1873/589 1526/1874/589 1523/1871/589
f 1539/1887/590 1545/1893/590 1555/1903/590 1556/1904/590 1548/1896/590
f 1552/1900/591 1556/1904/591 1555/1903/591 1551/1899/591
f 1554/1902/592 1552/1900/592 1551/1899/592 1540/1888/592 1547/1895/592 1553/1901/592
f 1550/1898/593 1544/1892/593 1543/1891/593 1549/1897/593
f 1542/1890/594 1547/1895/594 1540/1888/594 1546/1894/594 1543/1891/594 1544/1892/594 1541/1889/594
f 1557/1905/595 1563/1911/595 1573/1921/595 1574/1922/595 1566/1914/595
f 1570/1918/596 1574/1922/596 1573/1921/596 1569/1917/596
f 1572/1920/597 1570/1918/597 1569/1917/597 1558/1906/597 1565/1913/597 1571/1919/597
f 1568/1916/598 1562/1910/598 1561/1909/598 1567/1915/598
f 1560/1908/599 1565/1913/599 1558/1906/599 1564/1912/599 1561/1909/599 1562/1910/599 1559/1907/599
f 1575/1923/600 1581/1929/600 1591/1939/600 1592/1940/600 1584/1932/600
f 1588/1936/601 1592/1940/601 1591/1939/601 1587/1935/601
f 1590/1938/602 1588/1936/602 1587/1935/602 1576/1924/602 1583/1931/602 1589/1937/602
f 1586/1934/603 1580/1928/603 1579/1927/603 1585/1933/603
f 1578/1926/604 1583/1931/604 1576/1924/604 1582/1930/604 1579/1927/604 1580/1928/604 1577/1925/604
f 1593/1941/605 1599/1947/605 1609/1957/605 1610/1958/605 1602/1950/605
f 1606/1954/606 1610/1958/606 1609/1957/606 1605/1953/606
f 1608/1956/607 1606/1954/607 1605/1953/607 1594/1942/607 1601/1949/607 1607/1955/607
f 1604/1952/608 1598/1946/608 1597/1945/608 1603/1951/608
f 1596/1944/609 1601/1949/609 1594/1942/609 1600/1948/609 1597/1945/609 1598/1946/609 1595/1943/609
f 1611/1959/610 1617/1965/610 1627/1975/610 1628/1976/610 1620/1968/610
f 1624/1972/611 1628/1976/611 1627/1975/611 1623/1971/611
f 1626/1974/612 1624/1972/612 1623/1971/612 1612/1960/612 1619/1967/612 1625/1973/612
f 1622/1970/613 1616/1964/613 1615/1963/613 1621/1969/613
f 1614/1962/614 1619/1967/614 1612/1960/614 1618/1966/614 1615/1963/614 1616/1964/614 1613/1961/614
f 1629/1977/615 1635/1983/615 1645/1993/615 1646/1994/615 1638/1986/615
f 1642/1990/616 1646/1994/616 1645/1993/616 1641/1989/616
f 1644/1992/617 1642/1990/617 1641/1989/617 1630/1978/617 1637/1985/617 1643/1991/617
f 1640/1988/618 1634/1982/618 1633/1981/618 1639/1987/618
f 1632/1980/619 1637/1985/619 1630/1978/619 1636/1984/619 1633/1981/619 1634/1982/619 1631/1979/619
f 1647/1995/620 1653/2001/620 1663/2011/620 1664/2012/620 1656/2004/620
f 1660/2008/621 1664/2012/621 1663/2011/621 1659/2007/621
f 1662/2010/622 1660/2008/622 1659/2007/622 1648/1996/622 1655/2003/622 1661/2009/622
f 1658/2006/623 1652/2000/623 1651/1999/623 1657/2005/623
f 1650/1998/624 1655/2003/624 1648/1996/624 1654/2002/624 1651/1999/624 1652/2000/624 1649/1997/624
f 1665/2013/625 1671/2019/625 1681/2029/625 1682/2030/625 1674/2022/625
f 1678/2026/626 1682/2030/626 1681/2029/626 1677/2025/626
f 1680/2028/627 1678/2026/627 1677/2025/627 1666/2014/627 1673/2021/627 1679/2027/627
f 1676/2024/628 1670/2018/628 1669/2017/628 1675/2023/628
f 1668/2016/629 1673/2021/629 1666/2014/629 1672/2020/629 1669/2017/629 1670/2018/629 1667/2015/629
f 1683/2031/630 1689/2037/630 1699/2047/630 1700/2048/630 1692/2040/630
f 1696/2044/631 1700/2048/631 1699/2047/631 1695/2043/631
f 1698/2046/632 1696/2044/632 1695/2043/632 1684/2032/632 1691/2039/632 1697/2045/632
f 1694/2042/633 1688/2036/633 1687/2035/633 1693/2041/633
f 1686/2034/634 1691/2039/634 1684/2032/634 1690/2038/634 1687/2035/634 1688/2036/634 1685/2033/634
f 1701/2049/635 1707/2055/635 1717/2065/635 1718/2066/635 1710/2058/635
f 1714/2062/636 1718/2066/636 1717/2065/636 1713/2061/636
f 1716/2064/637 1714/2062/637 1713/2061/637 1702/2050/637 1709/2057/637 1715/2063/637
f 1712/2060/638 1706/2054/638 1705/2053/638 1711/2059/638
f 1704/2052/639 1709/2057/639 1702/2050/639 1708/2056/639 1705/2053/639 1706/2054/639 1703/2051/639
f 1719/2067/640 1725/2073/640 1735/2083/640 1736/2084/640 1728/2076/640
f 1732/2080/641 1736/2084/641 1735/2083/641 1731/2079/641
f 1734/2082/642 1732/2080/642 1731/2079/642 1720/2068/642 1727/2075/642 1733/2081/642
f 1730/2078/643 1724/2072/643 1723/2071/643 1729/2077/643
f 1722/2070/644 1727/2075/644 1720/2068/644 1726/2074/644 1723/2071/644 1724/2072/644 1721/2069/644
f 1737/2085/645 1743/2091/645 1753/2101/645 1754/2102/645 1746/2094/645
f 1750/2098/646 1754/2102/646 1753/2101/646 1749/2097/646
f 1752/2100/647 1750/2098/647 1749/2097/647 1738/2086/647 1745/2093/647 1751/2099/647
f 1748/2096/648 1742/2090/648 1741/2089/648 1747/2095/648
f 1740/2088/649 1745/2093/649 1738/2086/649 1744/2092/649 1741/2089/649 1742/2090/649 1739/2087/649
f 1755/2103/650 1761/2109/650 1771/2119/650 1772/2120/650 1764/2112/650
f 1768/2116/651 1772/2120/651 1771/2119/651 1767/2115/651
f 1770/2118/652 1768/2116/652 1767/2115/652 1756/2104/652 1763/2111/652 1769/2117/652
f 1766/2114/653 1760/2108/653 1759/2107/653 1765/2113/653
f 1758/2106/654 1763/2111/654 1756/2104/654 1762/2110/654 1759/2107/654 1760/2108/654 1757/2105/654
f 1773/2121/655 1779/2127/655 1789/2137/655 1790/2138/655 1782/2130/655
f 1786/2134/656 1790/2138/656 1789/2137/656 1785/2133/656
f 1788/2136/657 1786/2134/657 1785/2133/657 1774/2122/657 1781/2129/657 1787/2135/657
f 1784/2132/658 1778/2126/658 1777/2125/658 1783/2131/658
f 1776/2124/659 1781/2129/659 1774/2122/659 1780/2128/659 1777/2125/659 1778/2126/659 1775/2123/659
f 1791/2139/660 1797/2145/660 1807/2155/660 1808/2156/660 1800/2148/660
f 1804/2152/661 1808/2156/661 1807/2155/661 1803/2151/661
f 1806/2154/662 1804/2152/662 1803/2151/662 1792/2140/662 1799/2147/662 1805/2153/662
f 1802/2150/663 1796/2144/663 1795/2143/663 1801/2149/663
f 1794/2142/664 1799/2147/664 1792/2140/664 1798/2146/664 1795/2143/664 1796/2144/664 1793/2141/664
f 1809/2157/665 1815/2163/665 1825/2173/665 1826/2174/665 1818/2166/665
f 1822/2170/666 1826/2174/666 1825/2173/666 1821/2169/666
f 1824/2172/667 1822/2170/667 1821/2169/667 1810/2158/667 1817/2165/667 1823/2171/667
f 1820/2168/668 1814/2162/668 1813/2161/668 1819/2167/668
f 1812/2160/669 1817/2165/669 1810/2158/669 1816/2164/669 1813/2161/669 1814/2162/669 1811/2159/669
f 1827/2175/670 1833/2181/670 1843/2191/670 1844/2192/670 1836/2184/670
f 1840/2188/671 1844/2192/671 1843/2191/671 1839/2187/671
f 1842/2190/672 1840/2188/672 1839/2187/672 1828/2176/672 1835/2183/672 1841/2189/672
f 1838/2186/673 1832/2180/673 1831/2179/673 1837/2185/673
f 1830/2178/674 1835/2183/674 1828/2176/674 1834/2182/674 1831/2179/674 1832/2180/674 1829/2177/674
f 1845/2193/675 1851/2199/675 1861/2209/675 1862/2210/675 1854/2202/675
f 1858/2206/676 1862/2210/676 1861/2209/676 1857/2205/676
f 1860/2208/677 1858/2206/677 1857/2205/677 1846/2194/677 1853/2201/677 1859/2207/677
f 1856/2204/678 1850/2198/678 1849/2197/678 1855/2203/678
f 1848/2196/679 1853/2201/679 1846/2194/679 1852/2200/679 1849/2197/679 1850/2198/679 1847/2195/679
f 1863/2211/680 1869/2217/680 1879/2227/680 1880/2228/680 1872/2220/680
f 1876/2224/681 1880/2228/681 1879/2227/681 1875/2223/681
f 1878/2226/682 1876/2224/682 1875/2223/682 1864/2212/682 1871/2219/682 1877/2225/682
f 1874/2222/683 1868/2216/683 1867/2215/683 1873/2221/683
f 1866/2214/684 1871/2219/684 1864/2212/684 1870/2218/684 1867/2215/684 1868/2216/684 1865/2213/684
f 1881/2229/685 1887/2235/685 1897/2245/685 1898/2246/685 1890/2238/685
f 1894/2242/686 1898/2246/686 1897/2245/686 1893/2241/686
f 1896/2244/687 1894/2242/687 1893/2241/687 1882/2230/687 1889/2237/687 1895/2243/687
f 1892/2240/688 1886/2234/688 1885/2233/688 1891/2239/688
f 1884/2232/689 1889/2237/689 1882/2230/689 1888/2236/689 1885/2233/689 1886/2234/689 1883/2231/689
f 1899/2247/690 1905/2253/690 1915/2263/690 1916/2264/690 1908/2256/690
f 1912/2260/691 1916/2264/691 1915/2263/691 1911/2259/691
f 1914/2262/692 1912/2260/692 1911/2259/692 1900/2248/692 1907/2255/692 1913/2261/692
f 1910/2258/693 1904/2252/693 1903/2251/693 1909/2257/693
f 1902/2250/694 1907/2255/694 1900/2248/694 1906/2254/694 1903/2251/694 1904/2252/694 1901/2249/694
f 1917/2265/695 1923/2271/695 1933/2281/695 1934/2282/695 1926/2274/695
f 1930/2278/696 1934/2282/696 1933/2281/696 1929/2277/696
f 1932/2280/697 1930/2278/697 1929/2277/697 1918/2266/697 1925/2273/697 1931/2279/697
f 1928/2276/698 1922/2270/698 1921/2269/698 1927/2275/698
f 1920/2268/699 1925/2273/699 1918/2266/699 1924/2272/699 1921/2269/699 1922/2270/699 1919/2267/699
f 1935/2283/700 1941/2289/700 1951/2299/700 1952/2300/700 1944/2292/700
f 1948/2296/701 1952/2300/701 1951/2299/701 1947/2295/701
f 1950/2298/702 1948/2296/702 1947/2295/702 1936/2284/702 1943/2291/702 1949/2297/702
f 1946/2294/703 1940/2288/703 1939/2287/703 1945/2293/703
f 1938/2286/704 1943/2291/704 1936/2284/704 1942/2290/704 1939/2287/704 1940/2288/704 1937/2285/704
f 1953/2301/705 1959/2307/705 1969/2317/705 1970/2318/705 1962/2310/705
f 1966/2314/706 1970/2318/706 1969/2317/706 1965/2313/706
f 1968/2316/707 1966/2314/707 1965/2313/707 1954/2302/707 1961/2309/707 1967/2315/707
f 1964/2312/708 1958/2306/708 1957/2305/708 1963/2311/708
f 1956/2304/709 1961/2309/709 1954/2302/709 1960/2308/709 1957/2305/709 1958/2306/709 1955/2303/709
f 1971/2319/710 1977/2325/710 1987/2335/710 1988/2336/710 1980/2328/710
f 1984/2332/711 1988/2336/711 1987/2335/711 1983/2331/711
f 1986/2334/712 1984/2332/712 1983/2331/712 1972/2320/712 1979/2327/712 1985/2333/712
f 1982/2330/713 1976/2324/713 1975/2323/713 1981/2329/713
f 1974/2322/714 1979/2327/714 1972/2320/714 1978/2326/714 1975/2323/714 1976/2324/714 1973/2321/714
f 1989/2337/715 1995/2343/715 2005/2353/715 2006/2354/715 1998/2346/715
f 2002/2350/716 2006/2354/716 2005/2353/716 2001/2349/716
f 2004/2352/717 2002/2350/717 2001/2349/717 1990/2338/717 1997/2345/717 2003/2351/717
f 2000/2348/718 1994/2342/718 1993/2341/718 1999/2347/718
f 1992/2340/719 1997/2345/719 1990/2338/719 1996/2344/719 1993/2341/719 1994/2342/719 1991/2339/719
f 2007/2355/720 2013/2361/720 2023/2371/720 2024/2372/720 2016/2364/720
f 2020/2368/721 2024/2372/721 2023/2371/721 2019/2367/721
f 2022/2370/722 2020/2368/722 2019/2367/722 2008/2356/722 2015/2363/722 2021/2369/722
f 2018/2366/723 2012/2360/723 2011/2359/723 2017/2365/723
f 2010/2358/724 2015/2363/724 2008/2356/724 2014/2362/724 2011/2359/724 2012/2360/724 2009/2357/724
f 2025/2373/725 2031/2379/725 2041/2389/725 2042/2390/725 2034/2382/725
f 2038/2386/726 2042/2390/726 2041/2389/726 2037/2385/726
f 2040/2388/727 2038/2386/727 2037/2385/727 2026/2374/727 2033/2381/727 2039/2387/727
f 2036/2384/728 2030/2378/728 2029/2377/728 2035/2383/728
f 2028/2376/729 2033/2381/729 2026/2374/729 2032/2380/729 2029/2377/729 2030/2378/729 2027/2375/729
f 2043/2391/730 2049/2397/730 2059/2407/730 2060/2408/730 2052/2400/730
f 2056/2404/731 2060/2408/731 2059/2407/731 2055/2403/731
f 2058/2406/732 2056/2404/732 2055/2403/732 2044/2392/732 2051/2399/732 2057/2405/732
f 2054/2402/733 2048/2396/733 2047/2395/733 2053/2401/733
f 2046/2394/734 2051/2399/734 2044/2392/734 2050/2398/734 2047/2395/734 2048/2396/734 2045/2393/734
f 2061/2409/735 2067/2415/735 2077/2425/735 2078/2426/735 2070/2418/735
f 2074/2422/736 2078/2426/736 2077/2425/736 2073/2421/736
f 2076/2424/737 2074/2422/737 2073/2421/737 2062/2410/737 2069/2417/737 2075/2423/737
f 2072/2420/738 2066/2414/738 2065/2413/738 2071/2419/738
f 2064/2412/739 2069/2417/739 2062/2410/739 2068/2416/739 2065/2413/739 2066/2414/739 2063/2411/739
f 2079/2427/740 2085/2433/740 2095/2443/740 2096/2444/740 2088/2436/740
f 2092/2440/741 2096/2444/741 2095/2443/741 2091/2439/741
f 2094/2442/742 2092/2440/742 2091/2439/742 2080/2428/742 2087/2435/742 2093/2441/742
f 2090/2438/743 2084/2432/743 2083/2431/743 2089/2437/743
f 2082/2430/744 2087/2435/744 2080/2428/744 2086/2434/744 2083/2431/744 2084/2432/744 2081/2429/744
f 2097/2445/745 2103/2451/745 2113/2461/745 2114/2462/745 2106/2454/745
f 2110/2458/746 2114/2462/746 2113/2461/746 2109/2457/746
f 2112/2460/747 2110/2458/747 2109/2457/747 2098/2446/747 2105/2453/747 2111/2459/747
f 2108/2456/748 2102/2450/748 2101/2449/748 2107/2455/748
f 2100/2448/749 2105/2453/749 2098/2446/749 2104/2452/749 2101/2449/749 2102/2450/749 2099/2447/749
f 2115/2463/750 2121/2469/750 2131/2479/750 2132/2480/750 2124/2472/750
f 2128/2476/751 2132/2480/751 2131/2479/751 2127/2475/751
f 2130/2478/752 2128/2476/752 2127/2475/752 2116/2464/752 2123/2471/752 2129/2477/752
f 2126/2474/753 2120/2468/753 2119/2467/753 2125/2473/753
f 2118/2466/754 2123/2471/754 2116/2464/754 2122/2470/754 2119/2467/754 2120/2468/754 2117/2465/754
f 2133/2481/755 2139/2487/755 2149/2497/755 2150/2498/755 2142/2490/755
f 2146/2494/756 2150/2498/756 2149/2497/756 2145/2493/756
f 2148/2496/757 2146/2494/757 2145/2493/757 2134/2482/757 2141/2489/757 2147/2495/757
f 2144/2492/758 2138/2486/758 2137/2485/758 2143/2491/758
f 2136/2484/759 2141/2489/759 2134/2482/759 2140/2488/759 2137/2485/759 2138/2486/759 2135/2483/759
f 2151/2499/760 2157/2505/760 2167/2515/760 2168/2516/760 2160/2508/760
f 2164/2512/761 2168/2516/761 2167/2515/761 2163/2511/761
f 2166/2514/762 2164/2512/762 2163/2511/762 2152/2500/762 2159/2507/762 2165/2513/762
f 2162/2510/763 2156/2504/763 2155/2503/763 2161/2509/763
f 2154/2502/764 2159/2507/764 2152/2500/764 2158/2506/764 2155/2503/764 2156/2504/764 2153/2501/764
f 2169/2517/765 2175/2523/765 2185/2533/765 2186/2534/765 2178/2526/765
f 2182/2530/766 2186/2534/766 2185/2533/766 2181/2529/766
f 2184/2532/767 2182/2530/767 2181/2529/767 2170/2518/767 2177/2525/767 2183/2531/767
f 2180/2528/768 2174/2522/768 2173/2521/768 2179/2527/768
f 2172/2520/769 2177/2525/769 2170/2518/769 2176/2524/769 2173/2521/769 2174/2522/769 2171/2519/769
f 2187/2535/770 2193/2541/770 2203/2551/770 2204/2552/770 2196/2544/770
f 2200/2548/771 2204/2552/771 2203/2551/771 2199/2547/771
f 2202/2550/772 2200/2548/772 2199/2547/772 2188/2536/772 2195/2543/772 2201/2549/772
f 2198/2546/773 2192/2540/773 2191/2539/773 2197/2545/773
f 2190/2538/774 2195/2543/774 2188/2536/774 2194/2542/774 2191/2539/774 2192/2540/774 2189/2537/774
f 2205/2553/775 2211/2559/775 2221/2569/775 2222/2570/775 2214/2562/775
f 2218/2566/776 2222/2570/776 2221/2569/776 2217/2565/776
f 2220/2568/777 2218/2566/777 2217/2565/777 2206/2554/777 2213/2561/777 2219/2567/777
f 2216/2564/778 2210/2558/778 2209/2557/778 2215/2563/778
f 2208/2556/779 2213/2561/779 2206/2554/779 2212/2560/779 2209/2557/779 2210/2558/779 2207/2555/779
f 2223/2571/780 2229/2577/780 2239/2587/780 2240/2588/780 2232/2580/780
f 2236/2584/781 2240/2588/781 2239/2587/781 2235/2583/781
f 2238/2586/782 2236/2584/782 2235/2583/782 2224/2572/782 2231/2579/782 2237/2585/782
f 2234/2582/783 2228/2576/783 2227/2575/783 2233/2581/783
f 2226/2574/784 2231/2579/784 2224/2572/784 2230/2578/784 2227/2575/784 2228/2576/784 2225/2573/784
f 2241/2589/785 2247/2595/785 2257/2605/785 2258/2606/785 2250/2598/785
f 2254/2602/786 2258/2606/786 2257/2605/786 2253/2601/786
f 2256/2604/787 2254/2602/787 2253/2601/787 2242/2590/787 2249/2597/787 2255/2603/787
f 2252/2600/788 2246/2594/788 2245/2593/788 2251/2599/788
f 2244/2592/789 2249/2597/789 2242/2590/789 2248/2596/789 2245/2593/789 2246/2594/789 2243/2591/789
f 2259/2607/790 2265/2613/790 2275/2623/790 2276/2624/790 2268/2616/790
f 2272/2620/791 2276/2624/791 2275/2623/791 2271/2619/791
f 2274/2622/792 2272/2620/792 2271/2619/792 2260/2608/792 2267/2615/792 2273/2621/792
f 2270/2618/793 2264/2612/793 2263/2611/793 2269/2617/793
f 2262/2610/794 2267/2615/794 2260/2608/794 2266/2614/794 2263/2611/794 2264/2612/794 2261/2609/794
f 2277/2625/795 2283/2631/795 2293/2641/795 2294/2642/795 2286/2634/795
f 2290/2638/796 2294/2642/796 2293/2641/796 2289/2637/796
f 2292/2640/797 2290/2638/797 2289/2637/797 2278/2626/797 2285/2633/797 2291/2639/797
f 2288/2636/798 2282/2630/798 2281/2629/798 2287/2635/798
f 2280/2628/799 2285/2633/799 2278/2626/799 2284/2632/799 2281/2629/799 2282/2630/799 2279/2627/799
f 2295/2643/800 2301/2649/800 2311/2659/800 2312/2660/800 2304/2652/800
f 2308/2656/801 2312/2660/801 2311/2659/801 2307/2655/801
f 2310/2658/802 2308/2656/802 2307/2655/802 2296/2644/802 2303/2651/802 2309/2657/802
f 2306/2654/803 2300/2648/803 2299/2647/803 2305/2653/803
f 2298/2646/804 2303/2651/804 2296/2644/804 2302/2650/804 2299/2647/804 2300/2648/804 2297/2645/804
f 2313/2661/805 2319/2667/805 2329/2677/805 2330/2678/805 2322/2670/805
f 2326/2674/806 2330/2678/806 2329/2677/806 2325/2673/806
f 2328/2676/807 2326/2674/807 2325/2673/807 2314/2662/807 2321/2669/807 2327/2675/807
f 2324/2672/808 2318/2666/808 2317/2665/808 2323/2671/808
f 2316/2664/809 2321/2669/809 2314/2662/809 2320/2668/809 2317/2665/809 2318/2666/809 2315/2663/809
f 2331/2679/810 2337/2685/810 2347/2695/810 2348/2696/810 2340/2688/810
f 2344/2692/811 2348/2696/811 2347/2695/811 2343/2691/811
f 2346/2694/812 2344/2692/812 2343/2691/812 2332/2680/812 2339/2687/812 2345/2693/812
f 2342/2690/813 2336/2684/813 2335/2683/813 2341/2689/813
f 2334/2682/814 2339/2687/814 2332/2680/814 2338/2686/814 2335/2683/814 2336/2684/814 2333/2681/814
f 2349/2697/815 2355/2703/815 2365/2713/815 2366/2714/815 2358/2706/815
f 2362/2710/816 2366/2714/816 2365/2713/816 2361/2709/816
f 2364/2712/817 2362/2710/817 2361/2709/817 2350/2698/817 2357/2705/817 2363/2711/817
f 2360/2708/818 2354/2702/818 2353/2701/818 2359/2707/818
f 2352/2700/819 2357/2705/819 2350/2698/819 2356/2704/819 2353/2701/819 2354/2702/819 2351/2699/819
f 2367/2715/820 2373/2721/820 2383/2731/820 2384/2732/820 2376/2724/820
f 2380/2728/821 2384/2732/821 2383/2731/821 2379/2727/821
f 2382/2730/822 2380/2728/822 2379/2727/822 2368/2716/822 2375/2723/822 2381/2729/822
f 2378/2726/823 2372/2720/823 2371/2719/823 2377/2725/823
f 2370/2718/824 2375/2723/824 2368/2716/824 2374/2722/824 2371/2719/824 2372/2720/824 2369/2717/824
f 2385/2733/825 2391/2739/825 2401/2749/825 2402/2750/825 2394/2742/825
f 2398/2746/826 2402/2750/826 2401/2749/826 2397/2745/826
f 2400/2748/827 2398/2746/827 2397/2745/827 2386/2734/827 2393/2741/827 2399/2747/827
f 2396/2744/828 2390/2738/828 2389/2737/828 2395/2743/828
f 2388/2736/829 2393/2741/829 2386/2734/829 2392/2740/829 2389/2737/829 2390/2738/829 2387/2735/829
f 2403/2751/830 2409/2757/830 2419/2767/830 2420/2768/830 2412/2760/830
f 2416/2764/831 2420/2768/831 2419/2767/831 2415/2763/831
f 2418/2766/832 2416/2764/832 2415/2763/832 2404/2752/832 2411/2759/832 2417/2765/832
f 2414/2762/833 2408/2756/833 2407/2755/833 2413/2761/833
f 2406/2754/834 2411/2759/834 2404/2752/834 2410/2758/834 2407/2755/834 2408/2756/834 2405/2753/834
f 2421/2769/835 2427/2775/835 2437/2785/835 2438/2786/835 2430/2778/835
f 2434/2782/836 2438/2786/836 2437/2785/836 2433/2781/836
f 2436/2784/837 2434/2782/837 2433/2781/837 2422/2770/837 2429/2777/837 2435/2783/837
f 2432/2780/838 2426/2774/838 2425/2773/838 2431/2779/838
f 2424/2772/839 2429/2777/839 2422/2770/839 2428/2776/839 2425/2773/839 2426/2774/839 2423/2771/839
f 2439/2787/840 2445/2793/840 2455/2803/840 2456/2804/840 2448/2796/840
f 2452/2800/841 2456/2804/841 2455/2803/841 2451/2799/841
f 2454/2802/842 2452/2800/842 2451/2799/842 2440/2788/842 2447/2795/842 2453/2801/842
f 2450/2798/843 2444/2792/843 2443/2791/843 2449/2797/843
f 2442/2790/844 2447/2795/844 2440/2788/844 2446/2794/844 2443/2791/844 2444/2792/844 2441/2789/844
f 2457/2805/845 2463/2811/845 2473/2821/845 2474/2822/845 2466/2814/845
f 2470/2818/846 2474/2822/846 2473/2821/846 2469/2817/846
f 2472/2820/847 2470/2818/847 2469/2817/847 2458/2806/847 2465/2813/847 2471/2819/847
f 2468/2816/848 2462/2810/848 2461/2809/848 2467/2815/848
f 2460/2808/849 2465/2813/849 2458/2806/849 2464/2812/849 2461/2809/849 2462/2810/849 2459/2807/849
f 2475/2823/850 2481/2829/850 2491/2839/850 2492/2840/850 2484/2832/850
f 2488/2836/851 2492/2840/851 2491/2839/851 2487/2835/851
f 2490/2838/852 2488/2836/852 2487/2835/852 2476/2824/852 2483/2831/852 2489/2837/852
f 2486/2834/853 2480/2828/853 2479/2827/853 2485/2833/853
f 2478/2826/854 2483/2831/854 2476/2824/854 2482/2830/854 2479/2827/854 2480/2828/854 2477/2825/854
f 2493/2841/855 2499/2847/855 2509/2857/855 2510/2858/855 2502/2850/855
f 2506/2854/856 2510/2858/856 2509/2857/856 2505/2853/856
f 2508/2856/857 2506/2854/857 2505/2853/857 2494/2842/857 2501/2849/857 2507/2855/857
f 2504/2852/858 2498/2846/858 2497/2845/858 2503/2851/858
f 2496/2844/859 2501/2849/859 2494/2842/859 2500/2848/859 2497/2845/859 2498/2846/859 2495/2843/859
f 2511/2859/860 2517/2865/860 2527/2875/860 2528/2876/860 2520/2868/860
f 2524/2872/861 2528/2876/861 2527/2875/861 2523/2871/861
f 2526/2874/862 2524/2872/862 2523/2871/862 2512/2860/862 2519/2867/862 2525/2873/862
f 2522/2870/863 2516/2864/863 2515/2863/863 2521/2869/863
f 2514/2862/864 2519/2867/864 2512/2860/864 2518/2866/864 2515/2863/864 2516/2864/864 2513/2861/864
f 2529/2877/865 2535/2883/865 2545/2893/865 2546/2894/865 2538/2886/865
f 2542/2890/866 2546/2894/866 2545/2893/866 2541/2889/866
f 2544/2892/867 2542/2890/867 2541/2889/867 2530/2878/867 2537/2885/867 2543/2891/867
f 2540/2888/868 2534/2882/868 2533/2881/868 2539/2887/868
f 2532/2880/869 2537/2885/869 2530/2878/869 2536/2884/869 2533/2881/869 2534/2882/869 2531/2879/869
f 2547/2895/870 2553/2901/870 2563/2911/870 2564/2912/870 2556/2904/870
f 2560/2908/871 2564/2912/871 2563/2911/871 2559/2907/871
f 2562/2910/872 2560/2908/872 2559/2907/872 2548/2896/872 2555/2903/872 2561/2909/872
f 2558/2906/873 2552/2900/873 2551/2899/873 2557/2905/873
f 2550/2898/874 2555/2903/874 2548/2896/874 2554/2902/874 2551/2899/874 2552/2900/874 2549/2897/874
f 2565/2913/875 2571/2919/875 2581/2929/875 2582/2930/875 2574/2922/875
f 2578/2926/876 2582/2930/876 2581/2929/876 2577/2925/876
f 2580/2928/877 2578/2926/877 2577/2925/877 2566/2914/877 2573/2921/877 2579/2927/877
f 2576/2924/878 2570/2918/878 2569/2917/878 2575/2923/878
f 2568/2916/879 2573/2921/879 2566/2914/879 2572/2920/879 2569/2917/879 2570/2918/879 2567/2915/879
f 2583/2931/880 2589/2937/880 2599/2947/880 2600/2948/880 2592/2940/880
f 2596/2944/881 2600/2948/881 2599/2947/881 2595/2943/881
f 2598/2946/882 2596/2944/882 2595/2943/882 2584/2932/882 2591/2939/882 2597/2945/882
f 2594/2942/883 2588/2936/883 2587/2935/883 2593/2941/883
f 2586/2934/884 2591/2939/884 2584/2932/884 2590/2938/884 2587/2935/884 2588/2936/884 2585/2933/884
f 2601/2949/885 2607/2955/885 2617/2965/885 2618/2966/885 2610/2958/885
f 2614/2962/886 2618/2966/886 2617/2965/886 2613/2961/886
f 2616/2964/887 2614/2962/887 2613/2961/887 2602/2950/887 2609/2957/887 2615/2963/887
f 2612/2960/888 2606/2954/888 2605/2953/888 2611/2959/888
f 2604/2952/889 2609/2957/889 2602/2950/889 2608/2956/889 2605/2953/889 2606/2954/889 2603/2951/889
f 2619/2967/890 2625/2973/890 2635/2983/890 2636/2984/890 2628/2976/890
f 2632/2980/891 2636/2984/891 2635/2983/891 2631/2979/891
f 2634/2982/892 2632/2980/892 2631/2979/892 2620/2968/892 2627/2975/892 2633/2981/892
f 2630/2978/893 2624/2972/893 2623/2971/893 2629/2977/893
f 2622/2970/894 2627/2975/894 2620/2968/894 2626/2974/894 2623/2971/894 2624/2972/894 2621/2969/894
f 2637/2985/895 2643/2991/895 2653/3001/895 2654/3002/895 2646/2994/895
f 2650/2998/896 2654/3002/896 2653/3001/896 2649/2997/896
f 2652/3000/897 2650/2998/897 2649/2997/897 2638/2986/897 2645/2993/897 2651/2999/897
f 2648/2996/898 2642/2990/898 2641/2989/898 2647/2995/898
f 2640/2988/899 2645/2993/899 2638/2986/899 2644/2992/899 2641/2989/899 2642/2990/899 2639/2987/899
f 2655/3003/900 2661/3009/900 2671/3019/900 2672/3020/900 2664/3012/900
f 2668/3016/901 2672/3020/901 2671/3019/901 2667/3015/901
f 2670/3018/902 2668/3016/902 2667/3015/902 2656/3004/902 2663/3011/902 2669/3017/902
f 2666/3014/903 2660/3008/903 2659/3007/903 2665/3013/903
f 2658/3006/904 2663/3011/904 2656/3004/904 2662/3010/904 2659/3007/904 2660/3008/904 2657/3005/904
f 2673/3021/905 2679/3027/905 2689/3037/905 2690/3038/905 2682/3030/905
f 2686/3034/906 2690/3038/906 2689/3037/906 2685/3033/906
f 2688/3036/907 2686/3034/907 2685/3033/907 2674/3022/907 2681/3029/907 2687/3035/907
f 2684/3032/908 2678/3026/908 2677/3025/908 2683/3031/908
f 2676/3024/909 2681/3029/909 2674/3022/909 2680/3028/909 2677/3025/909 2678/3026/909 2675/3023/909
f 2691/3039/910 2697/3045/910 2707/3055/910 2708/3056/910 2700/3048/910
f 2704/3052/911 2708/3056/911 2707/3055/911 2703/3051/911
f 2706/3054/912 2704/3052/912 2703/3051/912 2692/3040/912 2699/3047/912 2705/3053/912
f 2702/3050/913 2696/3044/913 2695/3043/913 2701/3049/913
f 2694/3042/914 2699/3047/914 2692/3040/914 2698/3046/914 2695/3043/914 2696/3044/914 2693/3041/914
f 2709/3057/915 2715/3063/915 2725/3073/915 2726/3074/915 2718/3066/915
f 2722/3070/916 2726/3074/916 2725/3073/916 2721/3069/916
f 2724/3072/917 2722/3070/917 2721/3069/917 2710/3058/917 2717/3065/917 2723/3071/917
f 2720/3068/918 2714/3062/918 2713/3061/918 2719/3067/918
f 2712/3060/919 2717/3065/919 2710/3058/919 2716/3064/919 2713/3061/919 2714/3062/919 2711/3059/919
f 2727/3075/920 2733/3081/920 2743/3091/920 2744/3092/920 2736/3084/920
f 2740/3088/921 2744/3092/921 2743/3091/921 2739/3087/921
f 2742/3090/922 2740/3088/922 2739/3087/922 2728/3076/922 2735/3083/922 2741/3089/922
f 2738/3086/923 2732/3080/923 2731/3079/923 2737/3085/923
f 2730/3078/924 2735/3083/924 2728/3076/924 2734/3082/924 2731/3079/924 2732/3080/924 2729/3077/924
f 2745/3093/925 2751/3099/925 2761/3109/925 2762/3110/925 2754/3102/925
f 2758/3106/926 2762/3110/926 2761/3109/926 2757/3105/926
f 2760/3108/927 2758/3106/927 2757/3105/927 2746/3094/927 2753/3101/927 2759/3107/927
f 2756/3104/928 2750/3098/928 2749/3097/928 2755/3103/928
f 2748/3096/929 2753/3101/929 2746/3094/929 2752/3100/929 2749/3097/929 2750/3098/929 2747/3095/929
f 2763/3111/930 2769/3117/930 2779/3127/930 2780/3128/930 2772/3120/930
f 2776/3124/931 2780/3128/931 2779/3127/931 2775/3123/931
f 2778/3126/932 2776/3124/932 2775/3123/932 2764/3112/932 2771/3119/932 2777/3125/932
f 2774/3122/933 2768/3116/933 2767/3115/933 2773/3121/933
f 2766/3114/934 2771/3119/934 2764/3112/934 2770/3118/934 2767/3115/934 2768/3116/934 2765/3113/934
f 2781/3129/935 2787/3135/935 2797/3145/935 2798/3146/935 2790/3138/935
f 2794/3142/936 2798/3146/936 2797/3145/936 2793/3141/936
f 2796/3144/937 2794/3142/937 2793/3141/937 2782/3130/937 2789/3137/937 2795/3143/937
f 2792/3140/938 2786/3134/938 2785/3133/938 2791/3139/938
f 2784/3132/939 2789/3137/939 2782/3130/939 2788/3136/939 2785/3133/939 2786/3134/939 2783/3131/939
f 2799/3147/940 2805/3153/940 2815/3163/940 2816/3164/940 2808/3156/940
f 2812/3160/941 2816/3164/941 2815/3163/941 2811/3159/941
f 2814/3162/942 2812/3160/942 2811/3159/942 2800/3148/942 2807/3155/942 2813/3161/942
f 2810/3158/943 2804/3152/943 2803/3151/943 2809/3157/943
f 2802/3150/944 2807/3155/944 2800/3148/944 2806/3154/944 2803/3151/944 2804/3152/944 2801/3149/944
f 2817/3165/945 2823/3171/945 2833/3181/945 2834/3182/945 2826/3174/945
f 2830/3178/946 2834/3182/946 2833/3181/946 2829/3177/946
f 2832/3180/947 2830/3178/947 2829/3177/947 2818/3166/947 2825/3173/947 2831/3179/947
f 2828/3176/948 2822/3170/948 2821/3169/948 2827/3175/948
f 2820/3168/949 2825/3173/949 2818/3166/949 2824/3172/949 2821/3169/949 2822/3170/949 2819/3167/949
f 2835/3183/950 2841/3189/950 2851/3199/950 2852/3200/950 2844/3192/950
f 2848/3196/951 2852/3200/951 2851/3199/951 2847/3195/951
f 2850/3198/952 2848/3196/952 2847/3195/952 2836/3184/952 2843/3191/952 2849/3197/952
f 2846/3194/953 2840/3188/953 2839/3187/953 2845/3193/953
f 2838/3186/954 2843/3191/954 2836/3184/954 2842/3190/954 2839/3187/954 2840/3188/954 2837/3185/954
f 2853/3201/955 2859/3207/955 2869/3217/955 2870/3218/955 2862/3210/955
f 2866/3214/956 2870/3218/956 2869/3217/956 2865/3213/956
f 2868/3216/957 2866/3214/957 2865/3213/957 2854/3202/957 2861/3209/957 2867/3215/957
f 2864/3212/958 2858/3206/958 2857/3205/958 2863/3211/958
f 2856/3204/959 2861/3209/959 2854/3202/959 2860/3208/959 2857/3205/959 2858/3206/959 2855/3203/959
f 2871/3219/960 2877/3225/960 2887/3235/960 2888/3236/960 2880/3228/960
f 2884/3232/961 2888/3236/961 2887/3235/961 2883/3231/961
f 2886/3234/962 2884/3232/962 2883/3231/962 2872/3220/962 2879/3227/962 2885/3233/962
f 2882/3230/963 2876/3224/963 2875/3223/963 2881/3229/963
f 2874/3222/964 2879/3227/964 2872/3220/964 2878/3226/964 2875/3223/964 2876/3224/964 2873/3221/964
f 2889/3237/965 2895/3243/965 2905/3253/965 2906/3254/965 2898/3246/965
f 2902/3250/966 2906/3254/966 2905/3253/966 2901/3249/966
f 2904/3252/967 2902/3250/967 2901/3249/967 2890/3238/967 2897/3245/967 2903/3251/967
f 2900/3248/968 2894/3242/968 2893/3241/968 2899/3247/968
f 2892/3240/969 2897/3245/969 2890/3238/969 2896/3244/969 2893/3241/969 2894/3242/969 2891/3239/969
f 2907/3255/970 2913/3261/970 2923/3271/970 2924/3272/970 2916/3264/970
f 2920/3268/971 2924/3272/971 2923/3271/971 2919/3267/971
f 2922/3270/972 2920/3268/972 2919/3267/972 2908/3256/972 2915/3263/972 2921/3269/972
f 2918/3266/973 2912/3260/973 2911/3259/973 2917/3265/973
f 2910/3258/974 2915/3263/974 2908/3256/974 2914/3262/974 2911/3259/974 2912/3260/974 2909/3257/974
